<game_object tsid="LHV2547JP9B2AG0" ts="1364242154479" label="Baddam Haddam" class_tsid="town" hubid="101" moteid="9" letime="3g8f1ff2" rbtime="2b9pj7ag" upd_gs="gs6" load_time="2013-03-25 12:59:02.000">
	<object id="dynamic">
		<object id="loading_image">
			<str id="url">streets/2012-08-30/LHV2547JP9B2AG0_loading_1346350053.jpg</str>
			<int id="w">840</int>
			<int id="h">160</int>
		</object>
		<object id="image">
			<str id="url">streets/2012-08-30/LHV2547JP9B2AG0_main_1346350055.jpg</str>
			<int id="w">720</int>
			<int id="h">216</int>
		</object>
		<object id="jobs">
			<object id="685">
				<object id="street_info">
					<int id="type">1</int>
					<int id="is_hidden">0</int>
					<str id="title_override">Build Baddam Haddam In Aranna</str>
					<str id="desc_override">Expand Aranna by building a new street, Baddam Haddam.</str>
					<object id="connecting_streets">
						<str id="0">LHVPJPLE4TA27LD</str>
					</object>
				</object>
				<object id="class_ids">
					<object id="job_street_ph1_02">
						<int id="in_order">1</int>
						<int id="delay_seconds">0</int>
						<str id="delay_text"></str>
						<str id="label">Lay the Turf</str>
						<str id="class_id">job_street_ph1_02</str>
						<undefined id="instance"/>
					</object>
					<object id="job_street_ph2_03">
						<int id="in_order">2</int>
						<int id="delay_seconds">1200</int>
						<str id="delay_text"></str>
						<str id="label">Backyard BBQ</str>
						<undefined id="instance"/>
					</object>
					<object id="job_street_ph3_05">
						<int id="in_order">3</int>
						<int id="delay_seconds">1200</int>
						<str id="delay_text"></str>
						<str id="label">Schmooze</str>
						<undefined id="instance"/>
					</object>
					<object id="job_street_ph4_01">
						<int id="in_order">4</int>
						<int id="delay_seconds">1200</int>
						<str id="delay_text"></str>
						<str id="label">Complete the Task</str>
						<undefined id="instance"/>
					</object>
				</object>
			</object>
			<object id="686">
				<object id="class_ids">
					<object id="job_street_ph5_04">
						<int id="in_order">1</int>
						<int id="delay_seconds">0</int>
						<str id="delay_text"></str>
						<str id="label">Sam's Breakfast</str>
						<objref id="instance" tsid="QHV42N1OMKB2NH8"/>
						<str id="class_id">job_street_ph5_04</str>
					</object>
					<object id="job_street_ph2_07">
						<int id="in_order">2</int>
						<int id="delay_seconds">1200</int>
						<str id="delay_text"></str>
						<str id="label">Party On</str>
						<objref id="instance" tsid="QDOUQVCQM2I2H4D"/>
						<str id="class_id">job_street_ph2_07</str>
					</object>
					<object id="job_street_ph3_01c">
						<int id="in_order">3</int>
						<int id="delay_seconds">1200</int>
						<str id="delay_text"></str>
						<str id="label">Feed the Crew</str>
						<objref id="instance" tsid="QDOC6QOBO2I2L9O"/>
						<str id="class_id">job_street_ph3_01c</str>
					</object>
					<object id="job_street_ph4_06">
						<int id="in_order">4</int>
						<int id="delay_seconds">1200</int>
						<str id="delay_text"></str>
						<str id="label">Fat of the Land</str>
						<objref id="instance" tsid="QDOLVEQOP2I234N"/>
						<str id="class_id">job_street_ph4_06</str>
					</object>
				</object>
				<object id="street_info">
					<int id="type">2</int>
					<int id="is_hidden">0</int>
					<str id="title_override">Build Chavila Checker In Aranna</str>
					<str id="desc_override">Expand Aranna by building a new street, Chavila Checker.</str>
					<str id="completion_email">justin.prostebby@gmail.com,myles@mylesgrant.com</str>
					<str id="target_street">LHVLG51LV6B22AO</str>
				</object>
			</object>
		</object>
		<bool id="jobs_is_locked">false</bool>
		<object id="delayed_sounds">
		</object>
		<object id="action_requests">
		</object>
		<object id="keys">
		</object>
		<object id="rook_status">
			<bool id="rooked">false</bool>
		</object>
		<object id="qurazy">
		</object>
		<object id="stun_orbs">
		</object>
		<object id="incantations">
			<object id="PHFHJABVNUC285L">
				<int id="step">1</int>
				<int id="ts">1350436701</int>
			</object>
			<object id="PHFUA8HSGCD2A56">
				<int id="step">2</int>
				<int id="ts">1350436725</int>
			</object>
			<object id="PHF248O600D2SNR">
				<int id="step">3</int>
				<int id="ts">1350436736</int>
			</object>
			<object id="PUVFVM8KG9B37F0">
				<int id="step">1</int>
				<int id="ts">1350436750</int>
			</object>
			<object id="PUV7PU7B5JH2OP2">
				<int id="step">2</int>
				<int id="ts">1350436753</int>
			</object>
			<object id="PUVEGG4T2FG2UCD">
				<int id="step">3</int>
				<int id="ts">1350436756</int>
			</object>
			<object id="PUVKGJVVG583EPM">
				<int id="step">1</int>
				<int id="ts">1350437122</int>
			</object>
			<object id="PUVTARTIND830E8">
				<int id="step">1</int>
				<int id="ts">1350438180</int>
			</object>
			<object id="PHV3EC8AOK42KO4">
				<int id="step">2</int>
				<int id="ts">1350438183</int>
			</object>
			<object id="PCR101KU5UP1EAG">
				<int id="step">3</int>
				<int id="ts">1350438185</int>
			</object>
			<object id="PUVV29S6K5D2DHG">
				<int id="step">1</int>
				<int id="ts">1350438758</int>
			</object>
			<object id="PUVIS05FIIA3SBO">
				<int id="step">1</int>
				<int id="ts">1350438886</int>
			</object>
			<object id="PHVK2FSFOT22C3I">
				<int id="step">2</int>
				<int id="ts">1350438891</int>
			</object>
			<object id="PHFTTVBJQ2D2PP8">
				<int id="step">3</int>
				<int id="ts">1350438893</int>
			</object>
			<object id="PUVBS7F720G25LP">
				<int id="step">1</int>
				<int id="ts">1350439216</int>
			</object>
			<object id="PUVFH6OPFTF2LF6">
				<int id="step">2</int>
				<int id="ts">1350439220</int>
			</object>
			<object id="PCRLR85EFDV1F9B">
				<int id="step">1</int>
				<int id="ts">1350439676</int>
			</object>
			<object id="PHVR7F201F72EUM">
				<int id="step">2</int>
				<int id="ts">1350439679</int>
			</object>
			<object id="PHFV3DRAV0D23TB">
				<int id="step">3</int>
				<int id="ts">1350439680</int>
			</object>
			<object id="PIFCN0H01L638B9">
				<int id="step">1</int>
				<int id="ts">1350440144</int>
			</object>
			<object id="PUVQ9CP8K9G2F2M">
				<int id="step">1</int>
				<int id="ts">1350440805</int>
			</object>
			<object id="PUVFJPCQI7D2ISD">
				<int id="step">1</int>
				<int id="ts">1350440978</int>
			</object>
			<object id="PUV3EGIE8GG2CSM">
				<int id="step">2</int>
				<int id="ts">1350440988</int>
			</object>
			<object id="PUVBBEV6LP735IR">
				<int id="step">3</int>
				<int id="ts">1350440990</int>
			</object>
			<object id="PUVS27VFH8K2F38">
				<int id="step">1</int>
				<int id="ts">1350441268</int>
			</object>
			<object id="PHVGU6I056A2DL9">
				<int id="step">2</int>
				<int id="ts">1350441274</int>
			</object>
			<object id="PHVR4QIMCOA205O">
				<int id="step">3</int>
				<int id="ts">1350441277</int>
			</object>
			<object id="PUVH4JOK59G2BM3">
				<int id="step">1</int>
				<int id="ts">1350441686</int>
			</object>
			<object id="PUVHR6OPKF83A1H">
				<int id="step">1</int>
				<int id="ts">1350444235</int>
			</object>
			<object id="PUV3G7UGUF933VH">
				<int id="step">2</int>
				<int id="ts">1350444238</int>
			</object>
			<object id="PHFFIBQRICD28H9">
				<int id="step">1</int>
				<int id="ts">1350444843</int>
			</object>
			<object id="PIF9KNSPVL53BF3">
				<int id="step">2</int>
				<int id="ts">1350444852</int>
			</object>
			<object id="PHVP4B1U0H22UNL">
				<int id="step">1</int>
				<int id="ts">1350445735</int>
			</object>
			<object id="PHFPRQPJJ2D2NKI">
				<int id="step">2</int>
				<int id="ts">1350445736</int>
			</object>
			<object id="PHFIPVH38TC2PIV">
				<int id="step">3</int>
				<int id="ts">1350445738</int>
			</object>
			<object id="PM120IAKPK123LN">
				<int id="step">1</int>
				<int id="ts">1350449416</int>
			</object>
			<object id="PIF14GJO15D1P84">
				<int id="step">2</int>
				<int id="ts">1350449423</int>
			</object>
			<object id="PHFSE0A9D4D2NDB">
				<int id="step">3</int>
				<int id="ts">1350449424</int>
			</object>
			<object id="PUVNJCEML7P2ES0">
				<int id="step">1</int>
				<int id="ts">1350450624</int>
			</object>
			<object id="PDOD9O86IKT26I0">
				<int id="step">2</int>
				<int id="ts">1350450625</int>
			</object>
			<object id="PUV3JOQHDGB322T">
				<int id="step">3</int>
				<int id="ts">1350450627</int>
			</object>
			<object id="PHF2VPV503D26FE">
				<int id="step">1</int>
				<int id="ts">1350455358</int>
			</object>
			<object id="PUVA6OS08S832L9">
				<int id="step">2</int>
				<int id="ts">1350455360</int>
			</object>
			<object id="PUVICMAK8SJ2MAS">
				<int id="step">3</int>
				<int id="ts">1350455363</int>
			</object>
			<object id="PUVBAM0LIB93AG2">
				<int id="step">1</int>
				<int id="ts">1350464020</int>
			</object>
			<object id="PA9U3JQ0CTD2448">
				<int id="step">1</int>
				<int id="ts">1350465509</int>
			</object>
			<object id="PUV1MMBMKSP21M5">
				<int id="step">1</int>
				<int id="ts">1350470007</int>
			</object>
			<object id="PIF1AB3PVG63M4B">
				<int id="step">2</int>
				<int id="ts">1350470012</int>
			</object>
			<object id="PUV2O7J6I9D207V">
				<int id="step">3</int>
				<int id="ts">1350471186</int>
			</object>
			<object id="PHF9L3JP5BD2R6D">
				<int id="step">1</int>
				<int id="ts">1350475088</int>
			</object>
			<object id="PUV78NOA0G73MM9">
				<int id="step">2</int>
				<int id="ts">1350475092</int>
			</object>
			<object id="PA9QA8RBRPD22NK">
				<int id="step">1</int>
				<int id="ts">1350475116</int>
			</object>
			<object id="PUVS00IIIJ932CP">
				<int id="step">1</int>
				<int id="ts">1350475285</int>
			</object>
			<object id="PUV60RVAK793N39">
				<int id="step">2</int>
				<int id="ts">1350475287</int>
			</object>
			<object id="PA9K8H9L9RD2ISS">
				<int id="step">1</int>
				<int id="ts">1350477688</int>
			</object>
			<object id="PUVQDRLM9NB31K0">
				<int id="step">2</int>
				<int id="ts">1350478048</int>
			</object>
			<object id="PUV333V527D2942">
				<int id="step">1</int>
				<int id="ts">1350478684</int>
			</object>
			<object id="PUV766GM4TE2A3Q">
				<int id="step">1</int>
				<int id="ts">1350483264</int>
			</object>
			<object id="PUVPTF7N2DG203S">
				<int id="step">2</int>
				<int id="ts">1350483266</int>
			</object>
			<object id="PHFU9TB1JVC2JE6">
				<int id="step">3</int>
				<int id="ts">1350483267</int>
			</object>
			<object id="PHFL7P0N83D2P1R">
				<int id="step">1</int>
				<int id="ts">1350484776</int>
			</object>
			<object id="PA9VHKNCKQD2LUN">
				<int id="step">2</int>
				<int id="ts">1350484777</int>
			</object>
			<object id="PHF7GOMJS1D24NC">
				<int id="step">3</int>
				<int id="ts">1350484778</int>
			</object>
			<object id="PHFLM7KOU2D24PL">
				<int id="step">1</int>
				<int id="ts">1350485166</int>
			</object>
			<object id="PUVJGMGHIIA388B">
				<int id="step">2</int>
				<int id="ts">1350485168</int>
			</object>
			<object id="PHFVN17DD0D2G3V">
				<int id="step">3</int>
				<int id="ts">1350485177</int>
			</object>
			<object id="PUVBTTFKSVE2QNB">
				<int id="step">1</int>
				<int id="ts">1350485592</int>
			</object>
			<object id="PUV70B01CBG27J4">
				<int id="step">2</int>
				<int id="ts">1350486107</int>
			</object>
			<object id="PUVR92GN0HG2582">
				<int id="step">1</int>
				<int id="ts">1350491919</int>
			</object>
			<object id="PHV4GARNOH829R0">
				<int id="step">2</int>
				<int id="ts">1350491920</int>
			</object>
			<object id="PHFQ8BJAR0D28JI">
				<int id="step">3</int>
				<int id="ts">1350491922</int>
			</object>
			<object id="PUVVI4BTHBJ28F1">
				<int id="step">1</int>
				<int id="ts">1350491954</int>
			</object>
			<object id="PCRFESLEKNS1FHH">
				<int id="step">2</int>
				<int id="ts">1350494569</int>
			</object>
			<object id="PUVR1R7KV9F2EQ9">
				<int id="step">1</int>
				<int id="ts">1350494721</int>
			</object>
			<object id="PHFVCCQDR3D2FIQ">
				<int id="step">2</int>
				<int id="ts">1350494885</int>
			</object>
			<object id="PUVJFL92V8H27T1">
				<int id="step">1</int>
				<int id="ts">1350497306</int>
			</object>
			<object id="PUVNTKGK1Q73OM0">
				<int id="step">2</int>
				<int id="ts">1350497369</int>
			</object>
			<object id="PCRFLA5IKNS19P1">
				<int id="step">1</int>
				<int id="ts">1350499686</int>
			</object>
			<object id="PCRF91L4KNS1SSI">
				<int id="step">2</int>
				<int id="ts">1350499714</int>
			</object>
			<object id="PCR44OG2AUT12IH">
				<int id="step">3</int>
				<int id="ts">1350499716</int>
			</object>
			<object id="PA9J5LA451E2LSE">
				<int id="step">1</int>
				<int id="ts">1350499735</int>
			</object>
			<object id="PHFKGTOEK4D24VC">
				<int id="step">2</int>
				<int id="ts">1350500404</int>
			</object>
			<object id="PUV2831ETFB3LS5">
				<int id="step">1</int>
				<int id="ts">1350503158</int>
			</object>
			<object id="PUVT5TK2G6D28QU">
				<int id="step">2</int>
				<int id="ts">1350504528</int>
			</object>
			<object id="PA96VLS6MHD2272">
				<int id="step">1</int>
				<int id="ts">1350504623</int>
			</object>
			<object id="PA9A2VTBRID23MT">
				<int id="step">2</int>
				<int id="ts">1350504627</int>
			</object>
			<object id="PHFBJB377AD29TL">
				<int id="step">1</int>
				<int id="ts">1350507534</int>
			</object>
			<object id="PHV5G682DP82HK9">
				<int id="step">2</int>
				<int id="ts">1350507918</int>
			</object>
			<object id="PUVP6M2EH9G2Q22">
				<int id="step">1</int>
				<int id="ts">1350510841</int>
			</object>
			<object id="PHF20O01HRC21FP">
				<int id="step">2</int>
				<int id="ts">1350511337</int>
			</object>
			<object id="PHVV591MRV524E4">
				<int id="step">1</int>
				<int id="ts">1350511820</int>
			</object>
			<object id="PA9MO59D5CI2BG6">
				<int id="step">2</int>
				<int id="ts">1350511822</int>
			</object>
			<object id="PUVG6BCRFA93SGL">
				<int id="step">3</int>
				<int id="ts">1350511823</int>
			</object>
			<object id="PHF5COK3N4D2VS4">
				<int id="step">1</int>
				<int id="ts">1350511909</int>
			</object>
			<object id="PHVCP3261Q62SK4">
				<int id="step">1</int>
				<int id="ts">1350512137</int>
			</object>
			<object id="PHV2N3G3AF825OC">
				<int id="step">1</int>
				<int id="ts">1350513144</int>
			</object>
			<object id="PHVPD72CABA2UCJ">
				<int id="step">2</int>
				<int id="ts">1350513151</int>
			</object>
			<object id="PUVHPAD7L5N292B">
				<int id="step">1</int>
				<int id="ts">1350513162</int>
			</object>
			<object id="PUV7281593F2747">
				<int id="step">2</int>
				<int id="ts">1350513521</int>
			</object>
			<object id="PUV9Q6DO08B38DG">
				<int id="step">1</int>
				<int id="ts">1350514023</int>
			</object>
			<object id="PHFIQ1AVKDD26I0">
				<int id="step">2</int>
				<int id="ts">1350515277</int>
			</object>
			<object id="PHVGI4R40M32RKM">
				<int id="step">1</int>
				<int id="ts">1350516445</int>
			</object>
			<object id="PUVKQV9012S2MRQ">
				<int id="step">2</int>
				<int id="ts">1350516447</int>
			</object>
			<object id="PCRHA593D1N1EB3">
				<int id="step">3</int>
				<int id="ts">1350516453</int>
			</object>
			<object id="PHVPITMAV5A2J16">
				<int id="step">1</int>
				<int id="ts">1350517894</int>
			</object>
			<object id="PHFIS28II2D239P">
				<int id="step">1</int>
				<int id="ts">1350518607</int>
			</object>
			<object id="PUVPOBK0AB83DS9">
				<int id="step">1</int>
				<int id="ts">1350519498</int>
			</object>
			<object id="PA94QJT5JRD2AVC">
				<int id="step">2</int>
				<int id="ts">1350519508</int>
			</object>
			<object id="PUVLFPT60BB3COT">
				<int id="step">1</int>
				<int id="ts">1350519740</int>
			</object>
			<object id="PUVTNI1FJH93NPE">
				<int id="step">2</int>
				<int id="ts">1350520048</int>
			</object>
			<object id="PIFB597LSS530B1">
				<int id="step">1</int>
				<int id="ts">1350521184</int>
			</object>
			<object id="PUV75ALLPC73KC7">
				<int id="step">1</int>
				<int id="ts">1350521301</int>
			</object>
			<object id="PHVK2DAAO8520EA">
				<int id="step">1</int>
				<int id="ts">1350521708</int>
			</object>
			<object id="PUVTKEDO69G2IAT">
				<int id="step">1</int>
				<int id="ts">1354914769</int>
			</object>
			<object id="PUVRL3OSO7G2VV4">
				<int id="step">1</int>
				<int id="ts">1354916000</int>
			</object>
			<object id="PUVDS4F1CF9341U">
				<int id="step">2</int>
				<int id="ts">1354916008</int>
			</object>
			<object id="PUV5EVLD0KF2669">
				<int id="step">3</int>
				<int id="ts">1354916010</int>
			</object>
		</object>
		<object id="emotes">
			<object id="25-05-26">
				<int id="PUV6QB9A35C31SG">1351271409</int>
				<int id="PUVB4SK008C3T10">1351278778</int>
			</object>
			<object id="25-05-28">
				<int id="PUVIQOV3M7C310S">1351308213</int>
				<int id="PUVR9FHS67C3L15">1351308575</int>
				<int id="PUV4ULAPHA93GIE">1351308597</int>
				<int id="PUVH3D6VKFC37GA">1351311304</int>
				<int id="PHV3J76JGS62RF5">1351311312</int>
				<int id="PUV3DHDB17C3TLI">1351313487</int>
			</object>
			<object id="25-05-32">
			</object>
			<object id="25-05-33">
			</object>
			<object id="25-05-34">
			</object>
			<object id="25-05-35">
			</object>
			<object id="25-05-36">
			</object>
			<object id="25-05-37">
			</object>
			<object id="25-05-38">
			</object>
		</object>
		<object id="streaking_increments">
			<object id="25-07-08">
				<int id="PUV8J9VQQEE2T4G">1352340127</int>
				<int id="PUVDH4K9KUA3FQK">1352341020</int>
				<int id="PUVQAO8CCBF27MN">1352345538</int>
				<int id="PHF43603F4D2I2C">1352346010</int>
				<int id="PHV2N3G3AF825OC">1352347734</int>
				<int id="PA98AROJU1E2S2H">1352348626</int>
				<int id="PUVIGNDPK9C36T1">1352350585</int>
			</object>
			<object id="25-07-09">
				<int id="PHFJVIL04RC2ULD">1352352296</int>
				<int id="PHFLI70OU2D2ISM">1352352346</int>
				<int id="PUVO7EKBSC93K41">1352352389</int>
				<int id="PIFLC6T4UK63AKI">1352352798</int>
				<int id="PHV710OBJG228NP">1352354695</int>
				<int id="PUVO4N44CSH2DK8">1352355825</int>
				<int id="PUVESKN2TOB3RES">1352357092</int>
				<int id="PUVUBPJHDUC3HI1">1352359304</int>
				<int id="PUVSLPFE06D2FMT">1352361693</int>
				<int id="PA9DNN7MF4E2AAV">1352363888</int>
			</object>
			<object id="25-07-10">
				<int id="PUVA1FM2DPC342S">1352373175</int>
				<int id="PCRG4AJDLNS1TTP">1352377801</int>
				<int id="PUVS76IBB0S2R71">1352378401</int>
			</object>
			<object id="25-07-11">
				<int id="PUV3CGL4G4S2MEE">1352384384</int>
				<int id="PUVOE87F02K2IIO">1352386939</int>
				<int id="PHFRJ945A3D2FMO">1352388420</int>
				<int id="PHV710OBJG228NP">1352389481</int>
				<int id="PUVAC4AFMDE2HDT">1352389860</int>
				<int id="PIF4BNN19J63S5I">1352390700</int>
			</object>
			<object id="25-07-12">
				<int id="PUV3ICHODBM2GKL">1352396886</int>
				<int id="PUV811HCEAD38PB">1352397203</int>
				<int id="PDO2V71MMAR2SER">1352401761</int>
				<int id="PUVEMU3GIGC399D">1352403775</int>
				<int id="PCRE77SPB0U14V3">1352404310</int>
				<int id="PUVOQVJ074A3F6S">1352407187</int>
				<int id="PUVS0VLJ9G93E96">1352407328</int>
			</object>
			<object id="25-07-13">
				<int id="PUVS75E9OBH2Q6G">1352412628</int>
				<int id="PUVJU69IKJC3BOE">1352414614</int>
				<int id="PUV15KDOAK930M3">1352415505</int>
				<int id="PUVT68K8L9D2VF4">1352415780</int>
				<int id="PUVDMUQLO6A3LJE">1352420209</int>
			</object>
			<object id="25-08-01">
				<int id="PUV68HKCS3A3DHC">1352422886</int>
				<int id="PUVS6DR6CH93K1F">1352431814</int>
			</object>
			<object id="25-08-07">
				<int id="PUVVH9M65UC3908">1352510071</int>
				<int id="PCRG4CKFC1N15DH">1352510178</int>
			</object>
			<object id="25-08-10">
				<int id="PUVTT1QIGM93UJS">1352563228</int>
			</object>
			<object id="25-10-22">
				<int id="PHFGIBN0F3D2R8O">1353330510</int>
			</object>
		</object>
		<object id="hi_sign_evasion_record_history">
			<object id="version_9">
				<str id="pc_tsid">PUV5SMGPEHG2DP8</str>
				<str id="pc_label">Meghan</str>
				<int id="secs">20</int>
				<int id="when">1352352689</int>
				<int id="version">9</int>
				<str id="day_key">25-07-09</str>
			</object>
		</object>
		<object id="hi_sign_daily_evasion_record">
			<str id="pc_tsid">PUVBGE8F1H93B38</str>
			<str id="pc_label">Top Cat</str>
			<int id="secs">10</int>
			<int id="when">1353411569</int>
			<int id="version">10</int>
			<str id="day_key">25-10-27</str>
		</object>
		<object id="hi_sign_evasion_record">
			<str id="pc_tsid">PUVBGE8F1H93B38</str>
			<str id="pc_label">Top Cat</str>
			<int id="secs">10</int>
			<int id="when">1353411569</int>
			<int id="version">10</int>
			<str id="day_key">25-10-27</str>
		</object>
		<object id="incantations_redux">
			<object id="PUVQEFLSU9C3SN2">
				<int id="step">1</int>
				<int id="ts">1354919464</int>
			</object>
			<object id="PUV9Q32E3EE20IA">
				<int id="step">1</int>
				<int id="ts">1354919616</int>
			</object>
			<object id="PUVUTSGV5JB37FB">
				<int id="step">2</int>
				<int id="ts">1354919618</int>
			</object>
			<object id="PUVOS88N9N9342Q">
				<int id="step">3</int>
				<int id="ts">1354919619</int>
			</object>
			<object id="PCRAFRDJFUT1PGB">
				<int id="step">1</int>
				<int id="ts">1354922130</int>
			</object>
			<object id="PUVLEOJADLC3GC8">
				<int id="step">1</int>
				<int id="ts">1354922738</int>
			</object>
			<object id="PUVFDCV0HFC32U7">
				<int id="step">2</int>
				<int id="ts">1354922739</int>
			</object>
			<object id="PUVH597T7DC32E1">
				<int id="step">3</int>
				<int id="ts">1354922740</int>
			</object>
			<object id="PA9UNV5QH7E2B0P">
				<int id="step">1</int>
				<int id="ts">1354924721</int>
			</object>
			<object id="PA9R43RJ84E2EKB">
				<int id="step">2</int>
				<int id="ts">1354924723</int>
			</object>
			<object id="PA9PV1PN67E24FQ">
				<int id="step">3</int>
				<int id="ts">1354924724</int>
			</object>
			<object id="PUV4628EBPC3I5E">
				<int id="step">1</int>
				<int id="ts">1354926024</int>
			</object>
			<object id="PUVFNR598OD3VBH">
				<int id="step">1</int>
				<int id="ts">1354928328</int>
			</object>
			<object id="PUVE1NGB27C36PP">
				<int id="step">2</int>
				<int id="ts">1354928332</int>
			</object>
			<object id="PUVDP005IKG2P8J">
				<int id="step">1</int>
				<int id="ts">1354928859</int>
			</object>
			<object id="PUVE28P1PVC3AM7">
				<int id="step">1</int>
				<int id="ts">1354931393</int>
			</object>
			<object id="PA9SGIV1AUD2PNL">
				<int id="step">2</int>
				<int id="ts">1354935302</int>
			</object>
			<object id="PHFINSK9JCD29H5">
				<int id="step">1</int>
				<int id="ts">1354935480</int>
			</object>
			<object id="PUVF5CIS8UE2209">
				<int id="step">1</int>
				<int id="ts">1354939041</int>
			</object>
			<object id="PHF624MH10D2RFE">
				<int id="step">2</int>
				<int id="ts">1354939042</int>
			</object>
			<object id="PUV5FLF16L935CN">
				<int id="step">3</int>
				<int id="ts">1354939054</int>
			</object>
			<object id="PUVNQ08H15C3F2V">
				<int id="step">1</int>
				<int id="ts">1354947607</int>
			</object>
			<object id="PUV2ODULF5D2C2F">
				<int id="step">2</int>
				<int id="ts">1354947610</int>
			</object>
			<object id="PUVHKHKSFDC3H9E">
				<int id="step">3</int>
				<int id="ts">1354947612</int>
			</object>
			<object id="PUV1C9DM7JE2KRJ">
				<int id="step">1</int>
				<int id="ts">1354948944</int>
			</object>
			<object id="PHVP4B1U0H22UNL">
				<int id="step">2</int>
				<int id="ts">1354948945</int>
			</object>
			<object id="PUVA78KTF4G24IA">
				<int id="step">3</int>
				<int id="ts">1354948953</int>
			</object>
			<object id="PA97PHPM54E2M0U">
				<int id="step">1</int>
				<int id="ts">1354952623</int>
			</object>
			<object id="PA9VHKNCKQD2LUN">
				<int id="step">2</int>
				<int id="ts">1354952632</int>
			</object>
			<object id="PUVKMVKGUCG2PM3">
				<int id="step">3</int>
				<int id="ts">1354952633</int>
			</object>
			<object id="PUVKMJQUODB3L7T">
				<int id="step">1</int>
				<int id="ts">1354967138</int>
			</object>
			<object id="PUVJGMGHIIA388B">
				<int id="step">1</int>
				<int id="ts">1354990348</int>
			</object>
			<object id="PIF16S80DT53O2K">
				<int id="step">2</int>
				<int id="ts">1354990349</int>
			</object>
			<object id="PA95UHHMLID28OO">
				<int id="step">3</int>
				<int id="ts">1354990353</int>
			</object>
			<object id="PUVIB6F3R6D28O1">
				<int id="step">1</int>
				<int id="ts">1354992305</int>
			</object>
			<object id="PUVGMGQU96830RT">
				<int id="step">1</int>
				<int id="ts">1354994467</int>
			</object>
			<object id="PUV9M5CKV0A39KV">
				<int id="step">2</int>
				<int id="ts">1354994469</int>
			</object>
			<object id="PUVHT82E1AP2E7H">
				<int id="step">3</int>
				<int id="ts">1354994495</int>
			</object>
			<object id="PHFTE76HQ4D2CLU">
				<int id="step">1</int>
				<int id="ts">1354997158</int>
			</object>
			<object id="PUVOV284NNA3T07">
				<int id="step">2</int>
				<int id="ts">1354999399</int>
			</object>
			<object id="PHF5FVO3LVC2Q4N">
				<int id="step">3</int>
				<int id="ts">1354999415</int>
			</object>
			<object id="PUV8MFVV7VB36E0">
				<int id="step">1</int>
				<int id="ts">1354999628</int>
			</object>
		</object>
		<int id="incantations_redux_step">1</int>
	</object>
	<objrefs id="items">
		<objref tsid="IHV5VSBE3AB2OMJ" label="Quoin"/>
		<objref tsid="IHV6CH5H3AB2GE7" label="Quoin"/>
		<objref tsid="IHV5OMBC3AB2U4U" label="Quoin"/>
		<objref tsid="IHV76LGO3AB27FL" label="Quoin"/>
		<objref tsid="IDOA8RBHDJE3B0E" label="Fruit Tree"/>
		<objref tsid="IHV5MLLB3AB2UVO" label="Quoin"/>
		<objref tsid="IDOG50109GQ2UGN" label="Qurazy marker"/>
		<objref tsid="IA9VOB57U2G32HS" label="Wood Tree"/>
		<objref tsid="IHV6FA4I3AB2BG9" label="Quoin"/>
		<objref tsid="IHV660MF3AB2DOM" label="Quoin"/>
		<objref tsid="IDO9NMKVCJE3TV3" label="Fruit Tree"/>
		<objref tsid="IHV6303F3AB2UBS" label="Quoin"/>
		<objref tsid="IHV42IAS2AB2R4V" label="Shrine to Alph"/>
		<objref tsid="IHV60JFE3AB25L2" label="Quoin"/>
		<objref tsid="IHV5NASB3AB2DVS" label="Quoin"/>
		<objref tsid="IHV446QS2AB2KE6" label="Street Spirit"/>
		<objref tsid="IHVRHODNF1836KJ" label="Visiting Stone"/>
		<objref tsid="IHV670SF3AB2SV0" label="Quoin"/>
		<objref tsid="IHV5NL0C3AB2CCB" label="Quoin"/>
		<objref tsid="IA9TRP48F8G3C16" label="Bubble Tree"/>
		<objref tsid="IHVARRJS4AB2O5R" label="Mailbox"/>
		<objref tsid="IHV658HF3AB2FIE" label="Quoin"/>
		<objref tsid="IHV6KAHJ3AB27SV" label="Quoin"/>
		<objref tsid="IHV77KPO3AB26P3" label="Quoin"/>
		<objref tsid="IHV6LSUJ3AB21J4" label="Quoin"/>
		<objref tsid="IHV5QATC3AB2CES" label="Quoin"/>
		<objref tsid="IDO9VRS7DJE3JNU" label="Fruit Tree"/>
		<objref tsid="IHV5VA8E3AB286F" label="Quoin"/>
		<objref tsid="IHV799HP3AB29MN" label="Quoin"/>
		<objref tsid="IHV69BGG3AB26M1" label="Quoin"/>
	</objrefs>
	<objrefs id="players">
		<objref tsid="PHV8A9K0LM72MT2" label="Parrow Gnolle"/>
		<objref tsid="PUVEQI53JVD3MPC" label="silarial09"/>
		<objref tsid="PUVU6KQ6FSD3328" label="Minishark"/>
		<objref tsid="PHV22O9DCL82HL7" label="Falcana"/>
		<objref tsid="PUV52NDA0MJ2ICL" label="Fleur Delete"/>
		<objref tsid="PUVFRFMTUSD36M9" label="Lou Kall"/>
		<objref tsid="PUV1LBA9MNB3NET" label="glitchtroll"/>
		<objref tsid="PUVPFHB5RF93096" label="mikes7ke"/>
		<objref tsid="PHFEV2A873D2GO8" label="Leekypie"/>
		<objref tsid="PUVLDSN9T8932S8" label="Draigon"/>
		<objref tsid="PHF5OE4JBUC2KV6" label="Seventh Avatar"/>
		<objref tsid="PUVG3K4EQQ639DJ" label="Sumiyoshi"/>
		<objref tsid="PUV6LGDLQ5B36J3" label="Worlds Apart"/>
	</objrefs>
</game_object>
