<game_object tsid="LHV51JE5JC42VP2" ts="1364244494903" label="Arisi Amble" class_tsid="town" hubid="85" moteid="9" letime="3g8fu27d" rbtime="25h9urst" upd_gs="gs6" load_time="2013-03-25 13:37:51.000">
	<object id="dynamic">
		<object id="loading_image">
			<str id="url">streets/2011-07-21/LHV51JE5JC42VP2_loading_1311275124.jpg</str>
			<int id="w">840</int>
			<int id="h">160</int>
		</object>
		<object id="image">
			<str id="url">streets/2011-07-21/LHV51JE5JC42VP2_main_1311275126.jpg</str>
			<int id="w">720</int>
			<int id="h">120</int>
		</object>
		<object id="jobs">
			<object id="382">
				<object id="street_info">
					<int id="type">1</int>
					<int id="is_hidden">0</int>
					<str id="title_override">Build Arisi Amble In Kajuu</str>
					<str id="desc_override">Expand Kajuu by building a new street, Arisi Amble.</str>
					<object id="connecting_streets">
						<str id="0">LHV15B8HEQ32SN0</str>
					</object>
				</object>
				<object id="class_ids">
					<object id="job_street_ph1_07">
						<int id="in_order">1</int>
						<int id="delay_seconds">0</int>
						<str id="delay_text"></str>
						<str id="label">Ready, Set, Action!</str>
						<str id="class_id">job_street_ph1_07</str>
					</object>
					<object id="job_street_ph3_01">
						<int id="in_order">2</int>
						<int id="delay_seconds">1200</int>
						<str id="delay_text"></str>
						<str id="label">Feed the Crew</str>
					</object>
					<object id="job_street_ph3_05">
						<int id="in_order">3</int>
						<int id="delay_seconds">1200</int>
						<str id="delay_text"></str>
						<str id="label">Schmooze and Showcase</str>
					</object>
					<object id="job_street_ph4_03">
						<int id="in_order">4</int>
						<int id="delay_seconds">1200</int>
						<str id="delay_text"></str>
						<str id="label">Finish Up and Rest</str>
					</object>
				</object>
			</object>
			<object id="384">
				<object id="street_info">
					<int id="type">2</int>
					<int id="is_hidden">0</int>
					<str id="title_override">Build Manggal Haste In Kajuu</str>
					<str id="desc_override">Expand Kajuu by building a new street, Manggal Haste.</str>
					<str id="target_street">LHV4U1QMFC42NBP</str>
				</object>
				<object id="class_ids">
					<object id="job_street_ph1_01">
						<int id="in_order">1</int>
						<int id="delay_seconds">0</int>
						<str id="delay_text"></str>
						<str id="label">Dig the Soil</str>
						<str id="class_id">job_street_ph1_01</str>
						<objref id="instance" tsid="QHVBREC8DM52O4H"/>
					</object>
					<object id="job_street_ph3_03">
						<int id="in_order">2</int>
						<int id="delay_seconds">1200</int>
						<str id="delay_text"></str>
						<str id="label">Get Some Sustenance!</str>
						<str id="class_id">job_street_ph3_03</str>
						<objref id="instance" tsid="QHVDTCTNPN52PLG"/>
					</object>
					<object id="job_street_ph4_01">
						<int id="in_order">3</int>
						<int id="delay_seconds">1200</int>
						<str id="delay_text"></str>
						<str id="label">Roll Up the Sleeves</str>
						<str id="class_id">job_street_ph4_01</str>
						<objref id="instance" tsid="QHVOU436SN52S72"/>
					</object>
					<object id="job_street_ph4_02d">
						<int id="in_order">4</int>
						<int id="delay_seconds">1200</int>
						<str id="delay_text"></str>
						<str id="label">Wrap Up the Project</str>
						<str id="class_id">job_street_ph4_02d</str>
						<objref id="instance" tsid="QHVQ028D3O52U8K"/>
					</object>
				</object>
			</object>
			<object id="385">
				<object id="class_ids">
				</object>
			</object>
		</object>
		<bool id="jobs_is_locked">false</bool>
		<object id="action_requests">
		</object>
		<object id="delayed_sounds">
		</object>
		<bool id="jobs_auto_unlock">false</bool>
		<bool id="no_teleportation">false</bool>
		<bool id="disallow_animals">false</bool>
		<bool id="no_rook">true</bool>
		<object id="keys">
		</object>
		<object id="qurazy">
		</object>
		<object id="incantations">
			<object id="PCR4KMJVCAO1OQ7">
				<int id="step">1</int>
				<int id="ts">1350436808</int>
			</object>
			<object id="PUVIB4SDKAF2TF1">
				<int id="step">2</int>
				<int id="ts">1350436809</int>
			</object>
			<object id="PCRD7E1BNAO16J6">
				<int id="step">3</int>
				<int id="ts">1350436810</int>
			</object>
			<object id="PHFFO93F73D202A">
				<int id="step">1</int>
				<int id="ts">1350437174</int>
			</object>
			<object id="PUVFJPCQI7D2ISD">
				<int id="step">1</int>
				<int id="ts">1350438218</int>
			</object>
			<object id="PUVS8FCV0BB3QIN">
				<int id="step">2</int>
				<int id="ts">1350438223</int>
			</object>
			<object id="PUVBBEV6LP735IR">
				<int id="step">3</int>
				<int id="ts">1350438224</int>
			</object>
			<object id="PUV78ANSF3B37J4">
				<int id="step">1</int>
				<int id="ts">1350442277</int>
			</object>
			<object id="PUV5SMGPEHG2DP8">
				<int id="step">1</int>
				<int id="ts">1350442592</int>
			</object>
			<object id="PUV6H82RC8H2CIH">
				<int id="step">2</int>
				<int id="ts">1350442596</int>
			</object>
			<object id="PUV766GM4TE2A3Q">
				<int id="step">3</int>
				<int id="ts">1350442597</int>
			</object>
			<object id="PUVCAD6F9A734MT">
				<int id="step">1</int>
				<int id="ts">1350443853</int>
			</object>
			<object id="PUVPOBK0AB83DS9">
				<int id="step">2</int>
				<int id="ts">1350443855</int>
			</object>
			<object id="PUVNK3MVGOL2UD9">
				<int id="step">3</int>
				<int id="ts">1350443856</int>
			</object>
			<object id="PUVH4JOK59G2BM3">
				<int id="step">1</int>
				<int id="ts">1350443864</int>
			</object>
			<object id="PUVVMO4U93T23J4">
				<int id="step">1</int>
				<int id="ts">1350444461</int>
			</object>
			<object id="PUVOLKHFI6H2R0J">
				<int id="step">2</int>
				<int id="ts">1350444476</int>
			</object>
			<object id="PA9IG1OCQUD2DLT">
				<int id="step">3</int>
				<int id="ts">1350444479</int>
			</object>
			<object id="PUVI4EDKGAJ207T">
				<int id="step">1</int>
				<int id="ts">1350445339</int>
			</object>
			<object id="PHF7GOMJS1D24NC">
				<int id="step">2</int>
				<int id="ts">1350445340</int>
			</object>
			<object id="PUVFUD1UJRE26GD">
				<int id="step">3</int>
				<int id="ts">1350445341</int>
			</object>
			<object id="PUV2EGMNAHS2OQC">
				<int id="step">1</int>
				<int id="ts">1350445714</int>
			</object>
			<object id="PHVERH6QNU621I8">
				<int id="step">1</int>
				<int id="ts">1350446285</int>
			</object>
			<object id="PCR2HLTMPIL11HJ">
				<int id="step">2</int>
				<int id="ts">1350446301</int>
			</object>
			<object id="PA9U3JQ0CTD2448">
				<int id="step">1</int>
				<int id="ts">1350447383</int>
			</object>
			<object id="PUV3EGIE8GG2CSM">
				<int id="step">2</int>
				<int id="ts">1350447384</int>
			</object>
			<object id="PUV4LC37N8D26UP">
				<int id="step">3</int>
				<int id="ts">1350447386</int>
			</object>
			<object id="PUVFH6OPFTF2LF6">
				<int id="step">1</int>
				<int id="ts">1350447782</int>
			</object>
			<object id="PUVGUSBSUSF297H">
				<int id="step">2</int>
				<int id="ts">1350447784</int>
			</object>
			<object id="PUV2PCFUPSF2NBE">
				<int id="step">3</int>
				<int id="ts">1350447786</int>
			</object>
			<object id="PUVMV6ECTHB3JBV">
				<int id="step">1</int>
				<int id="ts">1350448083</int>
			</object>
			<object id="PUVCU9JRQIB3JFI">
				<int id="step">2</int>
				<int id="ts">1350448096</int>
			</object>
			<object id="PIF6LVBP7L53SOB">
				<int id="step">1</int>
				<int id="ts">1350449938</int>
			</object>
			<object id="PIFL0PPUT663NPS">
				<int id="step">2</int>
				<int id="ts">1350449944</int>
			</object>
			<object id="PHF6EM6551D2OGQ">
				<int id="step">3</int>
				<int id="ts">1350449945</int>
			</object>
			<object id="PHFBTOM80AD2028">
				<int id="step">1</int>
				<int id="ts">1350452525</int>
			</object>
			<object id="PUVCJ3V3R7D2N88">
				<int id="step">2</int>
				<int id="ts">1350452527</int>
			</object>
			<object id="PUVBNT8S0V93PMS">
				<int id="step">1</int>
				<int id="ts">1350454617</int>
			</object>
			<object id="PHVVCBV5OH72OE7">
				<int id="step">2</int>
				<int id="ts">1350454622</int>
			</object>
			<object id="PUV160O6FLB3KF2">
				<int id="step">3</int>
				<int id="ts">1350454624</int>
			</object>
			<object id="PUVA6OS08S832L9">
				<int id="step">1</int>
				<int id="ts">1350466425</int>
			</object>
			<object id="PUVICMAK8SJ2MAS">
				<int id="step">2</int>
				<int id="ts">1350466437</int>
			</object>
			<object id="PHF91JD8M2D2EAU">
				<int id="step">3</int>
				<int id="ts">1350475945</int>
			</object>
			<object id="PUVKCV8O9FK2L7J">
				<int id="step">1</int>
				<int id="ts">1350476351</int>
			</object>
			<object id="PA9SRFS850E2GJ0">
				<int id="step">2</int>
				<int id="ts">1350476633</int>
			</object>
			<object id="PUVOV284NNA3T07">
				<int id="step">1</int>
				<int id="ts">1350476679</int>
			</object>
			<object id="PUV13H7I2OA3SER">
				<int id="step">2</int>
				<int id="ts">1350476682</int>
			</object>
			<object id="PUVEO0HVO0B3E00">
				<int id="step">3</int>
				<int id="ts">1350476684</int>
			</object>
			<object id="PUV2O7J6I9D207V">
				<int id="step">1</int>
				<int id="ts">1350478929</int>
			</object>
			<object id="PUV9H4HP7PL2SLO">
				<int id="step">1</int>
				<int id="ts">1350479557</int>
			</object>
			<object id="PHVVS8IQOM92U22">
				<int id="step">2</int>
				<int id="ts">1350479562</int>
			</object>
			<object id="PHVA4KMGON72S7L">
				<int id="step">3</int>
				<int id="ts">1350479563</int>
			</object>
			<object id="PHF7NSKA3AD2PU5">
				<int id="step">1</int>
				<int id="ts">1350480727</int>
			</object>
			<object id="PUVKM4SM3993AGR">
				<int id="step">2</int>
				<int id="ts">1350480728</int>
			</object>
			<object id="PUVK46QGM9G2ANO">
				<int id="step">3</int>
				<int id="ts">1350480729</int>
			</object>
			<object id="PUVT5TK2G6D28QU">
				<int id="step">1</int>
				<int id="ts">1350483982</int>
			</object>
			<object id="PHVSCM4AFS627EF">
				<int id="step">1</int>
				<int id="ts">1350484973</int>
			</object>
			<object id="PUVIS05FIIA3SBO">
				<int id="step">1</int>
				<int id="ts">1350485343</int>
			</object>
			<object id="PHVK2FSFOT22C3I">
				<int id="step">2</int>
				<int id="ts">1350485344</int>
			</object>
			<object id="PHFTTVBJQ2D2PP8">
				<int id="step">3</int>
				<int id="ts">1350485345</int>
			</object>
			<object id="PHFFIBQRICD28H9">
				<int id="step">1</int>
				<int id="ts">1350487760</int>
			</object>
			<object id="PUVTU0O31MB3T1E">
				<int id="step">2</int>
				<int id="ts">1350487771</int>
			</object>
			<object id="PUVTEISFLLB38P4">
				<int id="step">1</int>
				<int id="ts">1350488071</int>
			</object>
			<object id="PUVQMCK0GOI2CE3">
				<int id="step">2</int>
				<int id="ts">1350489376</int>
			</object>
			<object id="PUV2JU76I9D2LI5">
				<int id="step">3</int>
				<int id="ts">1350489392</int>
			</object>
			<object id="PUV70B01CBG27J4">
				<int id="step">1</int>
				<int id="ts">1350490299</int>
			</object>
			<object id="PHV129UF5G32V98">
				<int id="step">2</int>
				<int id="ts">1350490726</int>
			</object>
			<object id="PHVND1LVIKB2K8T">
				<int id="step">1</int>
				<int id="ts">1350495586</int>
			</object>
			<object id="PHVLEE66STA2M50">
				<int id="step">1</int>
				<int id="ts">1350497278</int>
			</object>
			<object id="PUVVE7C5HV93LDE">
				<int id="step">1</int>
				<int id="ts">1350498191</int>
			</object>
			<object id="PHV7MNV1VO62BC4">
				<int id="step">2</int>
				<int id="ts">1350498192</int>
			</object>
			<object id="PHFIS28II2D239P">
				<int id="step">3</int>
				<int id="ts">1350498193</int>
			</object>
			<object id="PA9K4D8K8MD27JH">
				<int id="step">1</int>
				<int id="ts">1350498611</int>
			</object>
			<object id="PHF2VPV503D26FE">
				<int id="step">2</int>
				<int id="ts">1350498807</int>
			</object>
			<object id="PHV1C0HK6452IFG">
				<int id="step">1</int>
				<int id="ts">1350499027</int>
			</object>
			<object id="PUV1U879OTE2HQ6">
				<int id="step">1</int>
				<int id="ts">1350502195</int>
			</object>
			<object id="PUVBFKGAR9G2SOQ">
				<int id="step">1</int>
				<int id="ts">1350502378</int>
			</object>
			<object id="PHFK48ANI2D2F12">
				<int id="step">1</int>
				<int id="ts">1350505280</int>
			</object>
			<object id="PUVD3J3SFPF2TRG">
				<int id="step">1</int>
				<int id="ts">1350505710</int>
			</object>
			<object id="PUVF5CIS8UE2209">
				<int id="step">1</int>
				<int id="ts">1350507983</int>
			</object>
			<object id="PHF624MH10D2RFE">
				<int id="step">2</int>
				<int id="ts">1350507984</int>
			</object>
			<object id="PHVRKEJ8VV22AU3">
				<int id="step">3</int>
				<int id="ts">1350508638</int>
			</object>
			<object id="PHVO3VOR3N621PJ">
				<int id="step">1</int>
				<int id="ts">1350508648</int>
			</object>
			<object id="PA9TT1IARGD2V5S">
				<int id="step">1</int>
				<int id="ts">1350510409</int>
			</object>
			<object id="PUVHR6OPKF83A1H">
				<int id="step">1</int>
				<int id="ts">1350512938</int>
			</object>
			<object id="PUV42LEOBAF2MKD">
				<int id="step">2</int>
				<int id="ts">1350512939</int>
			</object>
			<object id="PUVGK8HBCJB36GN">
				<int id="step">3</int>
				<int id="ts">1350512940</int>
			</object>
			<object id="PHFAM2DUH4D23RG">
				<int id="step">1</int>
				<int id="ts">1350513013</int>
			</object>
			<object id="PUVTNI1FJH93NPE">
				<int id="step">1</int>
				<int id="ts">1350513191</int>
			</object>
			<object id="PUV24RND2U83B75">
				<int id="step">2</int>
				<int id="ts">1350513903</int>
			</object>
			<object id="PHF20O01HRC21FP">
				<int id="step">1</int>
				<int id="ts">1350515316</int>
			</object>
			<object id="PHFJAE8FQVC2RNH">
				<int id="step">1</int>
				<int id="ts">1350515593</int>
			</object>
			<object id="PHVCM54BMP72K56">
				<int id="step">2</int>
				<int id="ts">1350515593</int>
			</object>
			<object id="PUVCAJTDPFH203K">
				<int id="step">3</int>
				<int id="ts">1350515594</int>
			</object>
			<object id="PCR45R93AUT1EMH">
				<int id="step">1</int>
				<int id="ts">1350516848</int>
			</object>
			<object id="PUVFVM8KG9B37F0">
				<int id="step">1</int>
				<int id="ts">1350517556</int>
			</object>
			<object id="PUV7PU7B5JH2OP2">
				<int id="step">2</int>
				<int id="ts">1350517559</int>
			</object>
			<object id="PUVEGG4T2FG2UCD">
				<int id="step">3</int>
				<int id="ts">1350517563</int>
			</object>
			<object id="PUVBTTFKSVE2QNB">
				<int id="step">1</int>
				<int id="ts">1350518090</int>
			</object>
			<object id="PUVNJCEML7P2ES0">
				<int id="step">1</int>
				<int id="ts">1350518435</int>
			</object>
			<object id="PUVST8TRS9G26ET">
				<int id="step">2</int>
				<int id="ts">1350518437</int>
			</object>
			<object id="PA9VHKNCKQD2LUN">
				<int id="step">3</int>
				<int id="ts">1350518437</int>
			</object>
			<object id="PA9NEEPG27E2DD0">
				<int id="step">1</int>
				<int id="ts">1350519044</int>
			</object>
			<object id="PCRNH6RCVNS1072">
				<int id="step">1</int>
				<int id="ts">1350519321</int>
			</object>
			<object id="PUVIA9131K73UTJ">
				<int id="step">1</int>
				<int id="ts">1350520280</int>
			</object>
			<object id="PUVSRKDKT993SB7">
				<int id="step">1</int>
				<int id="ts">1350521541</int>
			</object>
			<object id="PUVLFPT60BB3COT">
				<int id="step">1</int>
				<int id="ts">1350521944</int>
			</object>
			<object id="PUVJ86DSLSM2BDC">
				<int id="step">1</int>
				<int id="ts">1354916428</int>
			</object>
			<object id="PDOQHB9V1AR2F84">
				<int id="step">2</int>
				<int id="ts">1354916428</int>
			</object>
		</object>
		<object id="emotes">
			<object id="25-05-26">
				<int id="PCR42DQMSCV1P9O">1351272931</int>
				<int id="PUVTNI1FJH93NPE">1351278593</int>
				<int id="PHFNCFTVB4D2DNN">1351278649</int>
				<int id="PUV3862EL8937GI">1351278654</int>
				<int id="PUVI8DSMIJB371E">1351279117</int>
				<int id="PUV3KL241QB3JD3">1351281042</int>
				<int id="PUVG4MMHQEC3K5I">1351281049</int>
			</object>
			<object id="25-05-27">
				<int id="PUV7U3KUK2C3MCG">1351295104</int>
				<int id="PUVUFSA7CTH254G">1351296271</int>
				<int id="PUV76POT1HF2F4B">1351296274</int>
			</object>
			<object id="25-05-28">
				<int id="PUVOGHCJUIF2F4F">1351303611</int>
				<int id="PCRDBGD7HUJ1FEC">1351303737</int>
				<int id="PCRIELI3PNS1E5L">1351313308</int>
				<int id="PA9VQ3NSR2E2IHK">1351313311</int>
			</object>
			<object id="25-05-29">
				<int id="PUVSVALD06C3B9R">1351314106</int>
				<int id="PUV7NAD487C368L">1351314108</int>
				<int id="PUV66M48NTB3LJU">1351325510</int>
			</object>
			<object id="25-05-31">
				<int id="PUVE5NR5TD9395V">1351348892</int>
				<int id="PUV22S2QJIF2GFM">1351349366</int>
				<int id="PUVOV284NNA3T07">1351352783</int>
				<int id="PUVSK14FCQF22TV">1351354479</int>
				<int id="PUVU3TG847D2Q1Q">1351356310</int>
				<int id="PUV74M38PGB3BAI">1351356313</int>
			</object>
			<object id="25-05-33">
			</object>
			<object id="25-05-34">
			</object>
			<object id="25-05-36">
			</object>
			<object id="25-05-38">
			</object>
			<object id="25-05-39">
			</object>
			<object id="25-05-40">
			</object>
		</object>
		<object id="hi_sign_evasion_record_history">
			<object id="version_0">
				<str id="pc_tsid">PUVGJ4R8KRC3BR6</str>
				<str id="pc_label">alpheratz</str>
				<int id="secs">1</int>
				<int id="when">1351724373</int>
				<int id="version">0</int>
			</object>
			<object id="version_8">
				<str id="pc_tsid">PUV6Q0DF6DB3GPV</str>
				<str id="pc_label">JulieAnne</str>
				<int id="secs">10</int>
				<int id="when">1351970362</int>
				<int id="version">8</int>
			</object>
			<object id="version_9">
				<str id="pc_tsid">PHVVO7CASCB21O5</str>
				<str id="pc_label">Tenebrae</str>
				<int id="secs">12</int>
				<int id="when">1352343413</int>
				<int id="version">9</int>
				<str id="day_key">25-07-08</str>
			</object>
		</object>
		<object id="streaking_increments">
			<object id="25-07-08">
				<int id="PIF5040Q3V53DTT">1352338423</int>
				<int id="PUVHGT5JDLB30F7">1352338751</int>
				<int id="PUV17MB5HTB3G68">1352338793</int>
				<int id="PUV83DA2N5D2QUV">1352338816</int>
				<int id="PHV1FFBMFU22A7E">1352339183</int>
				<int id="PUVLFPT60BB3COT">1352339243</int>
				<int id="PCRKFODORUT188S">1352339793</int>
				<int id="PCR7T82R11K14AP">1352339810</int>
				<int id="PUVFBDCTH1G2UH9">1352340256</int>
				<int id="PHFAM2DUH4D23RG">1352340314</int>
				<int id="PUV6I1HAFRA318T">1352340654</int>
				<int id="PUV48VHMH893134">1352340694</int>
				<int id="PHVL52757F92CQT">1352341449</int>
				<int id="PUVKO2U467C3IL6">1352341595</int>
				<int id="PUV811HCEAD38PB">1352341622</int>
				<int id="PUV7D9O544C3NRT">1352341859</int>
				<int id="PUVBJQLIQLB38JN">1352342587</int>
				<int id="PUVLM1T4LQB3B39">1352343019</int>
				<int id="PUVTMS30BHD3C3C">1352343092</int>
				<int id="PUVJG6AHAAD3O39">1352343153</int>
				<int id="PUVKT7UCP7C3Q9T">1352343409</int>
				<int id="PHV6KOHGPP62TMB">1352343410</int>
				<int id="PHVVO7CASCB21O5">1352343429</int>
				<int id="PUV2HOTM25B3BN6">1352343824</int>
				<int id="PIF6HVTEMHA17HQ">1352344334</int>
				<int id="PUV1HNKSULC3PF2">1352345558</int>
				<int id="PCRE8LITINS1E3I">1352345608</int>
				<int id="PUVANK930CC3FME">1352345868</int>
				<int id="PUVIQOV3M7C310S">1352345931</int>
				<int id="PUV4DE6TGQB3AE8">1352346211</int>
				<int id="PHFFIBQRICD28H9">1352346553</int>
				<int id="PHFM0PHNTUC2S8E">1352347139</int>
				<int id="PCRDBVC21JL12OL">1352347456</int>
				<int id="PUVLML728PC3E6N">1352349603</int>
				<int id="PUVNJ2OIMAD36BR">1352349892</int>
				<int id="PUV97O41DPI28GS">1352350088</int>
				<int id="PHV44MT5SE729HK">1352350150</int>
				<int id="PUVO35JUEKC30M8">1352350317</int>
				<int id="PIF14GJO15D1P84">1352350797</int>
			</object>
			<object id="25-07-09">
				<int id="PUVICGVASDB3J7K">1352351654</int>
				<int id="PIF9DO3KP8633H0">1352352079</int>
				<int id="PUVP6JUU8JB3FNS">1352352389</int>
				<int id="PHFJERMET9D2JTA">1352352417</int>
				<int id="PCR1I23C34U1ASQ">1352352485</int>
				<int id="PUVTD2NVTID3NDN">1352352965</int>
				<int id="PUV78RK9KI93N0S">1352353131</int>
				<int id="PHVSGKDV7SA2FK8">1352353536</int>
				<int id="PUVCL6N7L8D38GF">1352353981</int>
				<int id="PA9MTNTQ1ND29LQ">1352355065</int>
				<int id="PHVRLO0EBDC23R1">1352355696</int>
				<int id="PCRAFRDJFUT1PGB">1352356519</int>
				<int id="PUV12E0QUBD3N2G">1352357167</int>
				<int id="PUVCIOJLOC93UKT">1352358232</int>
				<int id="PUVOEBKQLIB3DU3">1352358402</int>
				<int id="PUVC18QRD7D2A1K">1352358529</int>
				<int id="PUVVG7H0FJB3A8N">1352359249</int>
				<int id="PM1A4MDNG402AR4">1352359451</int>
				<int id="PUVDG8GBNQB3Q90">1352359590</int>
				<int id="PHFINSK9JCD29H5">1352361719</int>
				<int id="PUV9L0GEMA8370I">1352361827</int>
				<int id="PUVAJKHV28G2BQR">1352361860</int>
				<int id="PUVIJ9KTN5D24U6">1352362212</int>
				<int id="PUVRR4TDCGD3R3C">1352362300</int>
			</object>
			<object id="25-07-10">
				<int id="PUVDG8GBNQB3Q90">1352365221</int>
				<int id="PUVPC6P6SA839RS">1352365730</int>
				<int id="PUVEO9C0JF93FBC">1352365877</int>
				<int id="PUV3LP2HLKB3QL9">1352366607</int>
				<int id="PUVDML8BPK93CKI">1352371768</int>
				<int id="PUVSALGQ46J21R1">1352373116</int>
			</object>
			<object id="25-07-11">
				<int id="PCRFLA5IKNS19P1">1352381326</int>
				<int id="PHFBMADAEAD2JND">1352383385</int>
				<int id="PUVSHIJ0C8A392V">1352385090</int>
				<int id="PUVHOFNNILC3SMC">1352385413</int>
				<int id="PUV12E0QUBD3N2G">1352388874</int>
				<int id="PUVT20H20PC39SF">1352388961</int>
				<int id="PHFSSK0KN1D2MJL">1352388967</int>
				<int id="PUV2IPH9NF83QFO">1352389026</int>
				<int id="PUVERNFNDQB3TAD">1352389642</int>
				<int id="PHV3J76JGS62RF5">1352390785</int>
				<int id="PHVT6D96EL22G4P">1352390992</int>
				<int id="PUVPC6P6SA839RS">1352391252</int>
				<int id="PUV82D053MC3M13">1352391846</int>
				<int id="PHFVN17DD0D2G3V">1352392033</int>
				<int id="PUV7J6LKDUF2NS8">1352392062</int>
				<int id="PUVSS7LVKEC318S">1352393613</int>
			</object>
			<object id="25-07-12">
				<int id="PHV11H22PQA2JEL">1352394099</int>
				<int id="PHFIPVH38TC2PIV">1352394574</int>
				<int id="PUVJIPPFIBD398T">1352394660</int>
				<int id="PHVHN86I5H228T6">1352394725</int>
				<int id="PUVLE608CNB3GA3">1352396585</int>
				<int id="PUVM419U2NB3KIE">1352396692</int>
				<int id="PUVRR4TDCGD3R3C">1352396923</int>
				<int id="PUVG9PRB1KC3GEA">1352397370</int>
				<int id="PUVHER8O0BA3OCL">1352398082</int>
				<int id="PUV5T7JPDHC392Q">1352398280</int>
				<int id="PHFM0PHNTUC2S8E">1352398993</int>
				<int id="PUVUEFJABRG2LND">1352399434</int>
				<int id="PCRBFCINGUT15SD">1352399541</int>
				<int id="PUVHL9FSGF93U3Q">1352400038</int>
				<int id="PHF7GOMJS1D24NC">1352400199</int>
				<int id="PUV22S2QJIF2GFM">1352400468</int>
				<int id="PHVVO7CASCB21O5">1352402583</int>
				<int id="PUVPTF7N2DG203S">1352402682</int>
				<int id="PUVT8691EI93FIR">1352402682</int>
				<int id="PUV4N87P8GG2EB6">1352402682</int>
				<int id="PIFLC6T4UK63AKI">1352402682</int>
				<int id="PUVPS8I6CTE2BJG">1352403361</int>
				<int id="PUV2OUMBKGB3U6J">1352403666</int>
				<int id="PUV3ERDM8T63VGL">1352403681</int>
				<int id="PA94QV6SBPD25Q4">1352404085</int>
				<int id="PHVFG0THJF827TB">1352404626</int>
				<int id="PIF3OCMOP251AKC">1352404671</int>
				<int id="PIF14GJO15D1P84">1352405470</int>
				<int id="PUV1D62CP6D2M64">1352405837</int>
				<int id="PUVC1P2QIF93R6R">1352405861</int>
				<int id="PUVANK930CC3FME">1352405940</int>
				<int id="PUVJGQE2GOC3G4J">1352406821</int>
				<int id="PUVVJ936BCA3M1E">1352407566</int>
				<int id="PHVT7B02RE727DS">1352408106</int>
				<int id="PUV6M92FD0H2KGM">1352408363</int>
				<int id="PUVOCG9IHKB31NM">1352408382</int>
			</object>
			<object id="25-07-13">
				<int id="PUVDAIVA7FC35M5">1352409460</int>
				<int id="PUV2JI34A1D30LC">1352409851</int>
				<int id="PUVSVDEIMTG26B0">1352409900</int>
				<int id="PUVQ71U5MVK20D3">1352410045</int>
				<int id="PUV1D62CP6D2M64">1352411061</int>
				<int id="PHVSGKDV7SA2FK8">1352411061</int>
				<int id="PHV2LK9JDT628OF">1352411287</int>
				<int id="PUV3R5M8VN63HKK">1352411614</int>
				<int id="PUVT48THSJB3DU0">1352411623</int>
				<int id="PUV79OMQOAD3VBP">1352412256</int>
				<int id="PUVCG72AQP93JFB">1352412644</int>
				<int id="PUVA78KTF4G24IA">1352413099</int>
				<int id="PUVG9PRB1KC3GEA">1352413598</int>
				<int id="PUV9DATQ15D3NHB">1352414062</int>
				<int id="PUVEGG4T2FG2UCD">1352414473</int>
				<int id="PUV22H6M4NI2QLH">1352414473</int>
				<int id="PUV7PU7B5JH2OP2">1352414473</int>
				<int id="PUVUFA677MB3C4D">1352414641</int>
				<int id="PUVTTIURKLC3B30">1352415041</int>
				<int id="PUVN0SUIJQE2GLV">1352416637</int>
				<int id="PUVRKFKFDGG2OPH">1352418088</int>
				<int id="PUVA1FM2DPC342S">1352418206</int>
				<int id="PUV5IIJTV9C3VF3">1352418230</int>
				<int id="PUVTVRH3K1A30EQ">1352419528</int>
				<int id="PUVJ9DQOQ9D2PGQ">1352419692</int>
				<int id="PUV7U3V812C3S7H">1352419923</int>
				<int id="PHFO9KEJ25D2MBL">1352420599</int>
				<int id="PIF1RQODKF01DG2">1352420824</int>
				<int id="PIFBCDJTQV5393K">1352421705</int>
				<int id="PA9SEU1KQ5E2M49">1352422709</int>
			</object>
			<object id="25-08-01">
				<int id="PUVFJ07T04L2GD7">1352430667</int>
			</object>
			<object id="25-08-04">
				<int id="PUVQ3FG2SGD391H">1352478647</int>
			</object>
			<object id="25-08-13">
				<int id="PUV8S9J1PAD3RO7">1352599485</int>
			</object>
			<object id="25-08-23">
				<int id="PHFDCK7D5TC26HI">1352753600</int>
			</object>
			<object id="25-08-29">
				<int id="PUVVELA03VD3RSG">1352827009</int>
			</object>
			<object id="25-08-31">
				<int id="PUVFQFKLETB3V67">1352869147</int>
			</object>
			<object id="25-10-34">
				<int id="PUV4BFTRRUC3RLF">1353503969</int>
			</object>
			<object id="26-03-22">
				<int id="PHV3SOHNMB52ELG">1354646414</int>
			</object>
			<object id="26-03-41">
				<int id="PUVJ86DSLSM2BDC">1354916447</int>
			</object>
			<object id="26-03-48">
				<int id="PIFK9I4C8063A0M">1355014981</int>
			</object>
			<object id="26-04-01">
				<int id="PUVNQ08H15C3F2V">1355104213</int>
				<int id="PUVB6DDK0NC3OCG">1355109499</int>
			</object>
		</object>
		<object id="hi_sign_evasion_record">
			<str id="pc_tsid">PUV2UEH8VRC3684</str>
			<str id="pc_label">Hen</str>
			<int id="secs">14</int>
			<int id="when">1352690787</int>
			<int id="version">10</int>
			<str id="day_key">25-08-19</str>
		</object>
		<int id="incantations_step">2</int>
		<object id="incantations_redux">
			<object id="PHF14ABLCTC2U52">
				<int id="step">1</int>
				<int id="ts">1354917237</int>
			</object>
			<object id="PHVROH851L22Q5T">
				<int id="step">1</int>
				<int id="ts">1354917250</int>
			</object>
			<object id="PHFMI32SK4D2U1L">
				<int id="step">1</int>
				<int id="ts">1354917507</int>
			</object>
			<object id="PUVTTIURKLC3B30">
				<int id="step">2</int>
				<int id="ts">1354922821</int>
			</object>
			<object id="PIFB7QP3SH63DL7">
				<int id="step">1</int>
				<int id="ts">1354925207</int>
			</object>
			<object id="PUVG6IV8J5F28N1">
				<int id="step">1</int>
				<int id="ts">1354925703</int>
			</object>
			<object id="PUVIS5ND7RD3FB4">
				<int id="step">1</int>
				<int id="ts">1354926770</int>
			</object>
			<object id="PA9SEU1KQ5E2M49">
				<int id="step">1</int>
				<int id="ts">1354930123</int>
			</object>
			<object id="PUV42LEOBAF2MKD">
				<int id="step">2</int>
				<int id="ts">1354931588</int>
			</object>
			<object id="PUVR66N0OVE2BLN">
				<int id="step">3</int>
				<int id="ts">1354931591</int>
			</object>
			<object id="PUV5DGRMO4H2DNG">
				<int id="step">1</int>
				<int id="ts">1354931873</int>
			</object>
			<object id="PCRLR85EFDV1F9B">
				<int id="step">2</int>
				<int id="ts">1354931876</int>
			</object>
			<object id="PNV32HKO7SD26UH">
				<int id="step">1</int>
				<int id="ts">1354936456</int>
			</object>
			<object id="PUVS0CHA5L93NDU">
				<int id="step">2</int>
				<int id="ts">1354936461</int>
			</object>
			<object id="PUVKSMIKR8L2A6S">
				<int id="step">3</int>
				<int id="ts">1354936462</int>
			</object>
			<object id="PUVF5CIS8UE2209">
				<int id="step">1</int>
				<int id="ts">1354945308</int>
			</object>
			<object id="PHF624MH10D2RFE">
				<int id="step">2</int>
				<int id="ts">1354945311</int>
			</object>
			<object id="PUVI9N9CSSI2JSM">
				<int id="step">1</int>
				<int id="ts">1354945830</int>
			</object>
			<object id="PHF3SVTUB3D2MGO">
				<int id="step">2</int>
				<int id="ts">1354945832</int>
			</object>
			<object id="PUVN67TRKMC3N0V">
				<int id="step">3</int>
				<int id="ts">1354945834</int>
			</object>
			<object id="PUV8ROTVQC93BP5">
				<int id="step">1</int>
				<int id="ts">1354950634</int>
			</object>
			<object id="PUVJGMGHIIA388B">
				<int id="step">1</int>
				<int id="ts">1354955718</int>
			</object>
			<object id="PUVUTSGV5JB37FB">
				<int id="step">2</int>
				<int id="ts">1354955720</int>
			</object>
			<object id="PA95UHHMLID28OO">
				<int id="step">3</int>
				<int id="ts">1354955722</int>
			</object>
			<object id="PUVN6CPQEC73TB0">
				<int id="step">1</int>
				<int id="ts">1354961929</int>
			</object>
			<object id="PHVKRTT1FM52HVG">
				<int id="step">2</int>
				<int id="ts">1354961931</int>
			</object>
			<object id="PHF11QGRI3D2KLQ">
				<int id="step">1</int>
				<int id="ts">1354968410</int>
			</object>
			<object id="PUV4M2F46LL2DPA">
				<int id="step">1</int>
				<int id="ts">1354975377</int>
			</object>
			<object id="PUVBFKGAR9G2SOQ">
				<int id="step">1</int>
				<int id="ts">1354990543</int>
			</object>
			<object id="PHFT93U2C0D25VR">
				<int id="step">2</int>
				<int id="ts">1354992621</int>
			</object>
			<object id="PUVKMVKGUCG2PM3">
				<int id="step">1</int>
				<int id="ts">1354994952</int>
			</object>
			<object id="PUV523037AD3VO0">
				<int id="step">1</int>
				<int id="ts">1354999861</int>
			</object>
			<object id="PHVF66LO2RA20PQ">
				<int id="step">1</int>
				<int id="ts">1355000386</int>
			</object>
			<object id="PHVRIB04OQA2NMA">
				<int id="step">2</int>
				<int id="ts">1355000396</int>
			</object>
		</object>
		<int id="incantations_redux_step">2</int>
		<object id="hi_sign_daily_evasion_record">
			<str id="pc_tsid">PHVF66LO2RA20PQ</str>
			<str id="pc_label">matrix</str>
			<int id="secs">12</int>
			<int id="when">1355000415</int>
			<int id="version">10</int>
			<str id="day_key">26-03-47</str>
		</object>
	</object>
	<objrefs id="items">
		<objref tsid="IHV2TDAJH1527ET" label="Quoin"/>
		<objref tsid="IHV2TSKRH152C0E" label="Quoin"/>
		<objref tsid="IDOSLVKLAJQ2JF9" label="Qurazy marker"/>
		<objref tsid="IHV2TV94I152OS1" label="Quoin"/>
		<objref tsid="IHV2T7HCH152ON2" label="Dirt Pile"/>
		<objref tsid="IHV2T2D9H152L26" label="Shrine to Cosma"/>
		<objref tsid="IHFP547DNKB3PH6" label="Egg Plant"/>
		<objref tsid="IHV2TRRQH152GBS" label="Quoin"/>
		<objref tsid="IHV2TNNPH1527JB" label="Quoin"/>
		<objref tsid="IHV2T6ACH152N0O" label="Dirt Pile"/>
		<objref tsid="INVLBEUENPF30J9" label="Egg Plant"/>
		<objref tsid="IHV10QDPID62H2R" label="Street Spirit"/>
		<objref tsid="IHV2TE9KH152L9E" label="Quoin"/>
		<objref tsid="IHV2TO8QH152L02" label="Quoin"/>
		<objref tsid="IHV2TJCMH1520I2" label="Quoin"/>
		<objref tsid="IHV2TKENH1525I0" label="Quoin"/>
		<objref tsid="IHV2T4TBH152UEA" label="Dirt Pile"/>
		<objref tsid="IHV2TFPKH1525MF" label="Quoin"/>
		<objref tsid="IHV2TU53I152GC3" label="Quoin"/>
	</objrefs>
	<objrefs id="players">
		<objref tsid="PA97RHHHU1E2Q88" label="Deadeyedavid"/>
		<objref tsid="PUVUMOMS17D2JS7" label="Nathaniel Hawthorne"/>
		<objref tsid="PUVFOEA96LB39NF" label="lonmarkc"/>
		<objref tsid="PUVNSB4K2PC3Q8F" label="Knochenherz"/>
		<objref tsid="PUVPEOP6DOC3M15" label="A Magic Fish"/>
		<objref tsid="PUVJA662V7G2GQ7" label="Nemo157"/>
		<objref tsid="PUVEFO6C79L2L7I" label="TylerLewis"/>
		<objref tsid="PHFIFJ12PUC212E" label="Primordia"/>
		<objref tsid="PHF4U4GQOBD2O92" label="Zizzousa"/>
		<objref tsid="PDOS0KVUHCR2T11" label="Yi Long"/>
		<objref tsid="PUVUVRDJAB8315U" label="ElCamillo"/>
		<objref tsid="PUVHQ0H6INE258K" label="Agonia"/>
		<objref tsid="PHFNPLK933D2Q5D" label="Kevin_ferret"/>
		<objref tsid="PUVRVJIB5SH27B2" label="ONUR"/>
		<objref tsid="PUV14N7R2P63FGP" label="2qt2bstr8"/>
		<objref tsid="PIFAU5PP0L633EI" label="Marmite"/>
		<objref tsid="PIFEDU366863HOG" label="Neon Love"/>
		<objref tsid="PUVMOS38CHC30UA" label="Talia182"/>
		<objref tsid="PUV4KD6OR6D3MC7" label="pontabulous"/>
		<objref tsid="PHF9B5J0EAD2J0A" label="mrand0926"/>
		<objref tsid="PHFICNNCH1D2DS6" label="Epimetheus"/>
		<objref tsid="PUV9DUUQE7C3I4T" label="Taymichu"/>
		<objref tsid="PUVJ5NIITO73HQ8" label="Lyndsay"/>
		<objref tsid="PUVI7BDQB9C3A7N" label="nightninja"/>
		<objref tsid="PUVPSPI3T8D3PN6" label="Obblebobble"/>
		<objref tsid="PUV9MUHED2A34BH" label="happyvirus"/>
		<objref tsid="PUV141GVASD2VMV" label="Ayrish"/>
		<objref tsid="PUVA2OE12DB3C9O" label="LoriW."/>
		<objref tsid="PUVSC739VIB3FCC" label="ttyl"/>
		<objref tsid="PUVIHNJPVCE3HFQ" label="Red Rubies"/>
		<objref tsid="PUV95MSJPS93UBE" label="Coldblooded"/>
		<objref tsid="PUVK545TVGG2JIP" label="Xerawyn"/>
		<objref tsid="PHF1LR76VCD25NR" label="DegaVolver"/>
		<objref tsid="PUV3BJ8UC9G287R" label="Rolindo"/>
		<objref tsid="PUV2PNSOVMC3QIN" label="mika bieber"/>
		<objref tsid="PUVSID7GB7J2DFM" label="King Leo"/>
		<objref tsid="PUVRM2MDP7D3VG9" label="Oyed"/>
		<objref tsid="PUVOV04EG3F27LJ" label="Galapagos Johnson"/>
		<objref tsid="PA9S08OQF2E2JNP" label="RagnarV"/>
		<objref tsid="PA9FH69FAID2JRC" label="Robin Stinson"/>
		<objref tsid="PA9TM97RB1E28T4" label="Wohclams"/>
		<objref tsid="PHFB3BHO4TC2AK1" label="Squidster"/>
	</objrefs>
</game_object>
