<game_object tsid="LA5VDIGU3G525F9" ts="1364231110617" label="Boonbi Books" class_tsid="town" hubid="89" moteid="9" letime="3g8ejpg8" rbtime="25ire61p" upd_gs="gs6" load_time="2013-03-25 09:54:48.000">
	<object id="dynamic">
		<object id="loading_image">
			<str id="url">streets/2011-11-09/LA5VDIGU3G525F9_loading_1320868548.jpg</str>
			<int id="w">840</int>
			<int id="h">160</int>
		</object>
		<object id="image">
			<str id="url">streets/2011-11-09/LA5VDIGU3G525F9_main_1320868552.jpg</str>
			<int id="w">720</int>
			<int id="h">960</int>
		</object>
		<object id="jobs">
			<object id="489">
				<object id="street_info">
					<int id="type">1</int>
					<int id="is_hidden">0</int>
					<str id="title_override">Build Boonbi Books In Andra</str>
					<str id="desc_override">Expand Andra by building a new street, Boonbi Books.</str>
					<object id="connecting_streets">
						<str id="0">LA51CGIGKK62NV8</str>
					</object>
				</object>
				<object id="class_ids">
					<object id="job_street_ph2_04">
						<int id="in_order">1</int>
						<int id="delay_seconds">0</int>
						<str id="delay_text"></str>
						<str id="label">Engineer &amp; Build</str>
						<str id="class_id">job_street_ph2_04</str>
					</object>
					<object id="job_street_ph1_08">
						<int id="in_order">2</int>
						<int id="delay_seconds">1200</int>
						<str id="delay_text"></str>
						<str id="label">Get Busy</str>
					</object>
					<object id="job_street_ph2_03">
						<int id="in_order">3</int>
						<int id="delay_seconds">1200</int>
						<str id="delay_text"></str>
						<str id="label">Backyard BBQ</str>
					</object>
					<object id="job_street_ph2_07">
						<int id="in_order">4</int>
						<int id="delay_seconds">1200</int>
						<str id="delay_text"></str>
						<str id="label">Party!</str>
					</object>
				</object>
			</object>
			<object id="490">
				<object id="street_info">
					<int id="type">2</int>
					<int id="is_hidden">0</int>
					<str id="title_override">Build Lavu Lane In Andra</str>
					<str id="desc_override">Expand Andra by building a new street, Lavu Lane.</str>
					<str id="target_street">LA5QBAL9SL52I02</str>
				</object>
				<object id="class_ids">
					<object id="job_street_ph1_07">
						<int id="in_order">1</int>
						<int id="delay_seconds">0</int>
						<str id="delay_text"></str>
						<str id="label">Ready, Go!</str>
						<str id="class_id">job_street_ph1_07</str>
						<objref id="instance" tsid="QA510TT07V6239V"/>
					</object>
					<object id="job_street_ph2_08">
						<int id="in_order">2</int>
						<int id="delay_seconds">1200</int>
						<str id="delay_text"></str>
						<str id="label">Garden Picnic</str>
						<str id="class_id">job_street_ph2_08</str>
						<objref id="instance" tsid="QA5MOT91DJ72HPJ"/>
					</object>
					<object id="job_street_ph3_08">
						<int id="in_order">3</int>
						<int id="delay_seconds">1200</int>
						<str id="delay_text"></str>
						<str id="label">Strange Brew</str>
						<str id="class_id">job_street_ph3_08</str>
						<objref id="instance" tsid="QA54UT83HJ72K62"/>
					</object>
					<object id="job_street_ph4_03">
						<int id="in_order">4</int>
						<int id="delay_seconds">1200</int>
						<str id="delay_text"></str>
						<str id="label">Pleasant Pretirement</str>
						<str id="class_id">job_street_ph4_03</str>
						<objref id="instance" tsid="QA5H6EDGLJ72EK9"/>
					</object>
				</object>
			</object>
		</object>
		<bool id="jobs_is_locked">false</bool>
		<object id="delayed_sounds">
		</object>
		<object id="action_requests">
		</object>
		<bool id="jobs_auto_unlock">false</bool>
		<bool id="no_teleportation">false</bool>
		<bool id="disallow_animals">false</bool>
		<bool id="no_rook">true</bool>
		<object id="keys">
		</object>
		<object id="qurazy">
		</object>
		<object id="incantations">
			<object id="PUVS8FCV0BB3QIN">
				<int id="step">1</int>
				<int id="ts">1350436989</int>
			</object>
			<object id="PCRJCSPFQNS10NR">
				<int id="step">1</int>
				<int id="ts">1350437962</int>
			</object>
			<object id="PCRG9CKLLNS1KTS">
				<int id="step">2</int>
				<int id="ts">1350437964</int>
			</object>
			<object id="PHV7V1JJOE22AQI">
				<int id="step">1</int>
				<int id="ts">1350438364</int>
			</object>
			<object id="PUV7Q0QGO773EUS">
				<int id="step">1</int>
				<int id="ts">1350438911</int>
			</object>
			<object id="PUVTQDQPHDF2870">
				<int id="step">2</int>
				<int id="ts">1350438914</int>
			</object>
			<object id="PUVOGHCJUIF2F4F">
				<int id="step">3</int>
				<int id="ts">1350438915</int>
			</object>
			<object id="PUVHT82E1AP2E7H">
				<int id="step">1</int>
				<int id="ts">1350440192</int>
			</object>
			<object id="PHFQ8BJAR0D28JI">
				<int id="step">2</int>
				<int id="ts">1350440194</int>
			</object>
			<object id="PUV76BIV41O20KD">
				<int id="step">3</int>
				<int id="ts">1350440196</int>
			</object>
			<object id="PUVG6IV8J5F28N1">
				<int id="step">1</int>
				<int id="ts">1350440864</int>
			</object>
			<object id="PUVUK07BTH93RE9">
				<int id="step">1</int>
				<int id="ts">1350441886</int>
			</object>
			<object id="PUV766GM4TE2A3Q">
				<int id="step">1</int>
				<int id="ts">1350441898</int>
			</object>
			<object id="PUV6H82RC8H2CIH">
				<int id="step">2</int>
				<int id="ts">1350441899</int>
			</object>
			<object id="PUV5SMGPEHG2DP8">
				<int id="step">3</int>
				<int id="ts">1350441900</int>
			</object>
			<object id="PUVIJ7TCMQA3P45">
				<int id="step">1</int>
				<int id="ts">1350442146</int>
			</object>
			<object id="PHFETULK40D2O8D">
				<int id="step">2</int>
				<int id="ts">1350442147</int>
			</object>
			<object id="PUVTVRH3K1A30EQ">
				<int id="step">1</int>
				<int id="ts">1350442324</int>
			</object>
			<object id="PUVGI68DJ9G2P24">
				<int id="step">1</int>
				<int id="ts">1350442449</int>
			</object>
			<object id="PUV4ICBH7NB3R30">
				<int id="step">2</int>
				<int id="ts">1350442451</int>
			</object>
			<object id="PUVN8LR3HQ63GE4">
				<int id="step">3</int>
				<int id="ts">1350442451</int>
			</object>
			<object id="PUVPO60VKMS2GTK">
				<int id="step">1</int>
				<int id="ts">1350442532</int>
			</object>
			<object id="PHFUA8HSGCD2A56">
				<int id="step">2</int>
				<int id="ts">1350442534</int>
			</object>
			<object id="PCRHA593D1N1EB3">
				<int id="step">3</int>
				<int id="ts">1350442536</int>
			</object>
			<object id="PUV99QHSN8D2ERD">
				<int id="step">1</int>
				<int id="ts">1350443373</int>
			</object>
			<object id="PUVBI388O8D2I9P">
				<int id="step">2</int>
				<int id="ts">1350443376</int>
			</object>
			<object id="PUV6L7AB0JH22K3">
				<int id="step">3</int>
				<int id="ts">1350443396</int>
			</object>
			<object id="PUVLFPT60BB3COT">
				<int id="step">1</int>
				<int id="ts">1350443544</int>
			</object>
			<object id="PUVFUD1UJRE26GD">
				<int id="step">1</int>
				<int id="ts">1350444092</int>
			</object>
			<object id="PUVI4EDKGAJ207T">
				<int id="step">2</int>
				<int id="ts">1350444093</int>
			</object>
			<object id="PHF7GOMJS1D24NC">
				<int id="step">3</int>
				<int id="ts">1350444096</int>
			</object>
			<object id="PA9D1LN98GD222R">
				<int id="step">1</int>
				<int id="ts">1350444360</int>
			</object>
			<object id="PUVIBNJ5IIB3TV7">
				<int id="step">1</int>
				<int id="ts">1350445368</int>
			</object>
			<object id="PUVT4G8H1IB3FQA">
				<int id="step">2</int>
				<int id="ts">1350445369</int>
			</object>
			<object id="PUVV5EPO1IB39IQ">
				<int id="step">3</int>
				<int id="ts">1350445370</int>
			</object>
			<object id="PA9MTNTQ1ND29LQ">
				<int id="step">1</int>
				<int id="ts">1350446062</int>
			</object>
			<object id="PIFCK7G7SH63VO2">
				<int id="step">1</int>
				<int id="ts">1350446453</int>
			</object>
			<object id="PUVU70T41MB3OUK">
				<int id="step">2</int>
				<int id="ts">1350446876</int>
			</object>
			<object id="PIFV7JNC6163LDM">
				<int id="step">1</int>
				<int id="ts">1350446920</int>
			</object>
			<object id="PUVUCJ1BR4A3NOC">
				<int id="step">2</int>
				<int id="ts">1350446988</int>
			</object>
			<object id="PUVRM21FD983JNO">
				<int id="step">1</int>
				<int id="ts">1350447002</int>
			</object>
			<object id="PHF2VPV503D26FE">
				<int id="step">1</int>
				<int id="ts">1350451280</int>
			</object>
			<object id="PUV177GEM5B3T5M">
				<int id="step">2</int>
				<int id="ts">1350451281</int>
			</object>
			<object id="PUVICMAK8SJ2MAS">
				<int id="step">3</int>
				<int id="ts">1350451283</int>
			</object>
			<object id="PHF9L3JP5BD2R6D">
				<int id="step">1</int>
				<int id="ts">1350452096</int>
			</object>
			<object id="PUVPOBK0AB83DS9">
				<int id="step">1</int>
				<int id="ts">1350452127</int>
			</object>
			<object id="PHFJVIL04RC2ULD">
				<int id="step">2</int>
				<int id="ts">1350452132</int>
			</object>
			<object id="PHF2CSR1OCD2E6B">
				<int id="step">1</int>
				<int id="ts">1350452185</int>
			</object>
			<object id="PIF1AB3PVG63M4B">
				<int id="step">2</int>
				<int id="ts">1350452591</int>
			</object>
			<object id="PUVO7EKBSC93K41">
				<int id="step">3</int>
				<int id="ts">1350452597</int>
			</object>
			<object id="PHVDOPS0FC92L2P">
				<int id="step">1</int>
				<int id="ts">1350452629</int>
			</object>
			<object id="PUVPMQG5849388A">
				<int id="step">2</int>
				<int id="ts">1350452755</int>
			</object>
			<object id="PUVIJILB95D21G5">
				<int id="step">1</int>
				<int id="ts">1350452829</int>
			</object>
			<object id="PHV22CFP5942TMI">
				<int id="step">2</int>
				<int id="ts">1350453014</int>
			</object>
			<object id="PUV1TNS227D23C2">
				<int id="step">1</int>
				<int id="ts">1350467493</int>
			</object>
			<object id="PHFVCCQDR3D2FIQ">
				<int id="step">1</int>
				<int id="ts">1350467619</int>
			</object>
			<object id="PHFL7P0N83D2P1R">
				<int id="step">2</int>
				<int id="ts">1350467621</int>
			</object>
			<object id="PHFNOU1GP2D2P9K">
				<int id="step">3</int>
				<int id="ts">1350467622</int>
			</object>
			<object id="PHF31BRLV4D27G0">
				<int id="step">1</int>
				<int id="ts">1350471487</int>
			</object>
			<object id="PUVQV9G5RB838CE">
				<int id="step">1</int>
				<int id="ts">1350473885</int>
			</object>
			<object id="PUVJGMGHIIA388B">
				<int id="step">1</int>
				<int id="ts">1350477462</int>
			</object>
			<object id="PHFVN17DD0D2G3V">
				<int id="step">2</int>
				<int id="ts">1350477463</int>
			</object>
			<object id="PHFLM7KOU2D24PL">
				<int id="step">3</int>
				<int id="ts">1350477467</int>
			</object>
			<object id="PUVKF3K8M483LRV">
				<int id="step">1</int>
				<int id="ts">1350480718</int>
			</object>
			<object id="PHFT6U31UBD2A1I">
				<int id="step">2</int>
				<int id="ts">1350480722</int>
			</object>
			<object id="PUVTVHBGAB83HBI">
				<int id="step">3</int>
				<int id="ts">1350480723</int>
			</object>
			<object id="PUV9H4HP7PL2SLO">
				<int id="step">1</int>
				<int id="ts">1350481380</int>
			</object>
			<object id="PHVVS8IQOM92U22">
				<int id="step">2</int>
				<int id="ts">1350481381</int>
			</object>
			<object id="PHVA4KMGON72S7L">
				<int id="step">3</int>
				<int id="ts">1350481382</int>
			</object>
			<object id="PUVU3P2UH5D2F65">
				<int id="step">1</int>
				<int id="ts">1350481596</int>
			</object>
			<object id="PUV5QNHBI9G276R">
				<int id="step">1</int>
				<int id="ts">1350482317</int>
			</object>
			<object id="PUVT5TK2G6D28QU">
				<int id="step">1</int>
				<int id="ts">1350482820</int>
			</object>
			<object id="PUVQMCK0GOI2CE3">
				<int id="step">2</int>
				<int id="ts">1350487227</int>
			</object>
			<object id="PUV2JU76I9D2LI5">
				<int id="step">3</int>
				<int id="ts">1350487238</int>
			</object>
			<object id="PUVP69BUJRB3N1U">
				<int id="step">1</int>
				<int id="ts">1350488046</int>
			</object>
			<object id="PUVHCH6SH3A30DK">
				<int id="step">1</int>
				<int id="ts">1350488803</int>
			</object>
			<object id="PUVTEISFLLB38P4">
				<int id="step">1</int>
				<int id="ts">1350489104</int>
			</object>
			<object id="PUV4J03EN3B3U0K">
				<int id="step">1</int>
				<int id="ts">1350493976</int>
			</object>
			<object id="PHFFIBQRICD28H9">
				<int id="step">1</int>
				<int id="ts">1350495737</int>
			</object>
			<object id="PHFM0PHNTUC2S8E">
				<int id="step">1</int>
				<int id="ts">1350497201</int>
			</object>
			<object id="PUV70B01CBG27J4">
				<int id="step">2</int>
				<int id="ts">1350497204</int>
			</object>
			<object id="PUV2O7J6I9D207V">
				<int id="step">1</int>
				<int id="ts">1350497518</int>
			</object>
			<object id="PA9A85FUBUD2DMH">
				<int id="step">1</int>
				<int id="ts">1350498256</int>
			</object>
			<object id="PUVR4MQSVE8394R">
				<int id="step">1</int>
				<int id="ts">1350499722</int>
			</object>
			<object id="PIFF7I4MJR53326">
				<int id="step">2</int>
				<int id="ts">1350499723</int>
			</object>
			<object id="PIFENEKT8R61CML">
				<int id="step">3</int>
				<int id="ts">1350499724</int>
			</object>
			<object id="PIFAVSBAJR538UD">
				<int id="step">1</int>
				<int id="ts">1350500338</int>
			</object>
			<object id="PIF37IOVLQ53B17">
				<int id="step">1</int>
				<int id="ts">1350502678</int>
			</object>
			<object id="PIFG7LQVTG6356J">
				<int id="step">1</int>
				<int id="ts">1350503734</int>
			</object>
			<object id="PUVPD6H08L93VT6">
				<int id="step">2</int>
				<int id="ts">1350503739</int>
			</object>
			<object id="PUV9BBKR19G2T3T">
				<int id="step">1</int>
				<int id="ts">1350504692</int>
			</object>
			<object id="PIF8HF26KV53M2P">
				<int id="step">1</int>
				<int id="ts">1350507253</int>
			</object>
			<object id="PUVBB77UOBB3KGE">
				<int id="step">1</int>
				<int id="ts">1350508404</int>
			</object>
			<object id="PUVBFKGAR9G2SOQ">
				<int id="step">1</int>
				<int id="ts">1350509037</int>
			</object>
			<object id="PA9TT1IARGD2V5S">
				<int id="step">1</int>
				<int id="ts">1350510013</int>
			</object>
			<object id="PUVTE0MHB9B3U6Q">
				<int id="step">2</int>
				<int id="ts">1350510026</int>
			</object>
			<object id="PHVSCM4AFS627EF">
				<int id="step">3</int>
				<int id="ts">1350510105</int>
			</object>
			<object id="PHFT0IUIV2D2S17">
				<int id="step">1</int>
				<int id="ts">1350510513</int>
			</object>
			<object id="PCR44OG2AUT12IH">
				<int id="step">1</int>
				<int id="ts">1350511722</int>
			</object>
			<object id="PDODTQK43DR27CB">
				<int id="step">2</int>
				<int id="ts">1350511723</int>
			</object>
			<object id="PHVNJ4LKTQ626HM">
				<int id="step">1</int>
				<int id="ts">1350514564</int>
			</object>
			<object id="PCRSVJC3CFV19J7">
				<int id="step">1</int>
				<int id="ts">1350515323</int>
			</object>
			<object id="PA9MQ5QSGJD2VP4">
				<int id="step">1</int>
				<int id="ts">1350515989</int>
			</object>
			<object id="PUVU3V9NIE831IS">
				<int id="step">2</int>
				<int id="ts">1350515993</int>
			</object>
			<object id="PUV1UO50AS73EED">
				<int id="step">3</int>
				<int id="ts">1350516014</int>
			</object>
			<object id="PUVF5CIS8UE2209">
				<int id="step">1</int>
				<int id="ts">1350516274</int>
			</object>
			<object id="PHF624MH10D2RFE">
				<int id="step">2</int>
				<int id="ts">1350516275</int>
			</object>
			<object id="PUVV1BJVGTB3LNU">
				<int id="step">1</int>
				<int id="ts">1350516301</int>
			</object>
			<object id="PUVBODMTD5D2253">
				<int id="step">2</int>
				<int id="ts">1350516303</int>
			</object>
			<object id="PUV6EFH977D20ED">
				<int id="step">3</int>
				<int id="ts">1350516311</int>
			</object>
			<object id="PUVA8FOICAG2MV6">
				<int id="step">1</int>
				<int id="ts">1350516314</int>
			</object>
			<object id="PUVL2EQ7J7D25OS">
				<int id="step">2</int>
				<int id="ts">1350516323</int>
			</object>
			<object id="PUV7281593F2747">
				<int id="step">1</int>
				<int id="ts">1350516833</int>
			</object>
			<object id="PUVSFSPLFNB3DHR">
				<int id="step">1</int>
				<int id="ts">1350516987</int>
			</object>
			<object id="PUVURSJJOQA3ERR">
				<int id="step">2</int>
				<int id="ts">1350516989</int>
			</object>
			<object id="PCR45R93AUT1EMH">
				<int id="step">1</int>
				<int id="ts">1350517534</int>
			</object>
			<object id="PCRNH6RCVNS1072">
				<int id="step">1</int>
				<int id="ts">1350518368</int>
			</object>
			<object id="PHFN9R9390D25C1">
				<int id="step">2</int>
				<int id="ts">1350518428</int>
			</object>
			<object id="PUVFVM8KG9B37F0">
				<int id="step">1</int>
				<int id="ts">1350518529</int>
			</object>
			<object id="PUV7PU7B5JH2OP2">
				<int id="step">2</int>
				<int id="ts">1350518532</int>
			</object>
			<object id="PUVEGG4T2FG2UCD">
				<int id="step">3</int>
				<int id="ts">1350518535</int>
			</object>
			<object id="PA9K8H9L9RD2ISS">
				<int id="step">1</int>
				<int id="ts">1350518894</int>
			</object>
			<object id="PUVNJCEML7P2ES0">
				<int id="step">1</int>
				<int id="ts">1350519442</int>
			</object>
			<object id="PUV3JOQHDGB322T">
				<int id="step">2</int>
				<int id="ts">1350519442</int>
			</object>
			<object id="PA9VHKNCKQD2LUN">
				<int id="step">3</int>
				<int id="ts">1350519443</int>
			</object>
			<object id="PA9K4D8K8MD27JH">
				<int id="step">1</int>
				<int id="ts">1350520308</int>
			</object>
			<object id="PUV4M2F46LL2DPA">
				<int id="step">1</int>
				<int id="ts">1350520350</int>
			</object>
			<object id="PCR6L4VMU3N1H72">
				<int id="step">2</int>
				<int id="ts">1350520734</int>
			</object>
			<object id="PUVUQ4FCGL931UO">
				<int id="step">1</int>
				<int id="ts">1350520897</int>
			</object>
		</object>
		<int id="incantations_step">1</int>
		<object id="emotes">
			<object id="25-05-23">
			</object>
			<object id="25-05-25">
			</object>
			<object id="25-05-26">
				<int id="PUV4U05FSGC3J8E">1351271942</int>
				<int id="PUVD2QJ05G934PG">1351272431</int>
				<int id="PUVQITRUOHB3CUO">1351272523</int>
				<int id="PA9BE3UF1VD2HR0">1351275203</int>
				<int id="PUV1TNS227D23C2">1351275449</int>
				<int id="PCRD007C83N19S4">1351275469</int>
				<int id="PCRJ6LP7QNS17JQ">1351277212</int>
				<int id="PHFEVQHPITC2G4D">1351277369</int>
				<int id="PCR42DQMSCV1P9O">1351277418</int>
				<int id="PUVAS64J8I93DP7">1351277580</int>
				<int id="PHV3O08VEE2287J">1351277689</int>
				<int id="PHV9E3ID45A249Q">1351277689</int>
				<int id="PUVAF4G4FG9398I">1351278905</int>
				<int id="PUV4Q57J6BS22VT">1351281555</int>
				<int id="PUVCJDEVLC938VM">1351284397</int>
				<int id="PUV4BNDS8F93JL3">1351284407</int>
				<int id="PUVPDEUHUL832K5">1351285009</int>
				<int id="PUVS62270NB35UP">1351285010</int>
			</object>
			<object id="25-05-27">
				<int id="PCR7T82R11K14AP">1351285230</int>
				<int id="PHV3TEP4ML326VP">1351285526</int>
				<int id="PUVUCKR0LKB3IN1">1351286973</int>
				<int id="PUV8IOCRVBC31KM">1351286975</int>
				<int id="PUVQAVTGUBC3QUV">1351288487</int>
				<int id="PUVUMRB0PJC3TUK">1351289406</int>
				<int id="PUV6KSA5FQB3QTG">1351289414</int>
				<int id="PUVSGG1ULJE2EBJ">1351290675</int>
				<int id="PUVOSJNP0NF2OSG">1351291696</int>
				<int id="PUV42LEOBAF2MKD">1351291698</int>
				<int id="PUVBA0BI3LE2QBN">1351293181</int>
				<int id="PUV57G8B3FC3Q67">1351293184</int>
				<int id="PIFKV75KG163LL9">1351293465</int>
				<int id="PUVSSK922EF27LP">1351295616</int>
				<int id="PCRIQ6OSD1N166M">1351296520</int>
				<int id="PIF8B5RA6R53ATT">1351297563</int>
				<int id="PUV1TNS227D23C2">1351297565</int>
			</object>
			<object id="25-05-28">
				<int id="PUV5U05UFFC3152">1351306224</int>
				<int id="PUVQK9NC2CA3UM4">1351306740</int>
				<int id="PUV5FLF16L935CN">1351307908</int>
				<int id="PUVLM1T4LQB3B39">1351308191</int>
				<int id="PA9AAQRSQ1E2VC8">1351308198</int>
				<int id="PUV1T6VPCAC3I2C">1351312674</int>
				<int id="PUVDM3K3CCG2ERK">1351312675</int>
			</object>
			<object id="25-05-29">
				<int id="PUVTEISFLLB38P4">1351316798</int>
				<int id="PHF9S44VTTC24T5">1351321542</int>
				<int id="PUVC6FB10GC3TB8">1351321640</int>
			</object>
			<object id="25-05-30">
				<int id="PHFMC95PB4D22H5">1351339736</int>
				<int id="PUVA0VV258C3ROR">1351340681</int>
				<int id="PUV1TNS227D23C2">1351341988</int>
			</object>
			<object id="25-05-31">
				<int id="PUV4R9677HC34N2">1351344704</int>
				<int id="PUVJO54O12F2NJ3">1351344724</int>
				<int id="PUV5KOGK3VB31HI">1351350682</int>
				<int id="PUVLDBAAO673ORE">1351351332</int>
				<int id="PUVNL8QJPC93O14">1351351521</int>
				<int id="PIF1G096IR53DG9">1351352968</int>
				<int id="PUVIC2CQS5D2EEA">1351352973</int>
				<int id="PUVQ44T8D9832CL">1351356202</int>
				<int id="PUV7U3KUK2C3MCG">1351356629</int>
				<int id="PUV1TNS227D23C2">1351356631</int>
			</object>
			<object id="25-05-32">
			</object>
			<object id="25-05-33">
			</object>
			<object id="25-05-34">
			</object>
			<object id="25-05-35">
			</object>
			<object id="25-05-36">
			</object>
			<object id="25-05-37">
			</object>
			<object id="25-05-38">
			</object>
			<object id="25-05-39">
			</object>
			<object id="25-05-40">
			</object>
		</object>
		<object id="hi_sign_evasion_record">
			<str id="pc_tsid">PUV1QK9Q61C3SF8</str>
			<str id="pc_label">Acyclic</str>
			<int id="secs">1</int>
			<int id="when">1351720560</int>
		</object>
		<object id="streaking_increments">
			<object id="25-07-08">
				<int id="PUVILST9GUI2GNT">1352338010</int>
				<int id="PIFHGN941I632RQ">1352338124</int>
				<int id="PUVICQRI1KC39TV">1352338487</int>
				<int id="PHFT66IJV2D29PS">1352338713</int>
				<int id="PCRQC081VTM1N2C">1352338764</int>
				<int id="PM1DM7LBVA02ABN">1352338774</int>
				<int id="PUV8D0AJPV639FM">1352338899</int>
				<int id="PUVNKQ5NLQC3VAI">1352338980</int>
				<int id="PUV75LCP7AD3H5F">1352339211</int>
				<int id="PUV53017RHC3DQJ">1352339465</int>
				<int id="PHF624MH10D2RFE">1352339829</int>
				<int id="PUVNL8QJPC93O14">1352339843</int>
				<int id="PUVPJ29FELB3U33">1352339966</int>
				<int id="PUVS76IBB0S2R71">1352340217</int>
				<int id="PIFKV75KG163LL9">1352340217</int>
				<int id="PHFQ3QMFHVC281F">1352340449</int>
				<int id="PUVPJIH5OGA3EL4">1352340467</int>
				<int id="PUV4O6C6GBD3ITF">1352340471</int>
				<int id="PUVRT27U67C3P2D">1352340487</int>
				<int id="PUVBJQLIQLB38JN">1352340630</int>
				<int id="PUVCOTKKG683UCO">1352340637</int>
				<int id="PUVOK86Q1NH22PA">1352340953</int>
				<int id="PIF157VFN063CTQ">1352341062</int>
				<int id="PUVPL4QIRFC3P3P">1352341097</int>
				<int id="PUV4H32DJ5B3RKO">1352341134</int>
				<int id="PUV2PAADR773LO4">1352341230</int>
				<int id="PUVFDC083PE2F30">1352341454</int>
				<int id="PUVJIPPFIBD398T">1352341502</int>
				<int id="PUVGOKRKAHB3URJ">1352341532</int>
				<int id="PUVLC2BEDDE2MGD">1352342366</int>
				<int id="PUVURSJJOQA3ERR">1352342653</int>
				<int id="PUV743BJDAC34HC">1352342678</int>
				<int id="PUVMGK6V6D732VR">1352342857</int>
				<int id="PUVJU69IKJC3BOE">1352343185</int>
				<int id="PUVBH5U8J8F29VD">1352343363</int>
				<int id="PIFH87H32963H19">1352343690</int>
				<int id="PUV22S2QJIF2GFM">1352343969</int>
				<int id="PM11J0LUK902GQV">1352344105</int>
				<int id="PUVAP0H77CC36BE">1352344219</int>
				<int id="PUVSFSPLFNB3DHR">1352345006</int>
				<int id="PUVOM8F6A3H2T74">1352345674</int>
				<int id="PHVLEE66STA2M50">1352346096</int>
				<int id="PA9HSMK86ID2F1A">1352346202</int>
				<int id="PHFNCFTVB4D2DNN">1352346518</int>
				<int id="PUVHV1J9EJ833AL">1352346572</int>
				<int id="PUVI4EDKGAJ207T">1352346641</int>
				<int id="PUVKKEO10TB32H1">1352346660</int>
				<int id="PUVER2ENULH2DBE">1352346689</int>
				<int id="PA9VHKNCKQD2LUN">1352347332</int>
				<int id="PHVT0GKF9T02136">1352347389</int>
				<int id="PUVVP3Q1VKB3O0M">1352348327</int>
				<int id="PUVVEUBT0KE20IO">1352348979</int>
				<int id="PUV7RQL8K7D3I10">1352349090</int>
				<int id="PA9Q94G71PD2M59">1352349192</int>
				<int id="PHFF9RF1U2D2JM4">1352349522</int>
				<int id="PUVL88N12R93662">1352349936</int>
				<int id="PUVH5K5FGJA3TQU">1352349987</int>
				<int id="PUVHT82E1AP2E7H">1352350009</int>
				<int id="PUVTJ95EO3A3J7V">1352350171</int>
				<int id="PUVUHK1IICA397A">1352350430</int>
				<int id="PUVB50SQBF93PVC">1352350612</int>
			</object>
			<object id="25-07-09">
				<int id="PUVL6SNU4FC3EBM">1352351570</int>
				<int id="PHFBJB377AD29TL">1352351838</int>
				<int id="PUVTD2NVTID3NDN">1352352316</int>
				<int id="PHFFIBQRICD28H9">1352352433</int>
				<int id="PCR4FCCFCSM10NT">1352352773</int>
				<int id="PUVIJILB95D21G5">1352353087</int>
				<int id="PUV9L691CFI2GRM">1352353108</int>
				<int id="PUVU760TM4H2155">1352353277</int>
				<int id="PUVBJ8PTEEA3QVT">1352353551</int>
				<int id="PCRAFRDJFUT1PGB">1352353571</int>
				<int id="PUVFH6OPFTF2LF6">1352353999</int>
				<int id="PUVFRIHJS5D259C">1352355056</int>
				<int id="PHVCIHQ7LN0268R">1352355079</int>
				<int id="PUVJ8B0F9Q7361D">1352355082</int>
				<int id="PUV36R4JTGD3TJF">1352355181</int>
				<int id="PUVDML8BPK93CKI">1352355281</int>
				<int id="PIFNHNBDMK63AN5">1352355739</int>
				<int id="PUV12E0QUBD3N2G">1352356144</int>
				<int id="PUVGV2K6PBG24Q2">1352356783</int>
				<int id="PA9NO43L7VD26VP">1352356919</int>
				<int id="PUVHCFH35MG2UOI">1352357293</int>
				<int id="PUVBDC5ET583TJS">1352357478</int>
				<int id="PUVV9B24MTB363H">1352358160</int>
				<int id="PA9MH98IKVD27CP">1352358185</int>
				<int id="PIFM7B1LC963BTO">1352358692</int>
				<int id="PA9MTNTQ1ND29LQ">1352359994</int>
				<int id="PHFUGVFQA3D28P7">1352360424</int>
				<int id="PUVPC6P6SA839RS">1352360684</int>
				<int id="PUVQJQHA6G93AQJ">1352360766</int>
				<int id="PUVO54G4RGC394I">1352360849</int>
				<int id="PUVVG7H0FJB3A8N">1352360960</int>
				<int id="PHVPBUH9R3A23NS">1352361316</int>
				<int id="PHFVCRK8V4D22NS">1352361847</int>
				<int id="PUVKDO4T9783BCF">1352361874</int>
				<int id="PIFEQLIRTS53BH9">1352362242</int>
				<int id="PHFTTPBQ52D2EAM">1352362691</int>
				<int id="PUVD1R35GNC3PP0">1352363529</int>
				<int id="PCRF91L4KNS1SSI">1352364676</int>
			</object>
			<object id="25-07-10">
				<int id="PUVNTDFC8RC34UR">1352365974</int>
				<int id="PUVKRH3AA7D2CPT">1352367064</int>
				<int id="PCR12K6MG5S14JV">1352367260</int>
				<int id="PUV979L46IB3HEE">1352368555</int>
				<int id="PUV14N2LA8D2JIJ">1352369566</int>
				<int id="PUVT888FTNA3KV6">1352369890</int>
				<int id="PHVFSV9R04A2DO9">1352370156</int>
				<int id="PUV94MUVPHE2IQJ">1352371085</int>
				<int id="PHFBMADAEAD2JND">1352371196</int>
				<int id="PUVD5U87HNB3HQU">1352371391</int>
				<int id="PIF37IOVLQ53B17">1352371960</int>
				<int id="PUVSVMTPFIJ2M6B">1352373149</int>
				<int id="PHFINSK9JCD29H5">1352374053</int>
				<int id="PUV96R35IRF24SR">1352375998</int>
			</object>
			<object id="25-07-11">
				<int id="PUVH7BU7IQC3O8D">1352379887</int>
				<int id="PUVJ14GQK8D2BAC">1352380195</int>
				<int id="PUV4DE6TGQB3AE8">1352381472</int>
				<int id="PUV7EHQA6SC3P1N">1352381993</int>
				<int id="PCRFLA5IKNS19P1">1352382727</int>
				<int id="PUV70B01CBG27J4">1352382961</int>
				<int id="PUV5L7HCIF8378N">1352383631</int>
				<int id="PUVL4LENIBD3AQQ">1352383920</int>
				<int id="PUV9CNLNK7D3MR7">1352384124</int>
				<int id="PUVBDPMKLPC3JB3">1352384355</int>
				<int id="PUV1IT5MDEC35J8">1352384450</int>
				<int id="PHVKLAV9JEC2F4B">1352384792</int>
				<int id="PUVNJQNIC7D29GA">1352385065</int>
				<int id="PUVQN4IADGG28KK">1352385103</int>
				<int id="PUV8PBHEH5K2E9N">1352385583</int>
				<int id="PUV22S2QJIF2GFM">1352385772</int>
				<int id="PCR825CVE0N1DVT">1352386191</int>
				<int id="PHFINSK9JCD29H5">1352386196</int>
				<int id="PHVAI4B3TK82G0N">1352386383</int>
				<int id="PUVHB7KP49E202R">1352386770</int>
				<int id="PCR10CGI60N1LG6">1352386936</int>
				<int id="PUV2NS4UP8G2BAS">1352387841</int>
				<int id="PIFG2ITIPK63M0R">1352388108</int>
				<int id="PUVKIT6A3FB38C7">1352388164</int>
				<int id="PUVG6BCRFA93SGL">1352388763</int>
				<int id="PUVSVALD06C3B9R">1352389081</int>
				<int id="PUVBHA1C58C33PQ">1352389257</int>
				<int id="PUVM4P3TPBG2CTI">1352389258</int>
				<int id="PHVBQSO3LG22530">1352389258</int>
				<int id="PUV9EUTOH6D2SD9">1352389258</int>
				<int id="PUV9TAHHD9G289O">1352389258</int>
				<int id="PUVC77TNAEC356A">1352389509</int>
				<int id="PUV6IJITA1F2VFO">1352389651</int>
				<int id="PUV9BBKR19G2T3T">1352389844</int>
				<int id="PUVKP5AMB8D3J38">1352389856</int>
				<int id="PUVLDBAAO673ORE">1352390085</int>
				<int id="PUV4UJHN39E2828">1352391628</int>
				<int id="PUV5BRNNP2C304V">1352392007</int>
				<int id="PUV3L6COM5B3O35">1352392464</int>
				<int id="PUVPE4DEUBC3E4F">1352392759</int>
				<int id="PUV473G116D2GUS">1352393203</int>
			</object>
			<object id="25-07-12">
				<int id="PHFIPVH38TC2PIV">1352394252</int>
				<int id="PUVVJ936BCA3M1E">1352395216</int>
				<int id="PUV9C064K4C352I">1352395216</int>
				<int id="PUVFDC083PE2F30">1352395604</int>
				<int id="PUVPRKF3VAC3NFG">1352395842</int>
				<int id="PUVLE608CNB3GA3">1352395972</int>
				<int id="PCROPEN11OS1K51">1352395999</int>
				<int id="PUVHT82E1AP2E7H">1352396518</int>
				<int id="PUV611DPFLE2TKH">1352397558</int>
				<int id="PUVDLL0ENLC3GCE">1352397782</int>
				<int id="PHV90CU6KG22L76">1352397842</int>
				<int id="PUVJ0E8EINE276C">1352397904</int>
				<int id="PCRE77SPB0U14V3">1352398102</int>
				<int id="PHFIVA1983D25F9">1352398144</int>
				<int id="PHFQF61M2CD2DOI">1352398144</int>
				<int id="PUVDML8BPK93CKI">1352398400</int>
				<int id="PUVV5Q9GL9D2P2N">1352398432</int>
				<int id="PIFLC6T4UK63AKI">1352398453</int>
				<int id="PUVPTF7N2DG203S">1352398453</int>
				<int id="PUVJ9O4VKPB3JV2">1352398813</int>
				<int id="PCRE2VRLINS18V4">1352398889</int>
				<int id="PHVP4B1U0H22UNL">1352399723</int>
				<int id="PUVUEFJABRG2LND">1352400092</int>
				<int id="PIFH2M74I363P2I">1352400177</int>
				<int id="PUVTEUHGBSC3H20">1352400300</int>
				<int id="PA998GBOSJD2EDI">1352400666</int>
				<int id="PHVSGKDV7SA2FK8">1352401008</int>
				<int id="PCRDBVC21JL12OL">1352401182</int>
				<int id="PUVS2L05QPF2N3H">1352402153</int>
				<int id="PUVQF34IQ7B3GQ2">1352402247</int>
				<int id="PA92MJIOKQD2IMA">1352402389</int>
				<int id="PHFQ8BJAR0D28JI">1352402746</int>
				<int id="PUVHIS3DV5D20RQ">1352403633</int>
				<int id="PUV9DATQ15D3NHB">1352403674</int>
				<int id="PUVI0LUOTEP2QE4">1352404034</int>
				<int id="PUVTMGFFBQ63516">1352404252</int>
				<int id="PUV7TUKE35C3U5F">1352404927</int>
				<int id="PHFDH2M9ITC263E">1352405067</int>
				<int id="PUVANK930CC3FME">1352405552</int>
				<int id="PHVNJ4LKTQ626HM">1352405757</int>
				<int id="PHFINSK9JCD29H5">1352405892</int>
				<int id="PUVMAEO5BUC31VI">1352405892</int>
				<int id="PUVHV1J9EJ833AL">1352406253</int>
				<int id="PHVT2V3P3U22T8R">1352406941</int>
				<int id="PUV2PAADR773LO4">1352407324</int>
				<int id="PHVCAFEPHL4277G">1352407441</int>
				<int id="PCR2CQ0NIOS1BSK">1352407459</int>
				<int id="PUVHS2V1RJC3U6F">1352408024</int>
				<int id="PHF43603F4D2I2C">1352408085</int>
				<int id="PA9TE01R56E25RU">1352408166</int>
				<int id="PUVP1TO9SNB3U06">1352408200</int>
			</object>
			<object id="25-07-13">
				<int id="PUVQ71U5MVK20D3">1352409005</int>
				<int id="PUV3CEMES9C31A5">1352409869</int>
				<int id="PUV14N2LA8D2JIJ">1352410060</int>
				<int id="PUV979L46IB3HEE">1352410453</int>
				<int id="PUV1D62CP6D2M64">1352410542</int>
				<int id="PHVSGKDV7SA2FK8">1352410542</int>
				<int id="PUVSVDEIMTG26B0">1352410556</int>
				<int id="PCR3M6A0A0N1KVG">1352410637</int>
				<int id="PCRBEFESFUM1J0T">1352411151</int>
				<int id="PUV60PE6S6D3BT0">1352411236</int>
				<int id="PUVH20B9EL73O40">1352411442</int>
				<int id="PUVU7J20FVB3065">1352411587</int>
				<int id="PUV3R5M8VN63HKK">1352411937</int>
				<int id="PCR14AIGQJO1V4O">1352412731</int>
				<int id="PUVSLU0J4AD36SK">1352412788</int>
				<int id="PHF4VCR245D2MK3">1352413041</int>
				<int id="PUVF79KMEGC3EU4">1352413159</int>
				<int id="PUVI0LUOTEP2QE4">1352413297</int>
				<int id="PHFU9TB1JVC2JE6">1352413432</int>
				<int id="PA9UFDR4JJD224N">1352413432</int>
				<int id="PHFSSK0KN1D2MJL">1352413520</int>
				<int id="PUV16JMR69C3LLN">1352413744</int>
				<int id="PUVBDPMKLPC3JB3">1352414408</int>
				<int id="PHF9BGSKEUC2HD7">1352414662</int>
				<int id="PHVSCM4AFS627EF">1352414674</int>
				<int id="PUV4DAEQGTH2M1R">1352414910</int>
				<int id="PUVE46Q101A3SHJ">1352415543</int>
				<int id="PUV8726GUNH2L21">1352415571</int>
				<int id="PUVOU2RQF3D3LSK">1352415791</int>
				<int id="PDO2V71MMAR2SER">1352416061</int>
				<int id="PUV8S9J1PAD3RO7">1352416207</int>
				<int id="PHVT6D96EL22G4P">1352416876</int>
				<int id="PA9TS1I877E2TF3">1352417039</int>
				<int id="PUVBUB7PT9E2HLL">1352417206</int>
				<int id="PUVRINE0QJL2GOH">1352417367</int>
				<int id="PUVRKFKFDGG2OPH">1352417541</int>
				<int id="PUVGVHKPT3D3JN7">1352417666</int>
				<int id="PUV5R64J6FC3QRP">1352418131</int>
				<int id="PUVS01MGFEH2MAJ">1352418166</int>
				<int id="PUV42LEOBAF2MKD">1352418224</int>
				<int id="PUVA2RGKSPK263G">1352418537</int>
				<int id="PHV3SOHNMB52ELG">1352418781</int>
				<int id="PUVSLPFE06D2FMT">1352419217</int>
				<int id="PUV682PVF5D23FH">1352419380</int>
				<int id="PUVN10CBHLB3GIG">1352420070</int>
				<int id="PUVRG5H7NC93PKJ">1352420187</int>
				<int id="PUV4N334I9E2IT1">1352420212</int>
				<int id="PCR7T82R11K14AP">1352420277</int>
				<int id="PUV7U3V812C3S7H">1352420596</int>
				<int id="PUVTSH9ODK9337I">1352420616</int>
				<int id="PIF7H9834L63PBV">1352421632</int>
				<int id="PUV3N5URCTB3SGH">1352421778</int>
				<int id="PUV9N3PK4G9370C">1352422294</int>
				<int id="PUV8PBHEH5K2E9N">1352422415</int>
				<int id="PUV4TQTEMAH2OIS">1352422606</int>
			</object>
			<object id="25-08-01">
				<int id="PUVA1JND5373D20">1352422886</int>
				<int id="PUVR52G3AB93JMR">1352423041</int>
				<int id="PUV3KH2MQSB3LR9">1352425467</int>
			</object>
			<object id="25-08-02">
				<int id="PHV11H22PQA2JEL">1352450571</int>
			</object>
			<object id="25-08-05">
				<int id="PUVT08IK8H93JLQ">1352484727</int>
				<int id="PUVJQJP8QFC3V0E">1352493547</int>
			</object>
			<object id="25-08-06">
				<int id="PHVF1FRMV9929LG">1352509082</int>
			</object>
			<object id="25-08-07">
				<int id="PHVF1FRMV9929LG">1352509649</int>
				<int id="PUVDU6QF35D3B6F">1352510862</int>
				<int id="PA9N1FRNSFD2UKI">1352513828</int>
			</object>
			<object id="25-08-18">
				<int id="PUVVH9M65UC3908">1352674746</int>
			</object>
			<object id="25-08-19">
				<int id="PUV79QJ22TB3F4O">1352693692</int>
			</object>
			<object id="25-08-20">
				<int id="PUV7JB00JKB3KR5">1352710286</int>
			</object>
			<object id="25-08-23">
				<int id="PUV2T1MGQ9G2B9J">1352753193</int>
			</object>
			<object id="25-08-24">
				<int id="PUVAFFD08UC30D0">1352758765</int>
			</object>
			<object id="25-08-33">
				<int id="PUVBDC5ET583TJS">1352890697</int>
			</object>
			<object id="25-08-36">
				<int id="PHVF1FRMV9929LG">1352928841</int>
			</object>
			<object id="25-09-02">
				<int id="PIF4G0OQMF01PSQ">1352973604</int>
			</object>
			<object id="25-10-32">
				<int id="PHVKLAQBJ3A2O56">1353478003</int>
			</object>
			<object id="26-01-12">
				<int id="PUVDU6QF35D3B6F">1354047127</int>
			</object>
			<object id="26-01-21">
				<int id="PUVP9HSCJT83QGH">1354166478</int>
			</object>
			<object id="26-01-25">
				<int id="PUVP9HSCJT83QGH">1354234722</int>
			</object>
			<object id="26-03-47">
				<int id="PIFK9I4C8063A0M">1355012241</int>
			</object>
			<object id="26-04-01">
				<int id="PUVFJEMMT2F2N0V">1355103153</int>
				<int id="PUVB6DDK0NC3OCG">1355103981</int>
				<int id="PUVSRKDKT993SB7">1355105440</int>
			</object>
		</object>
		<object id="incantations_redux">
			<object id="PHF31BRLV4D27G0">
				<int id="step">1</int>
				<int id="ts">1354918934</int>
			</object>
			<object id="PUVA3N81DSK2MT2">
				<int id="step">2</int>
				<int id="ts">1354918938</int>
			</object>
			<object id="PHFINSK9JCD29H5">
				<int id="step">3</int>
				<int id="ts">1354918950</int>
			</object>
			<object id="PUVLDBAAO673ORE">
				<int id="step">1</int>
				<int id="ts">1354919246</int>
			</object>
			<object id="PUVUCMK66OE2S7S">
				<int id="step">1</int>
				<int id="ts">1354919986</int>
			</object>
			<object id="PUVHT82E1AP2E7H">
				<int id="step">2</int>
				<int id="ts">1354919988</int>
			</object>
			<object id="PUV42LEOBAF2MKD">
				<int id="step">3</int>
				<int id="ts">1354919998</int>
			</object>
			<object id="PUV4MAIL2873TVV">
				<int id="step">1</int>
				<int id="ts">1354920228</int>
			</object>
			<object id="PUV1C9DM7JE2KRJ">
				<int id="step">2</int>
				<int id="ts">1354920233</int>
			</object>
			<object id="PUVQ6I3032D3097">
				<int id="step">3</int>
				<int id="ts">1354920237</int>
			</object>
			<object id="PCRE15VHINS1RJI">
				<int id="step">1</int>
				<int id="ts">1354920307</int>
			</object>
			<object id="PUVEMM5D8IH26SE">
				<int id="step">2</int>
				<int id="ts">1354920308</int>
			</object>
			<object id="PUVU0H1NB7E3U57">
				<int id="step">3</int>
				<int id="ts">1354920310</int>
			</object>
			<object id="PUVLQBGCGSM26QB">
				<int id="step">1</int>
				<int id="ts">1354923754</int>
			</object>
			<object id="PHVC0HO5CF228AQ">
				<int id="step">2</int>
				<int id="ts">1354923756</int>
			</object>
			<object id="PUVB6DVSMTM27ND">
				<int id="step">3</int>
				<int id="ts">1354923763</int>
			</object>
			<object id="PUV5DGRMO4H2DNG">
				<int id="step">1</int>
				<int id="ts">1354924177</int>
			</object>
			<object id="PCRLR85EFDV1F9B">
				<int id="step">2</int>
				<int id="ts">1354924179</int>
			</object>
			<object id="PIF101U0QF7SM">
				<int id="step">3</int>
				<int id="ts">1354925687</int>
			</object>
			<object id="PUV4TQTEMAH2OIS">
				<int id="step">1</int>
				<int id="ts">1354927418</int>
			</object>
			<object id="PUVF02HO6AG2E66">
				<int id="step">1</int>
				<int id="ts">1354927778</int>
			</object>
			<object id="PUVP0UBER9C30DP">
				<int id="step">1</int>
				<int id="ts">1354928291</int>
			</object>
			<object id="PUVTVRH3K1A30EQ">
				<int id="step">1</int>
				<int id="ts">1354928752</int>
			</object>
			<object id="PUVF5CIS8UE2209">
				<int id="step">1</int>
				<int id="ts">1354931836</int>
			</object>
			<object id="PHF624MH10D2RFE">
				<int id="step">2</int>
				<int id="ts">1354931836</int>
			</object>
			<object id="PA9IG1OCQUD2DLT">
				<int id="step">3</int>
				<int id="ts">1354931838</int>
			</object>
			<object id="PHFNS9AVU2D2BE6">
				<int id="step">1</int>
				<int id="ts">1354939024</int>
			</object>
			<object id="PUVETOAC09D3VCT">
				<int id="step">2</int>
				<int id="ts">1354941989</int>
			</object>
			<object id="PUVQOVN59ME2QM9">
				<int id="step">1</int>
				<int id="ts">1354943781</int>
			</object>
			<object id="PUVN67TRKMC3N0V">
				<int id="step">1</int>
				<int id="ts">1354943890</int>
			</object>
			<object id="PHF3SVTUB3D2MGO">
				<int id="step">2</int>
				<int id="ts">1354943891</int>
			</object>
			<object id="PUVI9N9CSSI2JSM">
				<int id="step">3</int>
				<int id="ts">1354943893</int>
			</object>
			<object id="PUVVMO4U93T23J4">
				<int id="step">1</int>
				<int id="ts">1354947412</int>
			</object>
			<object id="PUVBUB7PT9E2HLL">
				<int id="step">2</int>
				<int id="ts">1354947426</int>
			</object>
			<object id="PA92MJIOKQD2IMA">
				<int id="step">1</int>
				<int id="ts">1354949645</int>
			</object>
			<object id="PUVJGMGHIIA388B">
				<int id="step">1</int>
				<int id="ts">1354954772</int>
			</object>
			<object id="PUVUTSGV5JB37FB">
				<int id="step">2</int>
				<int id="ts">1354954773</int>
			</object>
			<object id="PA95UHHMLID28OO">
				<int id="step">3</int>
				<int id="ts">1354954774</int>
			</object>
			<object id="PUVOV284NNA3T07">
				<int id="step">1</int>
				<int id="ts">1354966537</int>
			</object>
			<object id="PA97PHPM54E2M0U">
				<int id="step">2</int>
				<int id="ts">1354975032</int>
			</object>
			<object id="PUVKMVKGUCG2PM3">
				<int id="step">3</int>
				<int id="ts">1354975036</int>
			</object>
			<object id="PIFB7QP3SH63DL7">
				<int id="step">1</int>
				<int id="ts">1354975481</int>
			</object>
			<object id="PUV766GM4TE2A3Q">
				<int id="step">1</int>
				<int id="ts">1354982145</int>
			</object>
			<object id="PIFLC6T4UK63AKI">
				<int id="step">2</int>
				<int id="ts">1354982147</int>
			</object>
			<object id="PUV51L15LQE2I86">
				<int id="step">3</int>
				<int id="ts">1354985876</int>
			</object>
			<object id="PUV4J86UJPC3TEN">
				<int id="step">1</int>
				<int id="ts">1354989376</int>
			</object>
			<object id="PUV5EVLD0KF2669">
				<int id="step">2</int>
				<int id="ts">1354989381</int>
			</object>
			<object id="PA9QGBL6FSD20U9">
				<int id="step">1</int>
				<int id="ts">1354989954</int>
			</object>
			<object id="PUV6JPAODNB3FOK">
				<int id="step">2</int>
				<int id="ts">1354991605</int>
			</object>
			<object id="PHFIU1P4P4D2PHL">
				<int id="step">1</int>
				<int id="ts">1354997417</int>
			</object>
			<object id="PHV76S67V9A2DUA">
				<int id="step">2</int>
				<int id="ts">1354997779</int>
			</object>
			<object id="PHVAN0R6UK8249B">
				<int id="step">1</int>
				<int id="ts">1354997919</int>
			</object>
			<object id="PUVG6IV8J5F28N1">
				<int id="step">2</int>
				<int id="ts">1354998389</int>
			</object>
			<object id="PUVEV5DE2KA32AE">
				<int id="step">1</int>
				<int id="ts">1355000296</int>
			</object>
		</object>
		<int id="incantations_redux_step">1</int>
	</object>
	<objrefs id="items">
		<objref tsid="IA51EMS4VK62NRO" label="Quoin"/>
		<objref tsid="IA51HCIKBC62244" label="Street Spirit"/>
		<objref tsid="IA51EKT2VK62D0K" label="Quoin"/>
		<objref tsid="IA51EL03VK62SMP" label="Quoin"/>
		<objref tsid="IA51EGK1VK62PPD" label="Quoin"/>
		<objref tsid="IA518AMNQ26276H" label="Quoin"/>
		<objref tsid="IA512NQUTI52BK2" label="Dirt Pile"/>
		<objref tsid="IA51EHR1VK62PQK" label="Quoin"/>
		<objref tsid="IA51EI62VK62861" label="Quoin"/>
		<objref tsid="IA512MCTTI5253H" label="Shrine to Pot"/>
		<objref tsid="IA5189JNQ262SOB" label="Quoin"/>
		<objref tsid="INVOD7H77GQ2DKS" label="Qurazy marker"/>
		<objref tsid="IIFGM5QIED838OQ" label="Coin"/>
		<objref tsid="IA51EJK2VK627V3" label="Quoin"/>
		<objref tsid="IHVOP456G6G36AQ" label="Fruit Tree"/>
	</objrefs>
	<objrefs id="players">
		<objref tsid="PUVFC1PNKFC33N7" label="DIPPY DAWG"/>
		<objref tsid="PUVE0DNAO6S2CG8" label="Veyr"/>
		<objref tsid="PUVAR9OF9F73ORI" label="Big Matty"/>
		<objref tsid="PUV9EFS4T9F2ETS" label="smokebomb67"/>
		<objref tsid="PUV76ELMT8E21ME" label="Aristides"/>
		<objref tsid="PA9VF0ON1GD2E9F" label="cosdem"/>
		<objref tsid="PUVVM8OHVTF2P1H" label="wargasm"/>
		<objref tsid="PHFCJ7I55TC2DUN" label="Saiyanne"/>
		<objref tsid="PUVGB5A3JTD3HTQ" label="JimmyJoe"/>
		<objref tsid="PHFIVPSII2D2G06" label="Grant_McGroarty"/>
		<objref tsid="PUVTVFAIJE93OP5" label="Rugnicon"/>
		<objref tsid="PDOMQ7AAAJT2QNL" label="gothic katt"/>
		<objref tsid="PUV3A1SG4UD3REC" label="Clever Nickname"/>
		<objref tsid="PUVBONMHFOB3H9K" label="PooBaJo"/>
		<objref tsid="PUV4B78SN1F266D" label="Arisato"/>
		<objref tsid="PUVJSQDUS5D236S" label="gery"/>
		<objref tsid="PUVSALB0RE93ICB" label="Blasfemous"/>
		<objref tsid="PUVMIOOE4QH22CD" label="spyderfry"/>
		<objref tsid="PUV7479TQCE220M" label="Imalimabean"/>
		<objref tsid="PUVI1L13HTA3AVJ" label="CaptainMacGavin"/>
		<objref tsid="PDOE1G5HR4U2KM0" label="Vulpix"/>
		<objref tsid="PUV6SVATK7C32IM" label="Talice"/>
		<objref tsid="PUVANAMG7KC3S5A" label="CassieTheGeek"/>
		<objref tsid="PA9Q9268NUD2L5F" label="Minimel"/>
		<objref tsid="PUV1P1E7MNI2HJ6" label="Rungalo"/>
		<objref tsid="PIF5L9SSEL63FAK" label="Lambo Bovino"/>
		<objref tsid="PHFJ6KMKN0D2CPS" label="lowgman"/>
		<objref tsid="PUVVKCA4FR63T9F" label="Null Andvoid"/>
		<objref tsid="PUVLLSSTE2G2US2" label="Mickey Knox"/>
		<objref tsid="PUVLLV4688F2KQS" label="Prettyxx"/>
		<objref tsid="PUVVHODF05E3R1A" label="Swanky"/>
		<objref tsid="PHVJVTB5EH72SRV" label="noties"/>
		<objref tsid="PIF9FJ9VEG63LA9" label="Mocksoup"/>
		<objref tsid="PUVJQP82QFD3AS9" label="Coala A"/>
		<objref tsid="PUV59OJ6V7C3LTV" label="EmberSparx"/>
		<objref tsid="PUVGJQ0AO7D2TTM" label="Jewelxo"/>
		<objref tsid="PUV3OVH61KE2RBE" label="Poli"/>
		<objref tsid="PUV4Q7G2S4E364K" label="Pinkie Swirl"/>
		<objref tsid="PUV4PURE0BG2GJP" label="Crowstone"/>
		<objref tsid="PUVEUBTQ7KG2IAJ" label="Bluebelle"/>
		<objref tsid="PUVVM6A85IB398D" label="Kong of Flax"/>
		<objref tsid="PUV7N2KPI8C3CGC" label="Werensztajn"/>
		<objref tsid="PUVM1LTS8NC3MKR" label="DoctorRomana"/>
	</objrefs>
</game_object>
