<game_object tsid="LA9T11KPMD82B1S" ts="1364236515871" label="Matsua Mossy" class_tsid="town" hubid="97" moteid="9" letime="3g8ft14q" rbtime="28dmpkb1" upd_gs="gs6" load_time="2013-03-25 11:24:45.000">
	<object id="dynamic">
		<object id="loading_image">
			<str id="url">streets/2011-08-05/LA9T11KPMD82B1S_loading_1312592221.jpg</str>
			<int id="w">840</int>
			<int id="h">160</int>
		</object>
		<object id="image">
			<str id="url">streets/2011-08-05/LA9T11KPMD82B1S_main_1312592222.jpg</str>
			<int id="w">720</int>
			<int id="h">120</int>
		</object>
		<object id="jobs">
			<object id="598">
				<object id="street_info">
					<int id="type">1</int>
					<int id="is_hidden">0</int>
					<str id="title_override">Build Matsua Mossy in Muufo</str>
					<str id="desc_override">Expand Muufo by building a new street, Matsua Mossy.</str>
					<object id="connecting_streets">
						<str id="0">LA9KL68C1D825IA</str>
					</object>
				</object>
				<object id="class_ids">
					<object id="job_street_ph5_01">
						<int id="in_order">1</int>
						<int id="delay_seconds">0</int>
						<str id="delay_text"></str>
						<str id="label">Rise &amp; Shine</str>
						<str id="class_id">job_street_ph5_01</str>
					</object>
					<object id="job_street_ph2_02">
						<int id="in_order">2</int>
						<int id="delay_seconds">1200</int>
						<str id="delay_text"></str>
						<str id="label">Supply &amp; Prepare</str>
					</object>
					<object id="job_street_ph5_03">
						<int id="in_order">3</int>
						<int id="delay_seconds">1200</int>
						<str id="delay_text"></str>
						<str id="label">Veggie Adventure</str>
					</object>
					<object id="job_street_ph5_02">
						<int id="in_order">4</int>
						<int id="delay_seconds">1200</int>
						<str id="delay_text"></str>
						<str id="label">Shindig</str>
					</object>
				</object>
			</object>
			<object id="599">
				<object id="street_info">
					<int id="type">2</int>
					<int id="is_hidden">0</int>
					<str id="title_override">Build Nira Nooks in Muufo</str>
					<str id="desc_override">Expand Muufo by building a new street, Nira Nooks.</str>
					<str id="target_street">LA9KLB7I1D822OL</str>
				</object>
				<object id="class_ids">
					<object id="job_street_ph2_04">
						<int id="in_order">1</int>
						<int id="delay_seconds">0</int>
						<str id="delay_text"></str>
						<str id="label">Engineer &amp; Build</str>
						<str id="class_id">job_street_ph2_04</str>
						<objref id="instance" tsid="QA9O36S2HF92LKR"/>
					</object>
					<object id="job_street_ph1_08">
						<int id="in_order">2</int>
						<int id="delay_seconds">1200</int>
						<str id="delay_text"></str>
						<str id="label">Get Dirty</str>
						<str id="class_id">job_street_ph1_08</str>
						<objref id="instance" tsid="QA98C44PPH9207H"/>
					</object>
					<object id="job_street_ph2_03">
						<int id="in_order">3</int>
						<int id="delay_seconds">1200</int>
						<str id="delay_text"></str>
						<str id="label">Backyard BBQ</str>
						<str id="class_id">job_street_ph2_03</str>
						<objref id="instance" tsid="QA9KBI6DTH92CHO"/>
					</object>
					<object id="job_street_ph4_02">
						<int id="in_order">4</int>
						<int id="delay_seconds">1200</int>
						<str id="delay_text"></str>
						<str id="label">Backroom Dealings</str>
						<str id="class_id">job_street_ph4_02</str>
						<objref id="instance" tsid="QA9V0IFD1I929A3"/>
					</object>
				</object>
			</object>
		</object>
		<bool id="jobs_is_locked">false</bool>
		<object id="delayed_sounds">
		</object>
		<object id="action_requests">
		</object>
		<object id="rook_status">
			<bool id="rooked">false</bool>
		</object>
		<object id="stun_orbs">
		</object>
		<object id="keys">
		</object>
		<object id="qurazy">
		</object>
		<object id="incantations">
			<object id="PUVDGQG61EE28BB">
				<int id="step">1</int>
				<int id="ts">1350438422</int>
			</object>
			<object id="PHVT7Q4O4O0236A">
				<int id="step">1</int>
				<int id="ts">1350438515</int>
			</object>
			<object id="PHFA302213D2GRI">
				<int id="step">2</int>
				<int id="ts">1350438536</int>
			</object>
			<object id="PUV2IF5R1LB3O7F">
				<int id="step">1</int>
				<int id="ts">1350439509</int>
			</object>
			<object id="PUVS0VLJ9G93E96">
				<int id="step">1</int>
				<int id="ts">1350439714</int>
			</object>
			<object id="PUVVE7C5HV93LDE">
				<int id="step">2</int>
				<int id="ts">1350439718</int>
			</object>
			<object id="PUVLFPT60BB3COT">
				<int id="step">3</int>
				<int id="ts">1350439719</int>
			</object>
			<object id="PUVVK2LRTDB3DVG">
				<int id="step">1</int>
				<int id="ts">1350439862</int>
			</object>
			<object id="PUV73273RDB384B">
				<int id="step">2</int>
				<int id="ts">1350439864</int>
			</object>
			<object id="PUVKVR5LSDB35CM">
				<int id="step">3</int>
				<int id="ts">1350439870</int>
			</object>
			<object id="PUVS7GF5U6839O4">
				<int id="step">1</int>
				<int id="ts">1350439896</int>
			</object>
			<object id="PHF624MH10D2RFE">
				<int id="step">1</int>
				<int id="ts">1350440254</int>
			</object>
			<object id="PUVTEISFLLB38P4">
				<int id="step">2</int>
				<int id="ts">1350440255</int>
			</object>
			<object id="PUV1T4MF4FF2Q8S">
				<int id="step">3</int>
				<int id="ts">1350440256</int>
			</object>
			<object id="PHFPRQPJJ2D2NKI">
				<int id="step">1</int>
				<int id="ts">1350441156</int>
			</object>
			<object id="PHFIPVH38TC2PIV">
				<int id="step">2</int>
				<int id="ts">1350441162</int>
			</object>
			<object id="PHVP4B1U0H22UNL">
				<int id="step">3</int>
				<int id="ts">1350441163</int>
			</object>
			<object id="PUVS27VFH8K2F38">
				<int id="step">1</int>
				<int id="ts">1350442034</int>
			</object>
			<object id="PHVGU6I056A2DL9">
				<int id="step">2</int>
				<int id="ts">1350442036</int>
			</object>
			<object id="PHVR4QIMCOA205O">
				<int id="step">3</int>
				<int id="ts">1350442039</int>
			</object>
			<object id="PUVGUSBSUSF297H">
				<int id="step">1</int>
				<int id="ts">1350442364</int>
			</object>
			<object id="PUVFH6OPFTF2LF6">
				<int id="step">2</int>
				<int id="ts">1350442365</int>
			</object>
			<object id="PUV2PCFUPSF2NBE">
				<int id="step">3</int>
				<int id="ts">1350442367</int>
			</object>
			<object id="PIFMCP16DG63SAH">
				<int id="step">1</int>
				<int id="ts">1350444429</int>
			</object>
			<object id="PIFTI697KF63DUO">
				<int id="step">2</int>
				<int id="ts">1350444429</int>
			</object>
			<object id="PIFH4KS85L63D4V">
				<int id="step">3</int>
				<int id="ts">1350444431</int>
			</object>
			<object id="PIFV8NHUC063V2D">
				<int id="step">1</int>
				<int id="ts">1350444508</int>
			</object>
			<object id="PUVKTD8OIP73FK9">
				<int id="step">2</int>
				<int id="ts">1350444517</int>
			</object>
			<object id="PHVR3SACH38205T">
				<int id="step">3</int>
				<int id="ts">1350444521</int>
			</object>
			<object id="PUV23CR4T8F22HA">
				<int id="step">1</int>
				<int id="ts">1350444988</int>
			</object>
			<object id="PUVQC85P4U73FTO">
				<int id="step">2</int>
				<int id="ts">1350444989</int>
			</object>
			<object id="PUVRPUE7RO73KNE">
				<int id="step">3</int>
				<int id="ts">1350444991</int>
			</object>
			<object id="PHF2VPV503D26FE">
				<int id="step">1</int>
				<int id="ts">1350447824</int>
			</object>
			<object id="PUVF7TDOFA93ATH">
				<int id="step">2</int>
				<int id="ts">1350447873</int>
			</object>
			<object id="PUVICMAK8SJ2MAS">
				<int id="step">3</int>
				<int id="ts">1350447882</int>
			</object>
			<object id="PLI16FSFK2I91">
				<int id="step">1</int>
				<int id="ts">1350447885</int>
			</object>
			<object id="PHVR7F201F72EUM">
				<int id="step">1</int>
				<int id="ts">1350449045</int>
			</object>
			<object id="PHFV3DRAV0D23TB">
				<int id="step">2</int>
				<int id="ts">1350449047</int>
			</object>
			<object id="PHV3SOHNMB52ELG">
				<int id="step">3</int>
				<int id="ts">1350449048</int>
			</object>
			<object id="PHFFIBQRICD28H9">
				<int id="step">1</int>
				<int id="ts">1350449433</int>
			</object>
			<object id="PUVI4EDKGAJ207T">
				<int id="step">1</int>
				<int id="ts">1350451636</int>
			</object>
			<object id="PHF7GOMJS1D24NC">
				<int id="step">2</int>
				<int id="ts">1350451643</int>
			</object>
			<object id="PUVFUD1UJRE26GD">
				<int id="step">3</int>
				<int id="ts">1350451645</int>
			</object>
			<object id="PUV24RND2U83B75">
				<int id="step">1</int>
				<int id="ts">1350464869</int>
			</object>
			<object id="PHVL8BGEO752C3M">
				<int id="step">2</int>
				<int id="ts">1350464873</int>
			</object>
			<object id="PUVSGG1ULJE2EBJ">
				<int id="step">1</int>
				<int id="ts">1350468662</int>
			</object>
			<object id="PUVS2S2R0MB3R01">
				<int id="step">2</int>
				<int id="ts">1350468664</int>
			</object>
			<object id="PIF9R57T8P53I85">
				<int id="step">3</int>
				<int id="ts">1350468665</int>
			</object>
			<object id="PUVFVM8KG9B37F0">
				<int id="step">1</int>
				<int id="ts">1350469959</int>
			</object>
			<object id="PUV7PU7B5JH2OP2">
				<int id="step">2</int>
				<int id="ts">1350469963</int>
			</object>
			<object id="PUVEGG4T2FG2UCD">
				<int id="step">3</int>
				<int id="ts">1350469966</int>
			</object>
			<object id="PHF91JD8M2D2EAU">
				<int id="step">1</int>
				<int id="ts">1350470153</int>
			</object>
			<object id="PHF9L3JP5BD2R6D">
				<int id="step">1</int>
				<int id="ts">1350470501</int>
			</object>
			<object id="PUV78NOA0G73MM9">
				<int id="step">2</int>
				<int id="ts">1350470503</int>
			</object>
			<object id="PA9QA8RBRPD22NK">
				<int id="step">3</int>
				<int id="ts">1350470504</int>
			</object>
			<object id="PUV2O7J6I9D207V">
				<int id="step">1</int>
				<int id="ts">1350475420</int>
			</object>
			<object id="PUVSIC42BC73NO8">
				<int id="step">1</int>
				<int id="ts">1350480948</int>
			</object>
			<object id="PIFOC6038Q53T2J">
				<int id="step">1</int>
				<int id="ts">1350481160</int>
			</object>
			<object id="PHF7J0BE5BD2R2J">
				<int id="step">2</int>
				<int id="ts">1350481163</int>
			</object>
			<object id="PUV160O6FLB3KF2">
				<int id="step">3</int>
				<int id="ts">1350481164</int>
			</object>
			<object id="PUVN8RFT0J73V4A">
				<int id="step">1</int>
				<int id="ts">1350481166</int>
			</object>
			<object id="PUVQ44T8D9832CL">
				<int id="step">2</int>
				<int id="ts">1350481171</int>
			</object>
			<object id="PUVEF6G1K9831H3">
				<int id="step">3</int>
				<int id="ts">1350481173</int>
			</object>
			<object id="PUVIS05FIIA3SBO">
				<int id="step">1</int>
				<int id="ts">1350481279</int>
			</object>
			<object id="PHVK2FSFOT22C3I">
				<int id="step">2</int>
				<int id="ts">1350481280</int>
			</object>
			<object id="PHFTTVBJQ2D2PP8">
				<int id="step">3</int>
				<int id="ts">1350481281</int>
			</object>
			<object id="PUV70B01CBG27J4">
				<int id="step">1</int>
				<int id="ts">1350483319</int>
			</object>
			<object id="PUVBTTFKSVE2QNB">
				<int id="step">2</int>
				<int id="ts">1350484915</int>
			</object>
			<object id="PUVJMEF10BB3SHV">
				<int id="step">1</int>
				<int id="ts">1350485459</int>
			</object>
			<object id="PHF7NSKA3AD2PU5">
				<int id="step">1</int>
				<int id="ts">1350485495</int>
			</object>
			<object id="PUVK46QGM9G2ANO">
				<int id="step">2</int>
				<int id="ts">1350485496</int>
			</object>
			<object id="PIFBU9CQQK53VSN">
				<int id="step">3</int>
				<int id="ts">1350485497</int>
			</object>
			<object id="PA920DBMG0E2ASB">
				<int id="step">1</int>
				<int id="ts">1350488551</int>
			</object>
			<object id="PUVTCVJQ2B73QL7">
				<int id="step">2</int>
				<int id="ts">1350488554</int>
			</object>
			<object id="PUVKHBR4LCB3I8P">
				<int id="step">3</int>
				<int id="ts">1350488555</int>
			</object>
			<object id="PUVJGMGHIIA388B">
				<int id="step">1</int>
				<int id="ts">1350489167</int>
			</object>
			<object id="PHFVN17DD0D2G3V">
				<int id="step">2</int>
				<int id="ts">1350489168</int>
			</object>
			<object id="PHFLM7KOU2D24PL">
				<int id="step">3</int>
				<int id="ts">1350489171</int>
			</object>
			<object id="PUVT5TK2G6D28QU">
				<int id="step">1</int>
				<int id="ts">1350490594</int>
			</object>
			<object id="PHFJAE8FQVC2RNH">
				<int id="step">1</int>
				<int id="ts">1350490930</int>
			</object>
			<object id="PUVOLKOHC7F24F7">
				<int id="step">2</int>
				<int id="ts">1350490934</int>
			</object>
			<object id="PUVCAJTDPFH203K">
				<int id="step">3</int>
				<int id="ts">1350490935</int>
			</object>
			<object id="PUVH3TQBJS63O8M">
				<int id="step">1</int>
				<int id="ts">1350492036</int>
			</object>
			<object id="PHFQRN9OP3D2PGV">
				<int id="step">2</int>
				<int id="ts">1350492040</int>
			</object>
			<object id="PUVFDC083PE2F30">
				<int id="step">3</int>
				<int id="ts">1350492042</int>
			</object>
			<object id="PUVBFKGAR9G2SOQ">
				<int id="step">1</int>
				<int id="ts">1350492348</int>
			</object>
			<object id="PUV74EQ1PVE211F">
				<int id="step">1</int>
				<int id="ts">1350494798</int>
			</object>
			<object id="PUVPBGSGGI9363H">
				<int id="step">2</int>
				<int id="ts">1350495143</int>
			</object>
			<object id="PUVP72OSJ5A3FCK">
				<int id="step">1</int>
				<int id="ts">1350495432</int>
			</object>
			<object id="PCRFLA5IKNS19P1">
				<int id="step">1</int>
				<int id="ts">1350495909</int>
			</object>
			<object id="PCRF91L4KNS1SSI">
				<int id="step">2</int>
				<int id="ts">1350495918</int>
			</object>
			<object id="PHFVCCQDR3D2FIQ">
				<int id="step">1</int>
				<int id="ts">1350497195</int>
			</object>
			<object id="PHFKGTOEK4D24VC">
				<int id="step">1</int>
				<int id="ts">1350497771</int>
			</object>
			<object id="PA9U3JQ0CTD2448">
				<int id="step">1</int>
				<int id="ts">1350500766</int>
			</object>
			<object id="PHVVS8IQOM92U22">
				<int id="step">1</int>
				<int id="ts">1350502730</int>
			</object>
			<object id="PHFB9U6BRQC2IEB">
				<int id="step">2</int>
				<int id="ts">1350502735</int>
			</object>
			<object id="PUVSESCKOOE2P8R">
				<int id="step">1</int>
				<int id="ts">1350505561</int>
			</object>
			<object id="PUV9H4HP7PL2SLO">
				<int id="step">1</int>
				<int id="ts">1350507473</int>
			</object>
			<object id="PUVMRHDRT483OEH">
				<int id="step">2</int>
				<int id="ts">1350507475</int>
			</object>
			<object id="PUV5RUVCQLG2OO1">
				<int id="step">3</int>
				<int id="ts">1350507476</int>
			</object>
			<object id="PHFU9TB1JVC2JE6">
				<int id="step">1</int>
				<int id="ts">1350511139</int>
			</object>
			<object id="PIF1J1O8KL5362P">
				<int id="step">1</int>
				<int id="ts">1350512152</int>
			</object>
			<object id="PHFDJ8UMK0D2JML">
				<int id="step">1</int>
				<int id="ts">1350512196</int>
			</object>
			<object id="PHF20O01HRC21FP">
				<int id="step">2</int>
				<int id="ts">1350512596</int>
			</object>
			<object id="PUVNJCEML7P2ES0">
				<int id="step">1</int>
				<int id="ts">1350512705</int>
			</object>
			<object id="PUV3JOQHDGB322T">
				<int id="step">2</int>
				<int id="ts">1350512706</int>
			</object>
			<object id="PA9VHKNCKQD2LUN">
				<int id="step">3</int>
				<int id="ts">1350512708</int>
			</object>
			<object id="PCR45R93AUT1EMH">
				<int id="step">1</int>
				<int id="ts">1350513239</int>
			</object>
			<object id="PUV4M2F46LL2DPA">
				<int id="step">1</int>
				<int id="ts">1350513927</int>
			</object>
			<object id="PUVCK0THA3J2RTL">
				<int id="step">2</int>
				<int id="ts">1350514519</int>
			</object>
			<object id="PA9J5LA451E2LSE">
				<int id="step">1</int>
				<int id="ts">1350514761</int>
			</object>
			<object id="PHV52C0R3K72SEQ">
				<int id="step">2</int>
				<int id="ts">1350514943</int>
			</object>
			<object id="PUV44OUN2L93PJG">
				<int id="step">1</int>
				<int id="ts">1350517105</int>
			</object>
			<object id="PHVENFK7I3A2KIH">
				<int id="step">1</int>
				<int id="ts">1350517291</int>
			</object>
			<object id="PUV9EUTOH6D2SD9">
				<int id="step">1</int>
				<int id="ts">1350518396</int>
			</object>
			<object id="PUVCAD6F9A734MT">
				<int id="step">2</int>
				<int id="ts">1350518397</int>
			</object>
			<object id="PIFMFNI3UT53QCC">
				<int id="step">3</int>
				<int id="ts">1350518399</int>
			</object>
			<object id="PUVUCJ1BR4A3NOC">
				<int id="step">1</int>
				<int id="ts">1350518685</int>
			</object>
			<object id="PIFHNV6QGM53L30">
				<int id="step">1</int>
				<int id="ts">1350519019</int>
			</object>
			<object id="PA9AAQRSQ1E2VC8">
				<int id="step">1</int>
				<int id="ts">1350519084</int>
			</object>
			<object id="PHV2N3G3AF825OC">
				<int id="step">2</int>
				<int id="ts">1350519086</int>
			</object>
			<object id="PHVPD72CABA2UCJ">
				<int id="step">3</int>
				<int id="ts">1350519087</int>
			</object>
			<object id="PHVVO7CASCB21O5">
				<int id="step">1</int>
				<int id="ts">1350520155</int>
			</object>
			<object id="PUVPOBK0AB83DS9">
				<int id="step">2</int>
				<int id="ts">1350520916</int>
			</object>
			<object id="PA9O3QNPFID2ENR">
				<int id="step">1</int>
				<int id="ts">1350520981</int>
			</object>
			<object id="PA9CE3VGO4E2C79">
				<int id="step">2</int>
				<int id="ts">1350521898</int>
			</object>
		</object>
		<int id="incantations_step">2</int>
		<object id="emotes">
			<object id="25-05-26">
				<int id="PA9AAQRSQ1E2VC8">1351274995</int>
				<int id="PUVQAVTGUBC3QUV">1351282463</int>
				<int id="PHFFO3VALUC2TAP">1351282465</int>
			</object>
			<object id="25-05-27">
				<int id="PUVQV9H1VGC33S6">1351287266</int>
			</object>
			<object id="25-05-28">
				<int id="PUVJ2UISFEC3J1N">1351305040</int>
				<int id="PUVSRKDKT993SB7">1351305041</int>
				<int id="PUVKAU5DJLF2NG2">1351309057</int>
				<int id="PUV3DS9H5IC3LGE">1351313980</int>
			</object>
			<object id="25-05-31">
				<int id="PUVG0QGLK683S5N">1351347229</int>
				<int id="PUVSRKDKT993SB7">1351347263</int>
				<int id="PUV7L167GMC3P5P">1351349520</int>
				<int id="PUVTGEK865C3F0C">1351354108</int>
				<int id="PHFKGTOEK4D24VC">1351356392</int>
			</object>
			<object id="25-05-32">
			</object>
			<object id="25-05-35">
			</object>
			<object id="25-05-37">
			</object>
			<object id="25-05-38">
			</object>
		</object>
		<object id="streaking_increments">
			<object id="25-07-08">
				<int id="PUV946699DF2CCH">1352338696</int>
				<int id="PUV3MOGR9P73IK4">1352338718</int>
				<int id="PUVUBU7O23D317B">1352339149</int>
				<int id="PUVKLU36GOC35IF">1352339351</int>
				<int id="PA9GNHK5C0E23D8">1352339380</int>
				<int id="PHV3J76JGS62RF5">1352339418</int>
				<int id="PHFQ9HM9E2D2M68">1352339445</int>
				<int id="PHFM0PHNTUC2S8E">1352339493</int>
				<int id="PUVQ68B4UVC30U0">1352339646</int>
				<int id="PUV811HCEAD38PB">1352339683</int>
				<int id="PUVBUM93BEE2TPP">1352339930</int>
				<int id="PUV2HGN6GFF2BCL">1352339944</int>
				<int id="PUVCBCBO7VC3IUR">1352339972</int>
				<int id="PHVV591MRV524E4">1352339986</int>
				<int id="PUVSS7LVKEC318S">1352340204</int>
				<int id="PHVAP23D7QA2PLS">1352340283</int>
				<int id="PHF2AAA7G2D2BAM">1352340391</int>
				<int id="PUVOEBKQLIB3DU3">1352340545</int>
				<int id="PUVK0E4JJD9306A">1352340640</int>
				<int id="PUVSRKDKT993SB7">1352340675</int>
				<int id="PUV8ID8UFNE2JD8">1352340804</int>
				<int id="PHFT66IJV2D29PS">1352340810</int>
				<int id="PUVEP1RCN9C35A2">1352340831</int>
				<int id="PHFINSK9JCD29H5">1352340981</int>
				<int id="PUVE36UNO7C3P52">1352341149</int>
				<int id="PUVUJR1UUTG2SJP">1352341169</int>
				<int id="PUVM7GMQUJC3CDG">1352341528</int>
				<int id="PUVPLDCEPPC3IJA">1352341648</int>
				<int id="PUVR4MQSVE8394R">1352341944</int>
				<int id="PUVI9DR31TC3VEU">1352341944</int>
				<int id="PHV6KOHGPP62TMB">1352342041</int>
				<int id="PHFUEM2NQ4D2BA4">1352342092</int>
				<int id="PHVNHAJEDK42187">1352342099</int>
				<int id="PUV7DBINAS73IFR">1352342123</int>
				<int id="PUVK4347KHE2JL8">1352342215</int>
				<int id="PHFFIBQRICD28H9">1352342245</int>
				<int id="PUVUBMB2MNB38K2">1352342253</int>
				<int id="PUV4KL8IOKG205V">1352342419</int>
				<int id="PUVEQ7MDMGJ2JKD">1352342428</int>
				<int id="PUVOS0AB2KC3PNA">1352342561</int>
				<int id="PA97I2RED7E2KE2">1352342848</int>
				<int id="PUV8AE45JLB3ULN">1352343279</int>
				<int id="PUV9R61JKH93OTT">1352343365</int>
				<int id="PUVPFNP2R1A3U7T">1352343365</int>
				<int id="PCR12K6MG5S14JV">1352343515</int>
				<int id="PUVKHLIG95D2671">1352343552</int>
				<int id="PHVERH6QNU621I8">1352343639</int>
				<int id="PHVSGKDV7SA2FK8">1352343738</int>
				<int id="PUVG2EDJV8G2ADK">1352343907</int>
				<int id="PUVG3MQRMMB3J88">1352344734</int>
				<int id="PUV7GA6T2V93JHU">1352344916</int>
				<int id="PCR42DQMSCV1P9O">1352345014</int>
				<int id="PA9SI3EOAND2BDK">1352345105</int>
				<int id="PUV192265H83TQL">1352345171</int>
				<int id="PUVICQS3A6G20OJ">1352345171</int>
				<int id="PUVVH2I5C8F2F9E">1352345171</int>
				<int id="PHV74M86TI82S2U">1352345171</int>
				<int id="PHFIS28II2D239P">1352345171</int>
				<int id="PUV6M92FD0H2KGM">1352345261</int>
				<int id="PUVSLPFE06D2FMT">1352345472</int>
				<int id="PIFO7TLUMS534NG">1352345521</int>
				<int id="PCRHG3QLKMN1BKH">1352346019</int>
				<int id="PUVGHHLMEPC3J18">1352346831</int>
				<int id="PUV4AHCDIDF25RF">1352346857</int>
				<int id="PUVSVDEIMTG26B0">1352347161</int>
				<int id="PHFP13C56FD2BL8">1352347219</int>
				<int id="PHF624MH10D2RFE">1352347251</int>
				<int id="PIF2NJ0S8J6320E">1352347281</int>
				<int id="PUVB8671QF93LQ1">1352347535</int>
				<int id="PUVHIS3DV5D20RQ">1352347598</int>
				<int id="PUV48BQ6JAG26EC">1352347703</int>
				<int id="PUV3S7CIG093V83">1352348154</int>
				<int id="PUVHT82E1AP2E7H">1352348405</int>
				<int id="PUV5E5K85LB37M1">1352348641</int>
				<int id="PIFGCNAO5663GCP">1352348645</int>
				<int id="PUVLS8OMVLB33CN">1352348772</int>
				<int id="PUVCJ3V3R7D2N88">1352349106</int>
				<int id="PUVKKRET75B328O">1352349672</int>
				<int id="PIFQJ8FJ1M63HN9">1352349738</int>
				<int id="PHVDQJMEEEC2497">1352349747</int>
				<int id="PUVRL3OSO7G2VV4">1352349808</int>
				<int id="PUVGK8HBCJB36GN">1352349812</int>
				<int id="PUV2831ETFB3LS5">1352350027</int>
				<int id="PUVUJVN9LQ63SKB">1352350587</int>
				<int id="PUVFEHU904J2T3U">1352350629</int>
				<int id="PHFMVJCKSVC2BRL">1352350638</int>
			</object>
			<object id="25-07-09">
				<int id="PUVVTPI9J9C3P51">1352350846</int>
				<int id="PA9AAQRSQ1E2VC8">1352350997</int>
				<int id="PHFEVQHPITC2G4D">1352351123</int>
				<int id="PIFI4GLO8N531PL">1352351420</int>
				<int id="PIFFB6SQ2M33D9D">1352351422</int>
				<int id="PUV4J5VT8D93ATP">1352352043</int>
				<int id="PCRAFRDJFUT1PGB">1352352420</int>
				<int id="PCRDMHR3NDO1FVT">1352352757</int>
				<int id="PIFGCNAO5663GCP">1352353629</int>
				<int id="PHFINSK9JCD29H5">1352353781</int>
				<int id="PUVT4G8H1IB3FQA">1352354377</int>
				<int id="PUVSLPFE06D2FMT">1352354673</int>
				<int id="PUV2EGMNAHS2OQC">1352355327</int>
				<int id="PUVDMUQLO6A3LJE">1352356176</int>
				<int id="PUVN27LFLKC38I7">1352356411</int>
				<int id="PUVD2FVRMI83OV0">1352356546</int>
				<int id="PHFPBUKK93D26VU">1352356692</int>
				<int id="PUVOIO5NTF93QO1">1352356785</int>
				<int id="PUVV5HJ6RD93NIJ">1352356785</int>
				<int id="PUVEH5J81UC3JJG">1352356849</int>
				<int id="PHFF9HK602D2HPJ">1352356954</int>
				<int id="PUVT7ILABPA3R1N">1352356970</int>
				<int id="PUVVNUQRKC93AAB">1352357034</int>
				<int id="PHFJERMET9D2JTA">1352357070</int>
				<int id="PHVOB27OFM52R2J">1352357629</int>
				<int id="PHVPBUH9R3A23NS">1352357837</int>
				<int id="PUVFPTBQU7D2GI3">1352358207</int>
				<int id="PHF624MH10D2RFE">1352358489</int>
				<int id="PHVQRJ67Q742FCG">1352358490</int>
				<int id="PHVLEE66STA2M50">1352358654</int>
				<int id="PUVJ14GQK8D2BAC">1352358884</int>
				<int id="PHFCA0VG30D2LVR">1352359055</int>
				<int id="PUVIHJRJOKC3LP1">1352359246</int>
				<int id="PCRE2VRLINS18V4">1352359549</int>
				<int id="PA9NO43L7VD26VP">1352359894</int>
				<int id="PUVQDRLM9NB31K0">1352359917</int>
				<int id="PHFDJ8UMK0D2JML">1352360318</int>
				<int id="PHVT6IU22J82T5T">1352360374</int>
				<int id="PUVG9PRB1KC3GEA">1352360422</int>
				<int id="PUVD5EBBU8D2T48">1352360539</int>
				<int id="PUV979L46IB3HEE">1352360847</int>
				<int id="PUVDML8BPK93CKI">1352362142</int>
				<int id="PUVKBPJJIBD36P9">1352362648</int>
				<int id="PUVI0H2977A3G7K">1352362722</int>
				<int id="PCRR6HQFR0U1SRC">1352363656</int>
				<int id="PUV3HG2DOSC3JF4">1352364023</int>
				<int id="PUVHBE7V6HD3IS8">1352364126</int>
				<int id="PA984LGOCKD26UK">1352364371</int>
				<int id="PUV90CLC0NC37FF">1352365047</int>
				<int id="PIFQGDUUKK533HN">1352365108</int>
			</object>
			<object id="25-07-10">
				<int id="PUVNCETP1JB3AHM">1352365452</int>
				<int id="PA9MTNTQ1ND29LQ">1352365534</int>
				<int id="PUVG9PRB1KC3GEA">1352366474</int>
				<int id="PUVKBPJJIBD36P9">1352366536</int>
				<int id="PUV28UJF0PC34PD">1352366855</int>
				<int id="PUVD1R35GNC3PP0">1352366971</int>
				<int id="PUVLC1FVGH739H1">1352367186</int>
				<int id="PHVPBUH9R3A23NS">1352367617</int>
				<int id="PIFIN0ITTI63G9H">1352370472</int>
				<int id="PUVHGT5JDLB30F7">1352371944</int>
				<int id="PUV6FUO75V93AII">1352371944</int>
				<int id="PUVHKHKSFDC3H9E">1352371944</int>
				<int id="PUV4TOO3O1D32TP">1352371944</int>
				<int id="PA9VHKNCKQD2LUN">1352372604</int>
				<int id="PUVHPAD7L5N292B">1352372604</int>
				<int id="PHFN8I5UBCD2C6Q">1352372604</int>
				<int id="PUVC54T9FQC3TSD">1352373036</int>
				<int id="PUVH72G5OCG2GO3">1352373293</int>
				<int id="PCRFLA5IKNS19P1">1352374384</int>
				<int id="PUVGC4ADU8C3V82">1352374500</int>
				<int id="PUVO4DC282A3502">1352374921</int>
				<int id="PHVFSV9R04A2DO9">1352375123</int>
				<int id="PUVVLIPFM5D2UC5">1352375123</int>
				<int id="PUV2831ETFB3LS5">1352375128</int>
				<int id="PA9PPLUHPJD24UQ">1352375181</int>
				<int id="PUVAMIE2A8F2LGH">1352375300</int>
				<int id="PIFOC6038Q53T2J">1352375528</int>
				<int id="PUVRJVHGCMB3VRA">1352375528</int>
				<int id="PHFINSK9JCD29H5">1352376017</int>
				<int id="PUVS76IBB0S2R71">1352376069</int>
				<int id="PCR2JJS38PS1MON">1352376972</int>
				<int id="PHF31BRLV4D27G0">1352378004</int>
				<int id="PUVNJCEML7P2ES0">1352378425</int>
				<int id="PA9E9SC8Q0E2TV1">1352378907</int>
				<int id="PCR1JHCF89P1TP4">1352379345</int>
			</object>
			<object id="25-07-11">
				<int id="PUVG1VDOFTC3TF8">1352382256</int>
				<int id="PUVFQDQDUC936QU">1352382924</int>
				<int id="PUVIKQGNDQ935NR">1352382992</int>
				<int id="PUVTI19CKTC3PCC">1352383279</int>
				<int id="PUVEO0HVO0B3E00">1352383345</int>
				<int id="PCRR6HQFR0U1SRC">1352383951</int>
				<int id="PA9N3O7N5PD2BP8">1352383958</int>
				<int id="PUVHGT5JDLB30F7">1352385001</int>
				<int id="PUV6FUO75V93AII">1352385001</int>
				<int id="PUVHKHKSFDC3H9E">1352385001</int>
				<int id="PA93VP2554E2H3R">1352385001</int>
				<int id="PCRD7E1BNAO16J6">1352385217</int>
				<int id="PCRD007C83N19S4">1352386088</int>
				<int id="PA98EALDUKD2CR9">1352386283</int>
				<int id="PUV22S2QJIF2GFM">1352386957</int>
				<int id="PHF624MH10D2RFE">1352387465</int>
				<int id="PCR6QLN3RVT1329">1352387637</int>
				<int id="PUV7GA6T2V93JHU">1352387687</int>
				<int id="PIFCN0H01L638B9">1352387754</int>
				<int id="PUVQV9G5RB838CE">1352388061</int>
				<int id="PHFJAE8FQVC2RNH">1352388073</int>
				<int id="PUV4UO1A0FB3VQ1">1352388077</int>
				<int id="PHFQF61M2CD2DOI">1352388077</int>
				<int id="PUVLDB76CBC3NI9">1352388438</int>
				<int id="PUVPR1I900A3GII">1352388691</int>
				<int id="PHVFSV9R04A2DO9">1352388950</int>
				<int id="PUV39DUPENE2ATB">1352389299</int>
				<int id="PHFINSK9JCD29H5">1352389651</int>
				<int id="PUVHPAD7L5N292B">1352389744</int>
				<int id="PUVAC4AFMDE2HDT">1352389968</int>
				<int id="PUVJ618HU9E2EFI">1352390249</int>
				<int id="PIFSMKNBOG63N0R">1352391025</int>
				<int id="PUVJNEJQ6EE2C1E">1352391293</int>
				<int id="PUVIQLROID83HIE">1352391847</int>
				<int id="PUVCEKPE31C3KPQ">1352391961</int>
				<int id="PUVBHA1C58C33PQ">1352392325</int>
				<int id="PUVM4P3TPBG2CTI">1352392325</int>
				<int id="PHVBQSO3LG22530">1352392325</int>
				<int id="PUV9EUTOH6D2SD9">1352392325</int>
				<int id="PUV9TAHHD9G289O">1352392325</int>
				<int id="PCR14AIGQJO1V4O">1352392331</int>
				<int id="PHFSE0A9D4D2NDB">1352392983</int>
				<int id="PA94HHTM66E2D8A">1352393035</int>
			</object>
			<object id="25-07-12">
				<int id="PHFL7P0N83D2P1R">1352394208</int>
				<int id="PUVJNEJQ6EE2C1E">1352394542</int>
				<int id="PHFM0PHNTUC2S8E">1352395305</int>
				<int id="PUVUEFJABRG2LND">1352395544</int>
				<int id="PCR10CGI60N1LG6">1352395766</int>
				<int id="PUVG3KM6CF93F06">1352396293</int>
				<int id="PHV3SOHNMB52ELG">1352396825</int>
				<int id="PUVGJ23CR2C34R5">1352396841</int>
				<int id="PUVMD4ISJA93B18">1352396910</int>
				<int id="PHF624MH10D2RFE">1352397180</int>
				<int id="PUVNC9RNU6D2UK4">1352397389</int>
				<int id="PHVSGKDV7SA2FK8">1352397477</int>
				<int id="PUVUJR1UUTG2SJP">1352397614</int>
				<int id="PUVOLIB476A3RCG">1352397697</int>
				<int id="PUVFAHPFK9C3BF4">1352398192</int>
				<int id="PUVUCMK66OE2S7S">1352398720</int>
				<int id="PUVJU69IKJC3BOE">1352399058</int>
				<int id="PA9SEU1KQ5E2M49">1352399243</int>
				<int id="PA9VHKNCKQD2LUN">1352399408</int>
				<int id="PHFN8I5UBCD2C6Q">1352399408</int>
				<int id="PUVA2RGKSPK263G">1352400039</int>
				<int id="PUVFDC083PE2F30">1352400426</int>
				<int id="PHF5OTALG4D2QME">1352400620</int>
				<int id="PUVRL3OSO7G2VV4">1352400712</int>
				<int id="PHVENFK7I3A2KIH">1352402098</int>
				<int id="PUVTI19CKTC3PCC">1352402298</int>
				<int id="PHVNJ4LKTQ626HM">1352402322</int>
				<int id="PUV2PAADR773LO4">1352402458</int>
				<int id="PUV9QFOV3ME2DOV">1352403020</int>
				<int id="PUVHER8O0BA3OCL">1352403637</int>
				<int id="PUV4N87P8GG2EB6">1352403866</int>
				<int id="PUVPTF7N2DG203S">1352403866</int>
				<int id="PIFLC6T4UK63AKI">1352403866</int>
				<int id="PHVTIPH9I5A2DJI">1352404048</int>
				<int id="PHVSCM4AFS627EF">1352404283</int>
				<int id="PUVK851A2373SQM">1352404500</int>
				<int id="PUVH3D6VKFC37GA">1352404625</int>
				<int id="PUV4TOO3O1D32TP">1352404876</int>
				<int id="PUV22S2QJIF2GFM">1352405017</int>
				<int id="PUV9MDBBBQB3SPA">1352405158</int>
				<int id="PUVBCKHONKC33H5">1352405422</int>
				<int id="PUVJMUGHVLN2761">1352405542</int>
				<int id="PA9ILK2LRKD24VK">1352405684</int>
				<int id="PUVOQVJ074A3F6S">1352405826</int>
				<int id="PUV42LEOBAF2MKD">1352406000</int>
				<int id="PUVRINE0QJL2GOH">1352406325</int>
				<int id="PUV9FTMEOVB3HSE">1352406773</int>
				<int id="PUVRSHGF4IQ21VO">1352406897</int>
				<int id="PUVANK930CC3FME">1352407140</int>
				<int id="PUV2O7J6I9D207V">1352407149</int>
				<int id="PUVTTIURKLC3B30">1352407195</int>
				<int id="PUV5OOOV5FB3S0U">1352407276</int>
				<int id="PDO2V71MMAR2SER">1352407355</int>
				<int id="PDODTQK43DR27CB">1352407373</int>
				<int id="PUV9KOTM1KE2MNG">1352407396</int>
				<int id="PUVVP3Q1VKB3O0M">1352407469</int>
				<int id="PCRNH6RCVNS1072">1352407550</int>
				<int id="PCRCFKKOGUJ1Q7C">1352407724</int>
				<int id="PHVAI4B3TK82G0N">1352407727</int>
				<int id="PUVA6OS08S832L9">1352407888</int>
				<int id="PIF14GJO15D1P84">1352408089</int>
				<int id="PUV784CQDNB36LL">1352408118</int>
				<int id="PUVUR23INHC3EQE">1352408257</int>
			</object>
			<object id="25-07-13">
				<int id="PUVNK0QP52936BH">1352408909</int>
				<int id="PUVHPAD7L5N292B">1352409126</int>
				<int id="PCR44OG2AUT12IH">1352409296</int>
				<int id="PUV17ANCPQB3GGU">1352409396</int>
				<int id="PUVN766OG5F2T0K">1352409665</int>
				<int id="PIFLF93LOD63T7I">1352409745</int>
				<int id="PUVNGV442HC3EQB">1352410363</int>
				<int id="PUVFEEVC6HE20MV">1352410744</int>
				<int id="PUVH20IS8T83G8M">1352410776</int>
				<int id="PUVEP1RCN9C35A2">1352410846</int>
				<int id="PUVLF6M40R73D3D">1352411122</int>
				<int id="PHF274E9E0D23V6">1352411200</int>
				<int id="PHV7FR190MB2I9S">1352411654</int>
				<int id="PUVANK930CC3FME">1352412619</int>
				<int id="PUVQVSP9HID3C62">1352412706</int>
				<int id="PUV2BCEC5CG2V5L">1352412815</int>
				<int id="PCRR6HQFR0U1SRC">1352412872</int>
				<int id="PUVJB07LBEE2M4G">1352413157</int>
				<int id="PCRETDAKJNS1E7V">1352413367</int>
				<int id="PUVDS7DSD0D38CN">1352413823</int>
				<int id="PHVB44TB7992134">1352414030</int>
				<int id="PHVR7F201F72EUM">1352414094</int>
				<int id="PCR4GK24TCV152E">1352414105</int>
				<int id="PHFT5IMBBTC2N16">1352414196</int>
				<int id="PUV6FUO75V93AII">1352414277</int>
				<int id="PUVHKHKSFDC3H9E">1352414277</int>
				<int id="PUVHGT5JDLB30F7">1352414277</int>
				<int id="PUV43JV649C3OI1">1352414328</int>
				<int id="PUVG0QGLK683S5N">1352414467</int>
				<int id="PIFO93NADL63839">1352414490</int>
				<int id="PUVEGG4T2FG2UCD">1352415556</int>
				<int id="PUV22H6M4NI2QLH">1352415556</int>
				<int id="PUV7PU7B5JH2OP2">1352415556</int>
				<int id="PUVU94EEQOH2155">1352415782</int>
				<int id="PUVSLPFE06D2FMT">1352415931</int>
				<int id="PCR4BJU0BUM1TUF">1352416274</int>
				<int id="PUV7U3V812C3S7H">1352416408</int>
				<int id="PUVUEFJABRG2LND">1352416474</int>
				<int id="PIFOQUSVOP532JF">1352416489</int>
				<int id="PUVVQVKJH993IU1">1352416619</int>
				<int id="PUVJU69IKJC3BOE">1352417274</int>
				<int id="PA9MTNTQ1ND29LQ">1352417369</int>
				<int id="PHVRLNSOM032AAO">1352417660</int>
				<int id="PUVGC4ADU8C3V82">1352418359</int>
				<int id="PUVMD4ISJA93B18">1352418594</int>
				<int id="PUV4DAEQGTH2M1R">1352418830</int>
				<int id="PA9UNV5QH7E2B0P">1352418856</int>
				<int id="PHFIS28II2D239P">1352420824</int>
				<int id="PUVSP7665OB31TB">1352421147</int>
				<int id="PA9VHKNCKQD2LUN">1352421433</int>
				<int id="PHFAQB5VH4D2OSK">1352421433</int>
				<int id="PUV14N2LA8D2JIJ">1352421506</int>
				<int id="PHFMVJCKSVC2BRL">1352421879</int>
				<int id="PUVA61627VC3S6D">1352421952</int>
				<int id="PHFLC1SRO2D2KJP">1352421988</int>
				<int id="PUVBCE59EGC3FK4">1352422024</int>
				<int id="PUVO3ML08IB38DL">1352422459</int>
				<int id="PUV9A16GNTC32U6">1352422570</int>
				<int id="PUV1N5QOSIB31E3">1352422607</int>
				<int id="PUV7GA6T2V93JHU">1352422676</int>
				<int id="PUVH3TQBJS63O8M">1352422724</int>
			</object>
			<object id="25-08-07">
				<int id="PUVANK930CC3FME">1352510308</int>
				<int id="PHFOTIREL1D24VG">1352510359</int>
				<int id="PUV9EUTOH6D2SD9">1352510365</int>
			</object>
			<object id="25-08-11">
				<int id="PUVIHJRJOKC3LP1">1352573269</int>
			</object>
			<object id="25-08-12">
				<int id="PUVANK930CC3FME">1352591914</int>
			</object>
			<object id="25-08-18">
				<int id="PUV27HCU39B3HUV">1352676224</int>
			</object>
			<object id="25-08-20">
				<int id="PUV88HJU7OB3B8Q">1352704027</int>
			</object>
			<object id="25-08-25">
				<int id="PUVHSL8BJA935EG">1352769394</int>
			</object>
			<object id="25-10-03">
				<int id="PUV8S9J1PAD3RO7">1353062253</int>
			</object>
			<object id="25-10-17">
				<int id="PUVTD2NVTID3NDN">1353264510</int>
			</object>
			<object id="25-10-19">
				<int id="PUVM0NPD3QC3EDD">1353297295</int>
			</object>
			<object id="25-10-28">
				<int id="PUV1D62CP6D2M64">1353423292</int>
			</object>
			<object id="25-10-31">
				<int id="PUVBKAPJ6L93I5J">1353459868</int>
				<int id="PUVDU6QF35D3B6F">1353464560</int>
			</object>
			<object id="25-10-41">
				<int id="PHVG5OB69952VP5">1353609495</int>
			</object>
			<object id="25-11-11">
				<int id="PCRNH6RCVNS1072">1353860934</int>
			</object>
			<object id="26-01-13">
				<int id="PUVST2RC0KA3HGV">1354050277</int>
			</object>
			<object id="26-01-23">
				<int id="PUVJU4PU9RE2S5J">1354202541</int>
			</object>
			<object id="26-03-31">
				<int id="PUV2Q3F51I935K5">1354780837</int>
			</object>
			<object id="26-03-41">
				<int id="PUVJ86DSLSM2BDC">1354917779</int>
			</object>
			<object id="26-04-01">
				<int id="PDOA3DM4VDT2AUE">1355111101</int>
			</object>
		</object>
		<object id="hi_sign_evasion_record_history">
			<object id="version_9">
				<str id="pc_tsid">PUVKGTF6GK932KM</str>
				<str id="pc_label">Knifesmith</str>
				<int id="secs">15</int>
				<int id="when">1352108011</int>
				<int id="version">9</int>
			</object>
		</object>
		<object id="hi_sign_evasion_record">
			<str id="pc_tsid">PHF59CNC74D2QQL</str>
			<str id="pc_label">Emleigh</str>
			<int id="secs">55</int>
			<int id="when">1354034848</int>
			<int id="version">10</int>
			<str id="day_key">26-01-11</str>
		</object>
		<object id="hi_sign_daily_evasion_record">
			<str id="pc_tsid">PHF59CNC74D2QQL</str>
			<str id="pc_label">Emleigh</str>
			<int id="secs">55</int>
			<int id="when">1354034848</int>
			<int id="version">10</int>
			<str id="day_key">26-01-11</str>
		</object>
		<object id="incantations_redux">
			<object id="PUVJ86DSLSM2BDC">
				<int id="step">1</int>
				<int id="ts">1354917683</int>
			</object>
			<object id="PDOQHB9V1AR2F84">
				<int id="step">2</int>
				<int id="ts">1354917685</int>
			</object>
			<object id="PUVERUQUIIJ2TCI">
				<int id="step">1</int>
				<int id="ts">1354917856</int>
			</object>
			<object id="PIFPKSLKNV53RHE">
				<int id="step">2</int>
				<int id="ts">1354917858</int>
			</object>
			<object id="PUVS4SP1UHI26UI">
				<int id="step">3</int>
				<int id="ts">1354917859</int>
			</object>
			<object id="PCRDJQTAHUM16HJ">
				<int id="step">1</int>
				<int id="ts">1354918209</int>
			</object>
			<object id="PUV4ICBH7NB3R30">
				<int id="step">2</int>
				<int id="ts">1354918211</int>
			</object>
			<object id="PCR60MIBKCO16AK">
				<int id="step">3</int>
				<int id="ts">1354918212</int>
			</object>
			<object id="PUVF5CIS8UE2209">
				<int id="step">1</int>
				<int id="ts">1354925272</int>
			</object>
			<object id="PHF624MH10D2RFE">
				<int id="step">2</int>
				<int id="ts">1354925273</int>
			</object>
			<object id="PUVP6M2EH9G2Q22">
				<int id="step">3</int>
				<int id="ts">1354925295</int>
			</object>
			<object id="PUVQOVN59ME2QM9">
				<int id="step">1</int>
				<int id="ts">1354926344</int>
			</object>
			<object id="PUVHT82E1AP2E7H">
				<int id="step">2</int>
				<int id="ts">1354926353</int>
			</object>
			<object id="PUVL2EQ7J7D25OS">
				<int id="step">3</int>
				<int id="ts">1354926357</int>
			</object>
			<object id="PUVE28P1PVC3AM7">
				<int id="step">1</int>
				<int id="ts">1354927567</int>
			</object>
			<object id="PHFINSK9JCD29H5">
				<int id="step">2</int>
				<int id="ts">1354927589</int>
			</object>
			<object id="PA9UNV5QH7E2B0P">
				<int id="step">1</int>
				<int id="ts">1354928376</int>
			</object>
			<object id="PA9R43RJ84E2EKB">
				<int id="step">2</int>
				<int id="ts">1354928378</int>
			</object>
			<object id="PA9PV1PN67E24FQ">
				<int id="step">3</int>
				<int id="ts">1354928380</int>
			</object>
			<object id="PUVLQBGCGSM26QB">
				<int id="step">1</int>
				<int id="ts">1354929484</int>
			</object>
			<object id="PUVKME5Q70E3SR1">
				<int id="step">2</int>
				<int id="ts">1354929491</int>
			</object>
			<object id="PUVB6DVSMTM27ND">
				<int id="step">3</int>
				<int id="ts">1354929497</int>
			</object>
			<object id="PUV1C9DM7JE2KRJ">
				<int id="step">1</int>
				<int id="ts">1354933850</int>
			</object>
			<object id="PUVFEHU904J2T3U">
				<int id="step">2</int>
				<int id="ts">1354933853</int>
			</object>
			<object id="PUVFDC083PE2F30">
				<int id="step">1</int>
				<int id="ts">1354933897</int>
			</object>
			<object id="PUV5EVLD0KF2669">
				<int id="step">1</int>
				<int id="ts">1354935018</int>
			</object>
			<object id="PUV4J86UJPC3TEN">
				<int id="step">2</int>
				<int id="ts">1354935020</int>
			</object>
			<object id="PUVBHA1C58C33PQ">
				<int id="step">3</int>
				<int id="ts">1354935021</int>
			</object>
			<object id="PUV6L7AB0JH22K3">
				<int id="step">1</int>
				<int id="ts">1354942174</int>
			</object>
			<object id="PA97PHPM54E2M0U">
				<int id="step">1</int>
				<int id="ts">1354948590</int>
			</object>
			<object id="PA9VHKNCKQD2LUN">
				<int id="step">2</int>
				<int id="ts">1354948591</int>
			</object>
			<object id="PUVKMVKGUCG2PM3">
				<int id="step">3</int>
				<int id="ts">1354948592</int>
			</object>
			<object id="PHFHEJT51CD298L">
				<int id="step">1</int>
				<int id="ts">1354956548</int>
			</object>
			<object id="PHVR7F201F72EUM">
				<int id="step">2</int>
				<int id="ts">1354973574</int>
			</object>
			<object id="PHF1GCHBE4D2KLM">
				<int id="step">1</int>
				<int id="ts">1354980761</int>
			</object>
			<object id="PUVRL3OSO7G2VV4">
				<int id="step">1</int>
				<int id="ts">1354983835</int>
			</object>
			<object id="PUVR861LOJC33QV">
				<int id="step">2</int>
				<int id="ts">1354983837</int>
			</object>
			<object id="PUVGDDTPQMC3NJL">
				<int id="step">3</int>
				<int id="ts">1354983838</int>
			</object>
			<object id="PUVM419U2NB3KIE">
				<int id="step">1</int>
				<int id="ts">1354990339</int>
			</object>
			<object id="PHF3EMI4JDD2EUU">
				<int id="step">2</int>
				<int id="ts">1354991616</int>
			</object>
			<object id="PHFVCCQDR3D2FIQ">
				<int id="step">1</int>
				<int id="ts">1354995312</int>
			</object>
			<object id="PUVPUDMQ3UC35NC">
				<int id="step">1</int>
				<int id="ts">1354998585</int>
			</object>
			<object id="PHVFVM39VG227P5">
				<int id="step">1</int>
				<int id="ts">1354999905</int>
			</object>
			<object id="PUVLDBAAO673ORE">
				<int id="step">1</int>
				<int id="ts">1355000030</int>
			</object>
			<object id="PUVPVGQA5KL2MN3">
				<int id="step">1</int>
				<int id="ts">1355000271</int>
			</object>
			<object id="PHFIN187QVC224H">
				<int id="step">2</int>
				<int id="ts">1355000271</int>
			</object>
			<object id="PHVEAEQ55F72KLU">
				<int id="step">3</int>
				<int id="ts">1355000272</int>
			</object>
		</object>
	</object>
	<objrefs id="items">
		<objref tsid="IA9BP9A2M7G39FG" label="Patch"/>
		<objref tsid="IA9H0O86CF82O3P" label="Metal Rock"/>
		<objref tsid="IDOB8U3GOGQ25UQ" label="Qurazy marker"/>
		<objref tsid="IA9GNSB3CF82GSU" label="Quoin"/>
		<objref tsid="IA9HOUAGCF825RN" label="Quoin"/>
		<objref tsid="IA9HOQ6GCF82RP8" label="Quoin"/>
		<objref tsid="IA9GOFJ3CF82FIC" label="Quoin"/>
		<objref tsid="IA9GN763CF823MP" label="Quoin"/>
		<objref tsid="IA9HOK3GCF82DVK" label="Quoin"/>
		<objref tsid="IA9GLFF2CF82G4P" label="Shrine to Spriggan"/>
		<objref tsid="IA9GOVO3CF82654" label="Quoin"/>
		<objref tsid="IA9GPT44CF827LE" label="Street Spirit"/>
		<objref tsid="IA9HMT7FCF82699" label="Dullite Rock"/>
	</objrefs>
	<objrefs id="players">
		<objref tsid="PHF5659F53D2KRU" label="Emir"/>
		<objref tsid="PUV99CCHRUD3SRA" label="AoiHaru"/>
		<objref tsid="PUVEVDDV0M93N05" label="jimmy jim jim"/>
		<objref tsid="PUV3H3KEHCC30KU" label="New Glitch 158308"/>
		<objref tsid="PUVP53AHF5G2UD2" label="Lacocopoboku"/>
		<objref tsid="PUVCQG89NNF2OE7" label="jaderborgmunchkin"/>
		<objref tsid="PUVG05DELBC333T" label="Charise"/>
		<objref tsid="PIFQAK8QJ953N78" label="Sir Nigel"/>
		<objref tsid="PUVQ41N1U4C3ULF" label="New Glitch 155156"/>
		<objref tsid="PUVEQTIQ96C3M8G" label="New Glitch 155578"/>
		<objref tsid="PUVFA8CLUSE2985" label="Foxy Dog"/>
		<objref tsid="PUVD64TJDQB3M8A" label="New Glitch 151718"/>
		<objref tsid="PUV8QA61ECB3VRJ" label="New Glitch 145432"/>
		<objref tsid="PUVM637OG783QGR" label="Lord of Skulls"/>
		<objref tsid="PUVM24U3PKC3FG9" label="Redss"/>
		<objref tsid="PUV25P685SC3HA0" label="New Glitch 164897"/>
		<objref tsid="PUVP5ORKR2F2ER6" label="nolagirl80"/>
		<objref tsid="PHVD1H7M3G52FU2" label="Nemesio"/>
		<objref tsid="PHFFS670I2D2DPI" label="dada-tw"/>
		<objref tsid="PUVP56CMC6E36IB" label="New Glitch 191176"/>
		<objref tsid="PUVDJ2VCL3F25R6" label="Charl3z523"/>
		<objref tsid="PUV97MCG1PB3F1L" label="New Glitch 150769"/>
		<objref tsid="PUV3KA3779G2AJG" label="waymellow"/>
		<objref tsid="PUVELT6LEGC36K0" label="New Glitch 160628"/>
		<objref tsid="PHFQOUC02AD2PDV" label="Lileh"/>
		<objref tsid="PIFB734D0R53TTK" label="FoxCZ"/>
		<objref tsid="PUVOOII327D3J3C" label="New Glitch 168726"/>
		<objref tsid="PUVSLTKKJMB3FOB" label="saroomba"/>
		<objref tsid="PUV287SMTIE2CRF" label="Dieselfish"/>
		<objref tsid="PHFF8KK56TC2M9O" label="OdinsDoppleGanger"/>
		<objref tsid="PUVTAQLCGCC3U88" label="New Glitch 158298"/>
		<objref tsid="PUV5543GK2C30IH" label="New Glitch 153837"/>
		<objref tsid="PUVTSOIRL9C3C7E" label="Speedy95"/>
		<objref tsid="PUVKEFKRO1B3HGE" label="New Glitch 142447"/>
		<objref tsid="PUVHLTF38GC340O" label="New Glitch 159653"/>
		<objref tsid="PHF8HHU1D3D22O9" label="Terrius"/>
		<objref tsid="PA91G9GF21E2N5E" label="Songbearer"/>
		<objref tsid="PUV6NSTRGJD3QMK" label="silasw"/>
		<objref tsid="PHFH7A44N0D2A0Q" label="Jeez Louize"/>
		<objref tsid="PUV61O5BQKA3VIR" label="SamiKapi"/>
		<objref tsid="PUVAND4NQTF2HDP" label="Tehed"/>
		<objref tsid="PUVFUE0FMFB3H14" label="sadmac"/>
		<objref tsid="PUVM61OO4OB3E0U" label="Elby"/>
		<objref tsid="PUVUMUIKT2C3MAD" label="WesleyRose"/>
		<objref tsid="PUVDNJ6O7GC3SB2" label="New Glitch 159595"/>
		<objref tsid="PUVGNN9Q7QH23FN" label="sassy_sophi"/>
		<objref tsid="PIFI742H9663FDR" label="Riffin"/>
		<objref tsid="PHFG3CNV0CD2OSD" label="Squeech"/>
		<objref tsid="PUV6NC2KLVC3KN4" label="Jash"/>
		<objref tsid="PIFE8AGJ1663478" label="Chalax"/>
		<objref tsid="PUVHSK8H1GC39F5" label="Gekate"/>
		<objref tsid="PUVT1KQ92CC391B" label="JoJo Binks"/>
		<objref tsid="PHVMBF2QBO42OO2" label="Life"/>
		<objref tsid="PUVODH0JO893S8D" label="SrdCios"/>
		<objref tsid="PHFFIBQA0UC2UME" label="Adrian.Macabre"/>
		<objref tsid="PUVDJUB0O4B3HTV" label="New Glitch 143432"/>
		<objref tsid="PUVOFPFKMKD35H8" label="New Glitch 173061"/>
		<objref tsid="PUVGAG9J23B34SB" label="New Glitch 143064"/>
		<objref tsid="PA9Q2M0TV5E2K9D" label="rullsrose"/>
		<objref tsid="PUV8Q2Q701B3EML" label="View"/>
		<objref tsid="PUVP464V4D93J35" label="Heebee"/>
		<objref tsid="PUVKL8JCT3C3P0O" label="New Glitch 154309"/>
		<objref tsid="PIF38B08R063AMS" label="Spades Slick"/>
		<objref tsid="PUVG1T10KLB3B0S" label="#Faith22#"/>
		<objref tsid="PUVJ72RLVVD3V8D" label="Lanoire"/>
		<objref tsid="PUVFA1NG3BD35KE" label="New Glitch 170282"/>
	</objrefs>
</game_object>
