<game_object tsid="GLICFILAMTI11QV" ts="1336606371762" label="Scribe&apos;s Weald" class_tsid="" lastUpdateTime="1336606361547" upd_gs="gs10" load_time="2012-05-09 16:23:03.672" upd_time="2012-05-09 16:32:31.892">
	<object id="dynamic">
		<int id="l">-1250</int>
		<int id="r">1250</int>
		<int id="t">-1000</int>
		<int id="b">0</int>
		<str id="label">Scribe's Weald</str>
		<str id="swf_file">groddle1.swf</str>
		<object id="layers">
			<object id="bg_2">
				<int id="w">2100</int>
				<int id="z">-2</int>
				<object id="filtersNEW">
					<object id="contrast">
					</object>
					<object id="tintAmount">
					</object>
					<object id="brightness">
						<int id="value">-23</int>
					</object>
					<object id="saturation">
					</object>
					<object id="blur">
					</object>
				</object>
				<int id="h">1000</int>
				<object id="decos">
					<object id="tree_group_bg2_1_1289252001417">
						<int id="w">558</int>
						<int id="x">909</int>
						<int id="y">876</int>
						<str id="sprite_class">tree_group_bg2_1</str>
						<int id="z">0</int>
						<int id="h">729</int>
						<str id="name">tree_group_bg2_1_1289252001417</str>
					</object>
					<object id="tree_group_bg2_1_1289251912233">
						<int id="w">558</int>
						<int id="x">1274</int>
						<int id="y">920</int>
						<str id="sprite_class">tree_group_bg2_1</str>
						<int id="z">1</int>
						<int id="h">729</int>
						<str id="name">tree_group_bg2_1_1289251912233</str>
					</object>
					<object id="pinecluster_1_1289252435562">
						<int id="w">633</int>
						<int id="x">1228</int>
						<int id="y">1020</int>
						<str id="sprite_class">pinecluster_1</str>
						<int id="z">7</int>
						<int id="h">476</int>
						<str id="name">pinecluster_1_1289252435562</str>
					</object>
					<object id="pinecluster_2_1289251876183">
						<int id="w">787</int>
						<int id="x">1610</int>
						<int id="y">910</int>
						<str id="sprite_class">pinecluster_2</str>
						<int id="z">4</int>
						<int id="h">460</int>
						<str id="name">pinecluster_2_1289251876183</str>
					</object>
					<object id="wallpaper_tree_short_1_1289251748133">
						<int id="w">1450</int>
						<int id="x">1958</int>
						<int id="y">958</int>
						<str id="sprite_class">wallpaper_tree_short_1</str>
						<int id="z">3</int>
						<int id="h">945</int>
						<str id="name">wallpaper_tree_short_1_1289251748133</str>
					</object>
					<object id="pinecluster_1_1289252434073">
						<int id="w">633</int>
						<int id="x">848</int>
						<int id="y">918</int>
						<str id="sprite_class">pinecluster_1</str>
						<int id="z">6</int>
						<int id="h">476</int>
						<str id="name">pinecluster_1_1289252434073</str>
					</object>
					<object id="pinecluster_1_1289251887801">
						<int id="w">633</int>
						<int id="x">827</int>
						<int id="y">898</int>
						<str id="sprite_class">pinecluster_1</str>
						<int id="z">5</int>
						<int id="h">476</int>
						<str id="name">pinecluster_1_1289251887801</str>
					</object>
					<object id="pinecluster_mask_1_1289252982406">
						<int id="w">307</int>
						<int id="r">2</int>
						<int id="x">908</int>
						<int id="y">835</int>
						<str id="sprite_class">pinecluster_mask_1</str>
						<int id="z">11</int>
						<int id="h">119</int>
						<str id="name">pinecluster_mask_1_1289252982406</str>
					</object>
					<object id="wallpaper_tree_short_1_1289251743882">
						<int id="w">1450</int>
						<int id="x">285</int>
						<int id="y">972</int>
						<str id="sprite_class">wallpaper_tree_short_1</str>
						<int id="z">2</int>
						<int id="h">945</int>
						<str id="name">wallpaper_tree_short_1_1289251743882</str>
					</object>
					<object id="pinecluster_1_1289253208215">
						<int id="w">633</int>
						<int id="x">509</int>
						<int id="y">1100</int>
						<str id="sprite_class">pinecluster_1</str>
						<int id="z">12</int>
						<int id="h">476</int>
						<str id="name">pinecluster_1_1289253208215</str>
					</object>
					<object id="groddle_bush7_1289252492785">
						<int id="w">563</int>
						<int id="x">386</int>
						<int id="y">856</int>
						<str id="sprite_class">groddle_bush7</str>
						<int id="z">10</int>
						<int id="h">133</int>
						<str id="name">groddle_bush7_1289252492785</str>
					</object>
					<object id="groddle_bush7_1289252479640">
						<int id="w">563</int>
						<int id="x">1142</int>
						<int id="y">876</int>
						<str id="sprite_class">groddle_bush7</str>
						<int id="z">8</int>
						<int id="h">133</int>
						<str id="name">groddle_bush7_1289252479640</str>
					</object>
					<object id="groddle_bush7_1289252483872">
						<int id="w">563</int>
						<int id="x">1854</int>
						<int id="y">888</int>
						<str id="sprite_class">groddle_bush7</str>
						<int id="z">9</int>
						<int id="h">133</int>
						<str id="name">groddle_bush7_1289252483872</str>
					</object>
				</object>
				<str id="name">bg_2</str>
			</object>
			<object id="foreground">
				<int id="w">2708</int>
				<int id="z">2</int>
				<object id="filtersNEW">
					<object id="contrast">
					</object>
					<object id="tintAmount">
					</object>
					<object id="brightness">
						<int id="value">-58</int>
					</object>
					<object id="saturation">
					</object>
					<object id="blur">
					</object>
				</object>
				<int id="h">1000</int>
				<object id="decos">
					<object id="tree_bare_thin_1_1289253288150">
						<int id="w">276</int>
						<int id="x">2433</int>
						<int id="y">1173</int>
						<str id="sprite_class">tree_bare_thin_1</str>
						<int id="z">3</int>
						<int id="h">784</int>
						<str id="name">tree_bare_thin_1_1289253288150</str>
					</object>
					<object id="tree_bare_thin_1_1289253130796">
						<int id="w">276</int>
						<int id="x">1453</int>
						<int id="y">1285</int>
						<str id="sprite_class">tree_bare_thin_1</str>
						<int id="z">0</int>
						<int id="h">784</int>
						<bool id="h_flip">true</bool>
						<str id="name">tree_bare_thin_1_1289253130796</str>
					</object>
					<object id="flower_bush_5_1289253236169">
						<int id="w">319</int>
						<int id="x">402</int>
						<int id="y">1063</int>
						<str id="sprite_class">flower_bush_5</str>
						<int id="z">1</int>
						<int id="h">135</int>
						<str id="name">flower_bush_5_1289253236169</str>
					</object>
					<object id="flower_bush_5_1289253240896">
						<int id="w">319</int>
						<int id="x">246</int>
						<int id="y">1080</int>
						<str id="sprite_class">flower_bush_5</str>
						<int id="z">2</int>
						<int id="h">135</int>
						<str id="name">flower_bush_5_1289253240896</str>
					</object>
					<object id="tree_coniferous_bare_1_1289253295397">
						<int id="w">557</int>
						<int id="x">732</int>
						<int id="y">1104</int>
						<str id="sprite_class">tree_coniferous_bare_1</str>
						<int id="z">4</int>
						<int id="h">747</int>
						<str id="name">tree_coniferous_bare_1_1289253295397</str>
					</object>
				</object>
				<str id="name">foreground</str>
			</object>
			<object id="middleplus">
				<int id="w">2500</int>
				<int id="z">1</int>
				<object id="filtersNEW">
					<object id="contrast">
					</object>
					<object id="tintAmount">
					</object>
					<object id="brightness">
						<int id="value">-47</int>
					</object>
					<object id="saturation">
					</object>
					<object id="blur">
					</object>
				</object>
				<int id="h">1000</int>
				<object id="decos">
					<object id="mound_dirt_4_1289252962478">
						<int id="w">443</int>
						<int id="x">1590</int>
						<int id="y">1073</int>
						<str id="sprite_class">mound_dirt_4</str>
						<int id="z">3</int>
						<int id="h">169</int>
						<str id="name">mound_dirt_4_1289252962478</str>
					</object>
					<object id="bush_3_1289252974928">
						<int id="w">283</int>
						<int id="x">1847</int>
						<int id="y">1063</int>
						<str id="sprite_class">bush_3</str>
						<int id="z">4</int>
						<int id="h">100</int>
						<str id="name">bush_3_1289252974928</str>
					</object>
					<object id="bush_3_1289253115363">
						<int id="w">283</int>
						<int id="x">2031</int>
						<int id="y">1051</int>
						<str id="sprite_class">bush_3</str>
						<int id="z">6</int>
						<int id="h">100</int>
						<str id="name">bush_3_1289253115363</str>
					</object>
					<object id="pinecluster_mask_1_1289252976694">
						<int id="w">316</int>
						<int id="x">1321</int>
						<int id="y">1038</int>
						<str id="sprite_class">pinecluster_mask_1</str>
						<int id="z">5</int>
						<int id="h">122</int>
						<str id="name">pinecluster_mask_1_1289252976694</str>
					</object>
					<object id="groddle_bush1_1289252593456">
						<int id="w">208</int>
						<int id="x">221</int>
						<int id="y">1046</int>
						<str id="sprite_class">groddle_bush1</str>
						<int id="z">2</int>
						<int id="h">123</int>
						<str id="name">groddle_bush1_1289252593456</str>
					</object>
					<object id="groddle_bush4_1289252591746">
						<int id="w">143</int>
						<int id="x">131</int>
						<int id="y">1024</int>
						<str id="sprite_class">groddle_bush4</str>
						<int id="z">1</int>
						<int id="h">69</int>
						<str id="name">groddle_bush4_1289252591746</str>
					</object>
					<object id="groddle_bush1_1289252589654">
						<int id="w">160</int>
						<int id="x">17</int>
						<int id="y">1045</int>
						<str id="sprite_class">groddle_bush1</str>
						<int id="z">0</int>
						<int id="h">95</int>
						<str id="name">groddle_bush1_1289252589654</str>
					</object>
				</object>
				<str id="name">middleplus</str>
			</object>
			<object id="middleground">
				<object id="signposts">
					<object id="signpost_1">
						<int id="y">-50</int>
						<int id="w">150</int>
						<object id="connects">
							<object id="0">
								<str id="swf_file_versioned">http://c2.glitch.bz/locations/groddle1/1304704804.swf</str>
								<str id="mote_id">9</str>
								<int id="x">1800</int>
								<str id="hub_id">56</str>
								<int id="y">-70</int>
								<objref id="target" tsid="LLI2HVHUM4F16B0" label="Pasha&apos;s Place"/>
							</object>
						</object>
						<int id="x">1025</int>
						<int id="h">200</int>
					</object>
					<object id="signpost_2">
						<int id="y">-71</int>
						<int id="w">150</int>
						<object id="connects">
							<object id="0">
								<str id="swf_file_versioned">http://c2.glitch.bz/locations/groddle1/1304704804.swf</str>
								<str id="mote_id">9</str>
								<int id="x">1400</int>
								<str id="hub_id">56</str>
								<int id="y">-115</int>
								<objref id="target" tsid="LLI2V0UN7RD1T2J" label="Hechey Track"/>
							</object>
						</object>
						<int id="x">-1087</int>
						<int id="h">200</int>
					</object>
				</object>
				<object id="targets">
				</object>
				<object id="boxes">
				</object>
				<object id="walls">
				</object>
				<object id="filtersNEW">
					<object id="contrast">
					</object>
					<object id="brightness">
						<int id="value">-16</int>
					</object>
					<object id="tintAmount">
					</object>
					<object id="saturation">
					</object>
				</object>
				<object id="decos">
					<object id="patch_mossy_1_1289252925130">
						<int id="w">145</int>
						<int id="r">-9</int>
						<int id="x">103</int>
						<int id="y">-64</int>
						<str id="sprite_class">patch_mossy_1</str>
						<int id="z">39</int>
						<int id="h">35</int>
						<str id="name">patch_mossy_1_1289252925130</str>
					</object>
					<object id="dirt_platform_long_1289251678213">
						<int id="w">955</int>
						<int id="x">-380</int>
						<int id="y">8</int>
						<str id="sprite_class">dirt_platform_long</str>
						<int id="z">7</int>
						<int id="h">53</int>
						<str id="name">dirt_platform_long_1289251678213</str>
					</object>
					<object id="patch_mossy_1_1289253066395">
						<int id="w">258</int>
						<int id="r">2</int>
						<int id="x">1154</int>
						<int id="y">6</int>
						<str id="sprite_class">patch_mossy_1</str>
						<int id="z">47</int>
						<int id="h">59</int>
						<str id="name">patch_mossy_1_1289253066395</str>
					</object>
					<object id="tree_coniferous_fg_1_1289252109924">
						<int id="w">633</int>
						<int id="x">1148</int>
						<int id="y">-24</int>
						<str id="sprite_class">tree_coniferous_fg_1</str>
						<int id="z">20</int>
						<int id="h">1406</int>
						<str id="name">tree_coniferous_fg_1_1289252109924</str>
					</object>
					<object id="gravel_2_1289252685759">
						<int id="w">39</int>
						<int id="x">-621</int>
						<int id="y">-92</int>
						<str id="sprite_class">gravel_2</str>
						<int id="z">30</int>
						<int id="h">22</int>
						<str id="name">gravel_2_1289252685759</str>
					</object>
					<object id="patch_mossy_3_1289252678075">
						<int id="w">196</int>
						<int id="x">-600</int>
						<int id="y">-50</int>
						<str id="sprite_class">patch_mossy_3</str>
						<int id="z">29</int>
						<int id="h">37</int>
						<str id="name">patch_mossy_3_1289252678075</str>
					</object>
					<object id="flower_bush_5_1289252171803">
						<int id="w">251</int>
						<int id="x">-313</int>
						<int id="y">-36</int>
						<str id="sprite_class">flower_bush_5</str>
						<int id="z">55</int>
						<int id="h">107</int>
						<str id="name">flower_bush_5_1289252171803</str>
					</object>
					<object id="dirt_platform_long_1289251697664">
						<int id="w">955</int>
						<int id="x">1062</int>
						<int id="y">-20</int>
						<str id="sprite_class">dirt_platform_long</str>
						<int id="z">12</int>
						<int id="h">53</int>
						<str id="name">dirt_platform_long_1289251697664</str>
					</object>
					<object id="bush_3_1289252607775">
						<int id="w">283</int>
						<int id="x">-974</int>
						<int id="y">-63</int>
						<str id="sprite_class">bush_3</str>
						<int id="z">22</int>
						<int id="h">100</int>
						<str id="name">bush_3_1289252607775</str>
					</object>
					<object id="tree_stack_leafy_2_1289252876261">
						<int id="w">320</int>
						<int id="x">891</int>
						<int id="y">-400</int>
						<str id="sprite_class">tree_stack_leafy_2</str>
						<int id="z">33</int>
						<int id="h">136</int>
						<str id="name">tree_stack_leafy_2_1289252876261</str>
					</object>
					<object id="tree_stack_leafy_1_1289252857627">
						<int id="w">596</int>
						<int id="x">927</int>
						<int id="y">-385</int>
						<str id="sprite_class">tree_stack_leafy_1</str>
						<int id="z">32</int>
						<int id="h">184</int>
						<str id="name">tree_stack_leafy_1_1289252857627</str>
					</object>
					<object id="mound_dirt_4_1289252953594">
						<int id="w">499</int>
						<int id="x">144</int>
						<int id="y">130</int>
						<str id="sprite_class">mound_dirt_4</str>
						<int id="z">42</int>
						<int id="h">190</int>
						<str id="name">mound_dirt_4_1289252953594</str>
					</object>
					<object id="dirt_platform_long_1289251707330">
						<int id="w">955</int>
						<int id="x">-980</int>
						<int id="y">-58</int>
						<str id="sprite_class">dirt_platform_long</str>
						<int id="z">14</int>
						<int id="h">53</int>
						<str id="name">dirt_platform_long_1289251707330</str>
					</object>
					<object id="bush_3_1289252132401">
						<int id="w">283</int>
						<int id="x">1020</int>
						<int id="y">-70</int>
						<str id="sprite_class">bush_3</str>
						<int id="z">2</int>
						<int id="h">100</int>
						<str id="name">bush_3_1289252132401</str>
					</object>
					<object id="dirt_platform_long_1289251685381">
						<int id="w">955</int>
						<int id="x">1026</int>
						<int id="y">-62</int>
						<str id="sprite_class">dirt_platform_long</str>
						<int id="z">10</int>
						<int id="h">53</int>
						<str id="name">dirt_platform_long_1289251685381</str>
					</object>
					<object id="tree_stack_knot_1289264166523">
						<int id="w">34</int>
						<int id="x">-191</int>
						<int id="y">-382</int>
						<str id="sprite_class">tree_stack_knot</str>
						<int id="z">58</int>
						<int id="h">205</int>
						<str id="name">tree_stack_knot_1289264166523</str>
					</object>
					<object id="tree_stack_branch_4_1289252884127">
						<int id="w">217</int>
						<int id="x">994</int>
						<int id="y">-278</int>
						<str id="sprite_class">tree_stack_branch_4</str>
						<int id="z">35</int>
						<int id="h">102</int>
						<str id="name">tree_stack_branch_4_1289252884127</str>
					</object>
					<object id="tree_stack_trunk_1289264159345">
						<int id="w">88</int>
						<int id="x">-176</int>
						<int id="y">-449</int>
						<str id="sprite_class">tree_stack_trunk</str>
						<int id="z">57</int>
						<int id="h">701</int>
						<str id="name">tree_stack_trunk_1289264159345</str>
					</object>
					<object id="flower_bush_5_1289252197120">
						<int id="w">211</int>
						<int id="x">1012</int>
						<int id="y">-76</int>
						<str id="sprite_class">flower_bush_5</str>
						<int id="z">19</int>
						<int id="h">90</int>
						<str id="name">flower_bush_5_1289252197120</str>
					</object>
					<object id="dirt_platform_long_1289251712931">
						<int id="w">955</int>
						<int id="x">-944</int>
						<int id="y">2</int>
						<str id="sprite_class">dirt_platform_long</str>
						<int id="z">16</int>
						<int id="h">53</int>
						<str id="name">dirt_platform_long_1289251712931</str>
					</object>
					<object id="flower_bush_5_1289252613008">
						<int id="w">251</int>
						<int id="x">-787</int>
						<int id="y">-64</int>
						<str id="sprite_class">flower_bush_5</str>
						<int id="z">23</int>
						<int id="h">107</int>
						<str id="name">flower_bush_5_1289252613008</str>
					</object>
					<object id="patch_mossy_1_1289252933094">
						<int id="w">145</int>
						<int id="r">9</int>
						<int id="x">518</int>
						<int id="y">-99</int>
						<str id="sprite_class">patch_mossy_1</str>
						<int id="z">40</int>
						<int id="h">35</int>
						<str id="name">patch_mossy_1_1289252933094</str>
					</object>
					<object id="patch_mossy_3_1289252940545">
						<int id="w">196</int>
						<int id="r">11</int>
						<int id="x">564</int>
						<int id="y">-69</int>
						<str id="sprite_class">patch_mossy_3</str>
						<int id="z">41</int>
						<int id="h">37</int>
						<str id="name">patch_mossy_3_1289252940545</str>
					</object>
					<object id="dirt_platform_long_1289251682819">
						<int id="w">955</int>
						<int id="x">520</int>
						<int id="y">-24</int>
						<str id="sprite_class">dirt_platform_long</str>
						<int id="z">9</int>
						<int id="h">53</int>
						<str id="name">dirt_platform_long_1289251682819</str>
					</object>
					<object id="patch_mossy_3_1289252670308">
						<int id="w">196</int>
						<int id="x">-813</int>
						<int id="y">-8</int>
						<str id="sprite_class">patch_mossy_3</str>
						<int id="z">26</int>
						<int id="h">37</int>
						<str id="name">patch_mossy_3_1289252670308</str>
					</object>
					<object id="tree_stack_branch_2_1289252888877">
						<int id="w">118</int>
						<int id="x">1235</int>
						<int id="y">-271</int>
						<str id="sprite_class">tree_stack_branch_2</str>
						<int id="z">36</int>
						<int id="h">73</int>
						<str id="name">tree_stack_branch_2_1289252888877</str>
					</object>
					<object id="platform_branch_a01_1289264177353">
						<int id="w">261</int>
						<int id="x">-24</int>
						<int id="y">-694</int>
						<str id="sprite_class">platform_branch_a01</str>
						<int id="z">62</int>
						<int id="h">116</int>
						<str id="name">platform_branch_a01_1289264177353</str>
					</object>
					<object id="patch_mossy_1_1289252675842">
						<int id="w">145</int>
						<int id="x">-1129</int>
						<int id="y">-17</int>
						<str id="sprite_class">patch_mossy_1</str>
						<int id="z">28</int>
						<int id="h">35</int>
						<str id="name">patch_mossy_1_1289252675842</str>
					</object>
					<object id="patch_mossy_1_1289252665858">
						<int id="w">145</int>
						<int id="x">-802</int>
						<int id="y">-25</int>
						<str id="sprite_class">patch_mossy_1</str>
						<int id="z">25</int>
						<int id="h">35</int>
						<str id="name">patch_mossy_1_1289252665858</str>
					</object>
					<object id="dirt_mound_1_1289251972401">
						<int id="w">780</int>
						<int id="x">352</int>
						<int id="y">-14</int>
						<str id="sprite_class">dirt_mound_1</str>
						<int id="z">17</int>
						<int id="h">139</int>
						<str id="name">dirt_mound_1_1289251972401</str>
					</object>
					<object id="platform_branch_a05_1289252881044">
						<int id="w">103</int>
						<int id="x">-227</int>
						<int id="y">-292</int>
						<str id="sprite_class">platform_branch_a05</str>
						<int id="z">34</int>
						<int id="h">45</int>
						<str id="name">platform_branch_a05_1289252881044</str>
					</object>
					<object id="patch_mossy_1_1289253054094">
						<int id="w">220</int>
						<int id="r">2</int>
						<int id="x">820</int>
						<int id="y">-7</int>
						<str id="sprite_class">patch_mossy_1</str>
						<int id="z">45</int>
						<int id="h">51</int>
						<str id="name">patch_mossy_1_1289253054094</str>
					</object>
					<object id="patch_mossy_1_1289253070916">
						<int id="w">258</int>
						<int id="r">2</int>
						<int id="x">1008</int>
						<int id="y">32</int>
						<str id="sprite_class">patch_mossy_1</str>
						<int id="z">48</int>
						<int id="h">59</int>
						<str id="name">patch_mossy_1_1289253070916</str>
					</object>
					<object id="light_shafts_1289257283496">
						<int id="w">761</int>
						<int id="x">512</int>
						<int id="y">-56</int>
						<str id="sprite_class">light_shafts</str>
						<int id="z">0</int>
						<int id="h">724</int>
						<str id="name">light_shafts_1289257283496</str>
					</object>
					<object id="patch_mossy_1_1289252903365">
						<int id="w">145</int>
						<int id="r">-9</int>
						<int id="x">148</int>
						<int id="y">-94</int>
						<str id="sprite_class">patch_mossy_1</str>
						<int id="z">38</int>
						<int id="h">35</int>
						<str id="name">patch_mossy_1_1289252903365</str>
					</object>
					<object id="bush_3_1289252602658">
						<int id="w">283</int>
						<int id="r">3</int>
						<int id="x">-1187</int>
						<int id="y">-72</int>
						<str id="sprite_class">bush_3</str>
						<int id="z">21</int>
						<int id="h">100</int>
						<str id="name">bush_3_1289252602658</str>
					</object>
					<object id="tree_stack_base_1289264138810">
						<int id="w">229</int>
						<int id="x">-187</int>
						<int id="y">-44</int>
						<str id="sprite_class">tree_stack_base</str>
						<int id="z">53</int>
						<int id="h">410</int>
						<str id="name">tree_stack_base_1289264138810</str>
					</object>
					<object id="bush_3_1289252121601">
						<int id="w">283</int>
						<int id="x">-368</int>
						<int id="y">-78</int>
						<str id="sprite_class">bush_3</str>
						<int id="z">4</int>
						<int id="h">100</int>
						<str id="name">bush_3_1289252121601</str>
					</object>
					<object id="dirt_platform_long_1289251679627">
						<int id="w">955</int>
						<int id="x">530</int>
						<int id="y">8</int>
						<str id="sprite_class">dirt_platform_long</str>
						<int id="z">8</int>
						<int id="h">53</int>
						<str id="name">dirt_platform_long_1289251679627</str>
					</object>
					<object id="tree_coniferous_fg_2_1289251762499">
						<int id="w">679</int>
						<int id="x">870</int>
						<int id="y">-36</int>
						<str id="sprite_class">tree_coniferous_fg_2</str>
						<int id="z">18</int>
						<int id="h">1464</int>
						<str id="name">tree_coniferous_fg_2_1289251762499</str>
					</object>
					<object id="dirt_platform_long_1289251699814">
						<int id="w">955</int>
						<int id="x">1082</int>
						<int id="y">0</int>
						<str id="sprite_class">dirt_platform_long</str>
						<int id="z">13</int>
						<int id="h">53</int>
						<str id="name">dirt_platform_long_1289251699814</str>
					</object>
					<object id="patch_mossy_1_1289252912103">
						<int id="w">182</int>
						<int id="r">-9</int>
						<int id="x">48</int>
						<int id="y">-70</int>
						<str id="sprite_class">patch_mossy_1</str>
						<int id="z">37</int>
						<int id="h">43</int>
						<str id="name">patch_mossy_1_1289252912103</str>
					</object>
					<object id="tree_stack_branch_4_1289264174551">
						<int id="w">217</int>
						<int id="x">-47</int>
						<int id="y">-351</int>
						<str id="sprite_class">tree_stack_branch_4</str>
						<int id="z">61</int>
						<int id="h">102</int>
						<str id="name">tree_stack_branch_4_1289264174551</str>
					</object>
					<object id="dirt_platform_long_1289251710447">
						<int id="w">955</int>
						<int id="x">-964</int>
						<int id="y">-24</int>
						<str id="sprite_class">dirt_platform_long</str>
						<int id="z">15</int>
						<int id="h">53</int>
						<str id="name">dirt_platform_long_1289251710447</str>
					</object>
					<object id="patch_mossy_1_1289253063524">
						<int id="w">220</int>
						<int id="r">2</int>
						<int id="x">978</int>
						<int id="y">-2</int>
						<str id="sprite_class">patch_mossy_1</str>
						<int id="z">46</int>
						<int id="h">51</int>
						<str id="name">patch_mossy_1_1289253063524</str>
					</object>
					<object id="patch_mossy_1_1289252663794">
						<int id="w">145</int>
						<int id="x">-905</int>
						<int id="y">-29</int>
						<str id="sprite_class">patch_mossy_1</str>
						<int id="z">24</int>
						<int id="h">35</int>
						<str id="name">patch_mossy_1_1289252663794</str>
					</object>
					<object id="platform_branch_a05_1289264169848">
						<int id="w">103</int>
						<int id="x">-253</int>
						<int id="y">-344</int>
						<str id="sprite_class">platform_branch_a05</str>
						<int id="z">59</int>
						<int id="h">45</int>
						<str id="name">platform_branch_a05_1289264169848</str>
					</object>
					<object id="dirt_platform_long_1289251691731">
						<int id="w">955</int>
						<int id="x">526</int>
						<int id="y">-34</int>
						<str id="sprite_class">dirt_platform_long</str>
						<int id="z">11</int>
						<int id="h">53</int>
						<str id="name">dirt_platform_long_1289251691731</str>
					</object>
					<object id="patch_mossy_1_1289252673006">
						<int id="w">145</int>
						<int id="x">-1192</int>
						<int id="y">-36</int>
						<str id="sprite_class">patch_mossy_1</str>
						<int id="z">27</int>
						<int id="h">35</int>
						<str id="name">patch_mossy_1_1289252673006</str>
					</object>
					<object id="dirt_platform_long_1289251672863">
						<int id="w">955</int>
						<int id="x">-400</int>
						<int id="y">-12</int>
						<str id="sprite_class">dirt_platform_long</str>
						<int id="z">6</int>
						<int id="h">53</int>
						<str id="name">dirt_platform_long_1289251672863</str>
					</object>
					<object id="tree_stack_branch_3_1289264172311">
						<int id="w">157</int>
						<int id="x">-271</int>
						<int id="y">-538</int>
						<str id="sprite_class">tree_stack_branch_3</str>
						<int id="z">60</int>
						<int id="h">59</int>
						<str id="name">tree_stack_branch_3_1289264172311</str>
					</object>
					<object id="flower_bush_5_1289252189104">
						<int id="w">251</int>
						<int id="x">-214</int>
						<int id="y">-52</int>
						<str id="sprite_class">flower_bush_5</str>
						<int id="z">1</int>
						<int id="h">107</int>
						<str id="name">flower_bush_5_1289252189104</str>
					</object>
					<object id="dirt_platform_long_1289251659964">
						<int id="w">955</int>
						<int id="x">-394</int>
						<int id="y">-52</int>
						<str id="sprite_class">dirt_platform_long</str>
						<int id="z">5</int>
						<int id="h">53</int>
						<str id="name">dirt_platform_long_1289251659964</str>
					</object>
					<object id="bush_3_1289252129435">
						<int id="w">283</int>
						<int id="x">-66</int>
						<int id="y">-46</int>
						<str id="sprite_class">bush_3</str>
						<int id="z">3</int>
						<int id="h">100</int>
						<str id="name">bush_3_1289252129435</str>
					</object>
					<object id="groddle_grass_2_1289252773943">
						<int id="w">101</int>
						<int id="x">-173</int>
						<int id="y">-35</int>
						<str id="sprite_class">groddle_grass_2</str>
						<int id="z">31</int>
						<int id="h">81</int>
						<str id="name">groddle_grass_2_1289252773943</str>
					</object>
					<object id="groddle_grass_2_1289253008612">
						<int id="w">81</int>
						<int id="x">712</int>
						<int id="y">-74</int>
						<str id="sprite_class">groddle_grass_2</str>
						<int id="z">44</int>
						<int id="h">65</int>
						<bool id="h_flip">true</bool>
						<str id="name">groddle_grass_2_1289253008612</str>
					</object>
					<object id="groddle_plant_1_1289253082446">
						<int id="w">134</int>
						<int id="x">871</int>
						<int id="y">-70</int>
						<str id="sprite_class">groddle_plant_1</str>
						<int id="z">49</int>
						<int id="h">140</int>
						<str id="name">groddle_plant_1_1289253082446</str>
					</object>
					<object id="groddle_plant_1_1289253086498">
						<int id="w">101</int>
						<int id="x">891</int>
						<int id="y">-63</int>
						<str id="sprite_class">groddle_plant_1</str>
						<int id="z">50</int>
						<int id="h">106</int>
						<bool id="h_flip">true</bool>
						<str id="name">groddle_plant_1_1289253086498</str>
					</object>
					<object id="groddle_grass_2_1289253013949">
						<int id="w">81</int>
						<int id="x">891</int>
						<int id="y">-54</int>
						<str id="sprite_class">groddle_grass_2</str>
						<int id="z">51</int>
						<int id="h">65</int>
						<str id="name">groddle_grass_2_1289253013949</str>
					</object>
					<object id="groddle_grass_2_1289252772043">
						<int id="w">81</int>
						<int id="x">-133</int>
						<int id="y">-38</int>
						<str id="sprite_class">groddle_grass_2</str>
						<int id="z">54</int>
						<int id="h">65</int>
						<str id="name">groddle_grass_2_1289252772043</str>
					</object>
					<object id="groddle_grass_2_1289253005779">
						<int id="w">81</int>
						<int id="x">691</int>
						<int id="y">-91</int>
						<str id="sprite_class">groddle_grass_2</str>
						<int id="z">43</int>
						<int id="h">65</int>
						<str id="name">groddle_grass_2_1289253005779</str>
					</object>
					<object id="groddle_fern_1_1289253101180">
						<int id="w">127</int>
						<int id="x">978</int>
						<int id="y">-64</int>
						<str id="sprite_class">groddle_fern_1</str>
						<int id="z">52</int>
						<int id="h">75</int>
						<str id="name">groddle_fern_1_1289253101180</str>
					</object>
					<object id="groddle_fern_1_1289253104313">
						<int id="w">127</int>
						<int id="x">-75</int>
						<int id="y">-48</int>
						<str id="sprite_class">groddle_fern_1</str>
						<int id="z">56</int>
						<int id="h">75</int>
						<str id="name">groddle_fern_1_1289253104313</str>
					</object>
				</object>
				<object id="platform_lines">
					<object id="_pl1289252325719">
						<int id="platform_pc_perm">-1</int>
						<object id="start">
							<int id="y">-84</int>
							<int id="x">156</int>
						</object>
						<object id="end">
							<int id="y">-112</int>
							<int id="x">308</int>
						</object>
						<int id="platform_item_perm">-1</int>
					</object>
					<object id="_pl1289252311416">
						<int id="platform_pc_perm">-1</int>
						<object id="start">
							<int id="y">-34</int>
							<int id="x">-574</int>
						</object>
						<object id="end">
							<int id="y">-22</int>
							<int id="x">-422</int>
						</object>
						<int id="platform_item_perm">-1</int>
					</object>
					<object id="_pl1289252322286">
						<int id="platform_pc_perm">-1</int>
						<object id="start">
							<int id="y">-22</int>
							<int id="x">-422</int>
						</object>
						<object id="end">
							<int id="y">-22</int>
							<int id="x">-174</int>
						</object>
						<int id="platform_item_perm">-1</int>
					</object>
					<object id="_pl1289252326846">
						<int id="platform_pc_perm">-1</int>
						<object id="start">
							<int id="y">-112</int>
							<int id="x">308</int>
						</object>
						<object id="end">
							<int id="y">-110</int>
							<int id="x">418</int>
						</object>
						<int id="platform_item_perm">-1</int>
					</object>
					<object id="_pl1289252330144">
						<int id="platform_pc_perm">-1</int>
						<object id="start">
							<int id="y">-26</int>
							<int id="x">856</int>
						</object>
						<object id="end">
							<int id="y">-32</int>
							<int id="x">1249</int>
						</object>
						<int id="platform_item_perm">-1</int>
					</object>
					<object id="_pl1289252310117">
						<int id="platform_pc_perm">-1</int>
						<object id="start">
							<int id="y">-64</int>
							<int id="x">-1246</int>
						</object>
						<object id="end">
							<int id="y">-34</int>
							<int id="x">-574</int>
						</object>
						<int id="platform_item_perm">-1</int>
					</object>
					<object id="_pl1289252327878">
						<int id="platform_pc_perm">-1</int>
						<object id="start">
							<int id="y">-110</int>
							<int id="x">418</int>
						</object>
						<object id="end">
							<int id="y">-64</int>
							<int id="x">634</int>
						</object>
						<int id="platform_item_perm">-1</int>
					</object>
					<object id="_pl1289252329026">
						<int id="platform_pc_perm">-1</int>
						<object id="start">
							<int id="y">-64</int>
							<int id="x">634</int>
						</object>
						<object id="end">
							<int id="y">-26</int>
							<int id="x">856</int>
						</object>
						<int id="platform_item_perm">-1</int>
					</object>
					<object id="_pl1289252323579">
						<int id="platform_pc_perm">-1</int>
						<object id="start">
							<int id="y">-22</int>
							<int id="x">-174</int>
						</object>
						<object id="end">
							<int id="y">-84</int>
							<int id="x">156</int>
						</object>
						<int id="platform_item_perm">-1</int>
					</object>
					<object id="_pl1289264246261">
						<int id="platform_pc_perm">-1</int>
						<object id="start">
							<int id="y">-757</int>
							<int id="x">-74</int>
						</object>
						<object id="end">
							<int id="y">-745</int>
							<int id="x">74</int>
						</object>
						<int id="platform_item_perm">-1</int>
					</object>
				</object>
				<int id="w">2500</int>
				<object id="ladders">
				</object>
				<object id="platforms">
				</object>
				<object id="doors">
				</object>
				<int id="z">0</int>
				<int id="h">1000</int>
				<str id="name">middleground</str>
			</object>
			<object id="bg_1">
				<int id="w">2250</int>
				<int id="z">-1</int>
				<object id="filtersNEW">
					<object id="contrast">
						<int id="value">-10</int>
					</object>
					<object id="tintAmount">
					</object>
					<object id="brightness">
						<int id="value">-23</int>
					</object>
					<object id="saturation">
						<int id="value">-11</int>
					</object>
					<object id="blur">
					</object>
				</object>
				<int id="h">1000</int>
				<object id="decos">
					<object id="bush_2_1289252148087">
						<int id="w">222</int>
						<int id="x">1724</int>
						<int id="y">930</int>
						<str id="sprite_class">bush_2</str>
						<int id="z">9</int>
						<int id="h">86</int>
						<str id="name">bush_2_1289252148087</str>
					</object>
					<object id="flower_bush_5_1289252623474">
						<int id="w">175</int>
						<int id="x">731</int>
						<int id="y">905</int>
						<str id="sprite_class">flower_bush_5</str>
						<int id="z">20</int>
						<int id="h">75</int>
						<str id="name">flower_bush_5_1289252623474</str>
					</object>
					<object id="flower_bush_5_1289252621143">
						<int id="w">175</int>
						<int id="x">621</int>
						<int id="y">917</int>
						<str id="sprite_class">flower_bush_5</str>
						<int id="z">19</int>
						<int id="h">75</int>
						<str id="name">flower_bush_5_1289252621143</str>
					</object>
					<object id="bush_1_1289253030096">
						<int id="w">105</int>
						<int id="x">1295</int>
						<int id="y">855</int>
						<str id="sprite_class">bush_1</str>
						<int id="z">31</int>
						<int id="h">84</int>
						<str id="name">bush_1_1289253030096</str>
					</object>
					<object id="bush_2_1289252143135">
						<int id="w">222</int>
						<int id="x">760</int>
						<int id="y">902</int>
						<str id="sprite_class">bush_2</str>
						<int id="z">7</int>
						<int id="h">86</int>
						<str id="name">bush_2_1289252143135</str>
					</object>
					<object id="bush_1_1289253033429">
						<int id="w">105</int>
						<int id="x">452</int>
						<int id="y">854</int>
						<str id="sprite_class">bush_1</str>
						<int id="z">32</int>
						<int id="h">84</int>
						<str id="name">bush_1_1289253033429</str>
					</object>
					<object id="dirt_mound_1_1289252257703">
						<int id="w">622</int>
						<int id="x">652</int>
						<int id="y">984</int>
						<str id="sprite_class">dirt_mound_1</str>
						<int id="z">12</int>
						<int id="h">126</int>
						<str id="name">dirt_mound_1_1289252257703</str>
					</object>
					<object id="tree_stack_leafy_1_1289264104760">
						<int id="w">596</int>
						<int id="x">1562</int>
						<int id="y">185</int>
						<str id="sprite_class">tree_stack_leafy_1</str>
						<int id="z">37</int>
						<int id="h">184</int>
						<str id="name">tree_stack_leafy_1_1289264104760</str>
					</object>
					<object id="tree_stack_base_4_1289252726276">
						<int id="w">448</int>
						<int id="x">1521</int>
						<int id="y">895</int>
						<str id="sprite_class">tree_stack_base_4</str>
						<int id="z">23</int>
						<int id="h">339</int>
						<str id="name">tree_stack_base_4_1289252726276</str>
					</object>
					<object id="pinecluster_1_1289252270049">
						<int id="w">702</int>
						<int id="x">40</int>
						<int id="y">870</int>
						<str id="sprite_class">pinecluster_1</str>
						<int id="z">13</int>
						<int id="h">509</int>
						<str id="name">pinecluster_1_1289252270049</str>
					</object>
					<object id="bush_3_1289252757808">
						<int id="w">283</int>
						<int id="x">948</int>
						<int id="y">886</int>
						<str id="sprite_class">bush_3</str>
						<int id="z">26</int>
						<int id="h">100</int>
						<str id="name">bush_3_1289252757808</str>
					</object>
					<object id="dirt_mound_1_1289252369114">
						<int id="w">780</int>
						<int id="x">1124</int>
						<int id="y">942</int>
						<str id="sprite_class">dirt_mound_1</str>
						<int id="z">17</int>
						<int id="h">139</int>
						<str id="name">dirt_mound_1_1289252369114</str>
					</object>
					<object id="light_shafts_1289253405459">
						<int id="w">761</int>
						<int id="x">1507</int>
						<int id="y">938</int>
						<str id="sprite_class">light_shafts</str>
						<int id="z">35</int>
						<int id="h">724</int>
						<str id="name">light_shafts_1289253405459</str>
					</object>
					<object id="mound_dirt_4_1289251943687">
						<int id="w">499</int>
						<int id="x">736</int>
						<int id="y">940</int>
						<str id="sprite_class">mound_dirt_4</str>
						<int id="z">3</int>
						<int id="h">190</int>
						<str id="name">mound_dirt_4_1289251943687</str>
					</object>
					<object id="bush_3_1289252753702">
						<int id="w">283</int>
						<int id="x">1668</int>
						<int id="y">930</int>
						<str id="sprite_class">bush_3</str>
						<int id="z">25</int>
						<int id="h">100</int>
						<str id="name">bush_3_1289252753702</str>
					</object>
					<object id="tree_coniferous_fg_1_1289252281427">
						<int id="w">633</int>
						<int id="x">84</int>
						<int id="y">904</int>
						<str id="sprite_class">tree_coniferous_fg_1</str>
						<int id="z">14</int>
						<int id="h">1406</int>
						<str id="name">tree_coniferous_fg_1_1289252281427</str>
					</object>
					<object id="flower_bush_5_1289252626550">
						<int id="w">175</int>
						<int id="x">859</int>
						<int id="y">894</int>
						<str id="sprite_class">flower_bush_5</str>
						<int id="z">21</int>
						<int id="h">75</int>
						<str id="name">flower_bush_5_1289252626550</str>
					</object>
					<object id="bush_3_1289252748632">
						<int id="w">283</int>
						<int id="x">1787</int>
						<int id="y">893</int>
						<str id="sprite_class">bush_3</str>
						<int id="z">24</int>
						<int id="h">100</int>
						<str id="name">bush_3_1289252748632</str>
					</object>
					<object id="dirt_mound_1_1289252378821">
						<int id="w">780</int>
						<int id="x">1518</int>
						<int id="y">946</int>
						<str id="sprite_class">dirt_mound_1</str>
						<int id="z">18</int>
						<int id="h">139</int>
						<str id="name">dirt_mound_1_1289252378821</str>
					</object>
					<object id="tree_bare_thin_1_1289253318820">
						<int id="w">229</int>
						<int id="x">1282</int>
						<int id="y">925</int>
						<str id="sprite_class">tree_bare_thin_1</str>
						<int id="z">0</int>
						<int id="h">651</int>
						<str id="name">tree_bare_thin_1_1289253318820</str>
					</object>
					<object id="bush_2_1289252140899">
						<int id="w">222</int>
						<int id="x">650</int>
						<int id="y">918</int>
						<str id="sprite_class">bush_2</str>
						<int id="z">6</int>
						<int id="h">86</int>
						<str id="name">bush_2_1289252140899</str>
					</object>
					<object id="tree_stack_trunk_1289252733876">
						<int id="w">88</int>
						<int id="x">1524</int>
						<int id="y">612</int>
						<str id="sprite_class">tree_stack_trunk</str>
						<int id="z">2</int>
						<int id="h">701</int>
						<str id="name">tree_stack_trunk_1289252733876</str>
					</object>
					<object id="tree_bare_thin_1_1289253307684">
						<int id="w">276</int>
						<int id="x">543</int>
						<int id="y">930</int>
						<str id="sprite_class">tree_bare_thin_1</str>
						<int id="z">34</int>
						<int id="h">784</int>
						<str id="name">tree_bare_thin_1_1289253307684</str>
					</object>
					<object id="bush_2_1289252993229">
						<int id="w">196</int>
						<int id="x">1205</int>
						<int id="y">847</int>
						<str id="sprite_class">bush_2</str>
						<int id="z">28</int>
						<int id="h">76</int>
						<str id="name">bush_2_1289252993229</str>
					</object>
					<object id="tree_coniferous_fg_1_1289252710787">
						<int id="w">513</int>
						<int id="x">1075</int>
						<int id="y">872</int>
						<str id="sprite_class">tree_coniferous_fg_1</str>
						<int id="z">22</int>
						<int id="h">1140</int>
						<str id="name">tree_coniferous_fg_1_1289252710787</str>
					</object>
					<object id="mound_dirt_3_1289251952124">
						<int id="w">294</int>
						<int id="x">2220</int>
						<int id="y">962</int>
						<str id="sprite_class">mound_dirt_3</str>
						<int id="z">5</int>
						<int id="h">206</int>
						<str id="name">mound_dirt_3_1289251952124</str>
					</object>
					<object id="bush_3_1289252761427">
						<int id="w">283</int>
						<int id="x">1132</int>
						<int id="y">917</int>
						<str id="sprite_class">bush_3</str>
						<int id="z">29</int>
						<int id="h">100</int>
						<str id="name">bush_3_1289252761427</str>
					</object>
					<object id="flower_bush_5_1289252617292">
						<int id="w">175</int>
						<int id="x">524</int>
						<int id="y">893</int>
						<str id="sprite_class">flower_bush_5</str>
						<int id="z">33</int>
						<int id="h">75</int>
						<str id="name">flower_bush_5_1289252617292</str>
					</object>
					<object id="tree_coniferous_fg_1_1289253195268">
						<int id="w">513</int>
						<int id="x">940</int>
						<int id="y">943</int>
						<str id="sprite_class">tree_coniferous_fg_1</str>
						<int id="z">1</int>
						<int id="h">1140</int>
						<str id="name">tree_coniferous_fg_1_1289253195268</str>
					</object>
					<object id="dirt_mound_1_1289252245177">
						<int id="w">622</int>
						<int id="x">38</int>
						<int id="y">898</int>
						<str id="sprite_class">dirt_mound_1</str>
						<int id="z">10</int>
						<int id="h">126</int>
						<str id="name">dirt_mound_1_1289252245177</str>
					</object>
					<object id="mound_dirt_4_1289251948966">
						<int id="w">499</int>
						<int id="x">998</int>
						<int id="y">1036</int>
						<str id="sprite_class">mound_dirt_4</str>
						<int id="z">4</int>
						<int id="h">190</int>
						<str id="name">mound_dirt_4_1289251948966</str>
					</object>
					<object id="tree_coniferous_fg_1_1289252287470">
						<int id="w">633</int>
						<int id="x">344</int>
						<int id="y">926</int>
						<str id="sprite_class">tree_coniferous_fg_1</str>
						<int id="z">15</int>
						<int id="h">1406</int>
						<str id="name">tree_coniferous_fg_1_1289252287470</str>
					</object>
					<object id="tree_coniferous_fg_2_1289264081967">
						<int id="w">679</int>
						<int id="x">809</int>
						<int id="y">972</int>
						<str id="sprite_class">tree_coniferous_fg_2</str>
						<int id="z">36</int>
						<int id="h">1464</int>
						<str id="name">tree_coniferous_fg_2_1289264081967</str>
					</object>
					<object id="dirt_mound_1_1289252255032">
						<int id="w">622</int>
						<int id="x">352</int>
						<int id="y">944</int>
						<str id="sprite_class">dirt_mound_1</str>
						<int id="z">11</int>
						<int id="h">126</int>
						<str id="name">dirt_mound_1_1289252255032</str>
					</object>
					<object id="tree_coniferous_fg_2_1289252299700">
						<int id="w">679</int>
						<int id="x">242</int>
						<int id="y">972</int>
						<str id="sprite_class">tree_coniferous_fg_2</str>
						<int id="z">16</int>
						<int id="h">1464</int>
						<str id="name">tree_coniferous_fg_2_1289252299700</str>
					</object>
					<object id="bush_2_1289252145252">
						<int id="w">222</int>
						<int id="x">1026</int>
						<int id="y">942</int>
						<str id="sprite_class">bush_2</str>
						<int id="z">8</int>
						<int id="h">86</int>
						<str id="name">bush_2_1289252145252</str>
					</object>
					<object id="tree_stack_leafy_1_1289264107693">
						<int id="w">414</int>
						<int id="x">1515</int>
						<int id="y">391</int>
						<str id="sprite_class">tree_stack_leafy_1</str>
						<int id="z">38</int>
						<int id="h">128</int>
						<bool id="h_flip">true</bool>
						<str id="name">tree_stack_leafy_1_1289264107693</str>
					</object>
					<object id="groddle_grass_2_1289253021414">
						<int id="w">81</int>
						<int id="x">2027</int>
						<int id="y">863</int>
						<str id="sprite_class">groddle_grass_2</str>
						<int id="z">30</int>
						<int id="h">65</int>
						<str id="name">groddle_grass_2_1289253021414</str>
					</object>
					<object id="groddle_grass_2_1289252766277">
						<int id="w">81</int>
						<int id="x">1001</int>
						<int id="y">888</int>
						<str id="sprite_class">groddle_grass_2</str>
						<int id="z">27</int>
						<int id="h">65</int>
						<str id="name">groddle_grass_2_1289252766277</str>
					</object>
				</object>
				<str id="name">bg_1</str>
			</object>
			<object id="sky">
				<int id="w">1667</int>
				<int id="z">-3</int>
				<object id="filtersNEW">
					<object id="contrast">
					</object>
					<object id="tintAmount">
					</object>
					<object id="brightness">
					</object>
					<object id="saturation">
					</object>
					<object id="blur">
					</object>
				</object>
				<int id="h">1000</int>
				<object id="decos">
					<object id="pinehills_2_1289251790599">
						<int id="w">1130</int>
						<int id="x">365</int>
						<int id="y">944</int>
						<str id="sprite_class">pinehills_2</str>
						<int id="z">4</int>
						<int id="h">341</int>
						<str id="name">pinehills_2_1289251790599</str>
					</object>
					<object id="pinehills_distant_1_1289251605980">
						<int id="w">1020</int>
						<int id="x">61</int>
						<int id="y">850</int>
						<str id="sprite_class">pinehills_distant_1</str>
						<int id="z">1</int>
						<int id="h">334</int>
						<str id="name">pinehills_distant_1_1289251605980</str>
					</object>
					<object id="mountain_trees_darker_1_1289251588037">
						<int id="w">1010</int>
						<int id="x">773</int>
						<int id="y">778</int>
						<str id="sprite_class">mountain_trees_darker_1</str>
						<int id="z">0</int>
						<int id="h">429</int>
						<str id="name">mountain_trees_darker_1_1289251588037</str>
					</object>
					<object id="pinehills_distant_1_1289251611030">
						<int id="w">1020</int>
						<int id="x">765</int>
						<int id="y">892</int>
						<str id="sprite_class">pinehills_distant_1</str>
						<int id="z">2</int>
						<int id="h">334</int>
						<str id="name">pinehills_distant_1_1289251611030</str>
					</object>
					<object id="pinehills_2_1289251795230">
						<int id="w">1608</int>
						<int id="x">1276</int>
						<int id="y">844</int>
						<str id="sprite_class">pinehills_2</str>
						<int id="z">5</int>
						<int id="h">564</int>
						<str id="name">pinehills_2_1289251795230</str>
					</object>
					<object id="pinehills_distant_1_1289251614013">
						<int id="w">1020</int>
						<int id="x">1497</int>
						<int id="y">886</int>
						<str id="sprite_class">pinehills_distant_1</str>
						<int id="z">3</int>
						<int id="h">334</int>
						<str id="name">pinehills_distant_1_1289251614013</str>
					</object>
				</object>
				<str id="name">sky</str>
			</object>
		</object>
		<str id="music_file"></str>
		<str id="tsid">GLICFILAMTI11QV</str>
		<object id="gradient">
			<str id="bottom">FEF40B</str>
			<str id="top">FFD8C4</str>
		</object>
		<int id="ground_y">0</int>
		<null id="img_file_versioned"/>
		<object id="sources">
			<int id="LLI2V0UN7RD1T2J">1</int>
			<int id="LLI2HVHUM4F16B0">1</int>
		</object>
		<null id="loading_label"/>
		<str id="swf_file_versioned">http://c2.glitch.bz/locations/groddle1/1304704804.swf</str>
		<null id="physics"/>
		<int id="rookable_type">0</int>
	</object>
</game_object>
