<game_object tsid="LA9NRNJSB792OG4" ts="1364227030531" label="Akaki Cape" class_tsid="town" hubid="98" moteid="9" letime="3gc0tjtd" rbtime="297bsjog" upd_gs="gs6" load_time="2013-03-25 08:37:21.000">
	<object id="dynamic">
		<object id="loading_image">
			<str id="url">streets/2011-08-15/LA9NRNJSB792OG4_loading_1313432555.jpg</str>
			<int id="w">840</int>
			<int id="h">160</int>
		</object>
		<object id="image">
			<str id="url">streets/2011-08-15/LA9NRNJSB792OG4_main_1313432557.jpg</str>
			<int id="w">720</int>
			<int id="h">120</int>
		</object>
		<object id="jobs">
			<object id="630">
				<object id="street_info">
					<int id="type">1</int>
					<int id="is_hidden">0</int>
					<str id="title_override">Build Akaki Cape In Besara</str>
					<str id="desc_override">Expand Besara by building a new street, Akaki Cape.</str>
					<str id="completion_email">justin.prostebby@gmail.com</str>
					<object id="connecting_streets">
						<str id="0">LA9118S28492QCL</str>
					</object>
				</object>
				<object id="class_ids">
					<object id="job_street_ph5_04">
						<int id="in_order">1</int>
						<int id="delay_seconds">0</int>
						<str id="delay_text"></str>
						<str id="label">Sam's Breakfast</str>
						<str id="class_id">job_street_ph5_04</str>
					</object>
					<object id="job_street_ph2_04">
						<int id="in_order">2</int>
						<int id="delay_seconds">1200</int>
						<str id="delay_text"></str>
						<str id="label">Engineer &amp; Build</str>
					</object>
					<object id="job_street_ph5_02">
						<int id="in_order">3</int>
						<int id="delay_seconds">1200</int>
						<str id="delay_text"></str>
						<str id="label">Shindig</str>
					</object>
					<object id="job_street_ph4_01c">
						<int id="in_order">4</int>
						<int id="delay_seconds">1200</int>
						<str id="delay_text"></str>
						<str id="label">Plant &amp; Certify</str>
					</object>
				</object>
			</object>
			<object id="631">
				<object id="street_info">
					<int id="type">2</int>
					<int id="is_hidden">0</int>
					<str id="title_override">Build Krios Palm In Besara</str>
					<str id="desc_override">Expand Besara by building a new street, Krios Palm.</str>
					<str id="completion_email">justin.prostebby@gmail.com</str>
					<str id="target_street">LA9117J18492SRS</str>
				</object>
				<object id="class_ids">
					<object id="job_street_ph1_01c">
						<int id="in_order">1</int>
						<int id="delay_seconds">0</int>
						<str id="delay_text"></str>
						<str id="label">Excavate the Earth</str>
						<str id="class_id">job_street_ph1_01c</str>
						<objref id="instance" tsid="QA9QLQO94BA2R93"/>
					</object>
					<object id="job_street_ph2_02">
						<int id="in_order">2</int>
						<int id="delay_seconds">1200</int>
						<str id="delay_text"></str>
						<str id="label">Supply &amp; Prepare</str>
						<str id="class_id">job_street_ph2_02</str>
						<objref id="instance" tsid="QA9CQ8A12OA2PQF"/>
					</object>
					<object id="job_street_ph3_08">
						<int id="in_order">3</int>
						<int id="delay_seconds">1200</int>
						<str id="delay_text"></str>
						<str id="label">Rabbit Picnic</str>
						<str id="class_id">job_street_ph3_08</str>
						<objref id="instance" tsid="QA9LN9545OA2FU2"/>
					</object>
					<object id="job_street_ph4_03">
						<int id="in_order">4</int>
						<int id="delay_seconds">1200</int>
						<str id="delay_text"></str>
						<str id="label">Pleasant Pretirement</str>
						<str id="class_id">job_street_ph4_03</str>
						<objref id="instance" tsid="QA93RDPN9OA2696"/>
					</object>
				</object>
			</object>
		</object>
		<bool id="jobs_is_locked">false</bool>
		<object id="delayed_sounds">
		</object>
		<object id="action_requests">
		</object>
		<object id="keys">
		</object>
		<object id="rook_status">
			<bool id="rooked">false</bool>
		</object>
		<object id="stun_orbs">
		</object>
		<object id="qurazy">
		</object>
		<object id="edit_history">
			<str id="1335302441">tsauth-lisa:add_street_obj-signposts</str>
			<str id="1335302515">tsauth-lisa:modify_street_obj-signposts-signpost_3</str>
			<str id="1335302547">PCR11BHHPVN1AIQ:Lisa:locodeco-replace</str>
		</object>
		<object id="incantations">
			<object id="PHV7V1JJOE22AQI">
				<int id="step">1</int>
				<int id="ts">1350436831</int>
			</object>
			<object id="PUVS0VLJ9G93E96">
				<int id="step">1</int>
				<int id="ts">1350437146</int>
			</object>
			<object id="PUVVE7C5HV93LDE">
				<int id="step">2</int>
				<int id="ts">1350437149</int>
			</object>
			<object id="PUVLFPT60BB3COT">
				<int id="step">3</int>
				<int id="ts">1350437149</int>
			</object>
			<object id="PUVG11SRUMB3FRD">
				<int id="step">1</int>
				<int id="ts">1350437354</int>
			</object>
			<object id="PHFHJABVNUC285L">
				<int id="step">1</int>
				<int id="ts">1350437489</int>
			</object>
			<object id="PHFUA8HSGCD2A56">
				<int id="step">2</int>
				<int id="ts">1350437491</int>
			</object>
			<object id="PHF248O600D2SNR">
				<int id="step">3</int>
				<int id="ts">1350437492</int>
			</object>
			<object id="PHF624MH10D2RFE">
				<int id="step">1</int>
				<int id="ts">1350438435</int>
			</object>
			<object id="PUVTEISFLLB38P4">
				<int id="step">2</int>
				<int id="ts">1350438437</int>
			</object>
			<object id="PUV1T4MF4FF2Q8S">
				<int id="step">3</int>
				<int id="ts">1350438438</int>
			</object>
			<object id="PUVLVGOL1V93QGP">
				<int id="step">1</int>
				<int id="ts">1350438632</int>
			</object>
			<object id="PCR4KMJVCAO1OQ7">
				<int id="step">1</int>
				<int id="ts">1350438863</int>
			</object>
			<object id="PUVIB4SDKAF2TF1">
				<int id="step">2</int>
				<int id="ts">1350438864</int>
			</object>
			<object id="PCRD7E1BNAO16J6">
				<int id="step">3</int>
				<int id="ts">1350438865</int>
			</object>
			<object id="PUVC1O1O1TF26EU">
				<int id="step">1</int>
				<int id="ts">1350439185</int>
			</object>
			<object id="PUVBHQ89NBM2HAR">
				<int id="step">2</int>
				<int id="ts">1350439187</int>
			</object>
			<object id="PHFKA411RVC22P0">
				<int id="step">3</int>
				<int id="ts">1350439190</int>
			</object>
			<object id="PUVPNRE5ND83N2V">
				<int id="step">1</int>
				<int id="ts">1350439871</int>
			</object>
			<object id="PHV3J76JGS62RF5">
				<int id="step">2</int>
				<int id="ts">1350439875</int>
			</object>
			<object id="PUV3JOQHDGB322T">
				<int id="step">3</int>
				<int id="ts">1350439876</int>
			</object>
			<object id="PUVH7ETOAHB369R">
				<int id="step">1</int>
				<int id="ts">1350440431</int>
			</object>
			<object id="PUVIS05FIIA3SBO">
				<int id="step">1</int>
				<int id="ts">1350440614</int>
			</object>
			<object id="PHVK2FSFOT22C3I">
				<int id="step">2</int>
				<int id="ts">1350440623</int>
			</object>
			<object id="PHFTTVBJQ2D2PP8">
				<int id="step">1</int>
				<int id="ts">1350440663</int>
			</object>
			<object id="PUVUFA486FH2J23">
				<int id="step">1</int>
				<int id="ts">1350440771</int>
			</object>
			<object id="PUVH4JOK59G2BM3">
				<int id="step">1</int>
				<int id="ts">1350441178</int>
			</object>
			<object id="PUVMV6ECTHB3JBV">
				<int id="step">1</int>
				<int id="ts">1350441194</int>
			</object>
			<object id="PUVCU9JRQIB3JFI">
				<int id="step">2</int>
				<int id="ts">1350441196</int>
			</object>
			<object id="PUVC63D30LB3BNM">
				<int id="step">3</int>
				<int id="ts">1350441197</int>
			</object>
			<object id="PUV42LEOBAF2MKD">
				<int id="step">1</int>
				<int id="ts">1350441627</int>
			</object>
			<object id="PUVR66N0OVE2BLN">
				<int id="step">2</int>
				<int id="ts">1350441633</int>
			</object>
			<object id="PIF5BEQREL632KO">
				<int id="step">3</int>
				<int id="ts">1350441634</int>
			</object>
			<object id="PUV10ALD09H22LB">
				<int id="step">1</int>
				<int id="ts">1350441646</int>
			</object>
			<object id="PUVH3TQBJS63O8M">
				<int id="step">2</int>
				<int id="ts">1350441658</int>
			</object>
			<object id="PUV23CR4T8F22HA">
				<int id="step">1</int>
				<int id="ts">1350441787</int>
			</object>
			<object id="PUVOK77VOIB38JL">
				<int id="step">2</int>
				<int id="ts">1350441789</int>
			</object>
			<object id="PUVRPUE7RO73KNE">
				<int id="step">3</int>
				<int id="ts">1350441791</int>
			</object>
			<object id="PUVKGJVVG583EPM">
				<int id="step">1</int>
				<int id="ts">1350442061</int>
			</object>
			<object id="PA9E1LMNLSD2EOO">
				<int id="step">2</int>
				<int id="ts">1350442065</int>
			</object>
			<object id="PIFMHQHE5463JR0">
				<int id="step">3</int>
				<int id="ts">1350442066</int>
			</object>
			<object id="PUVERUQUIIJ2TCI">
				<int id="step">1</int>
				<int id="ts">1350443863</int>
			</object>
			<object id="PUV79I5LM7G2ADD">
				<int id="step">2</int>
				<int id="ts">1350443865</int>
			</object>
			<object id="PUVIBNJ5IIB3TV7">
				<int id="step">1</int>
				<int id="ts">1350443897</int>
			</object>
			<object id="PUVT4G8H1IB3FQA">
				<int id="step">2</int>
				<int id="ts">1350443900</int>
			</object>
			<object id="PUVV5EPO1IB39IQ">
				<int id="step">3</int>
				<int id="ts">1350443901</int>
			</object>
			<object id="PHFPRQPJJ2D2NKI">
				<int id="step">1</int>
				<int id="ts">1350444334</int>
			</object>
			<object id="PHFIPVH38TC2PIV">
				<int id="step">2</int>
				<int id="ts">1350444336</int>
			</object>
			<object id="PHVP4B1U0H22UNL">
				<int id="step">3</int>
				<int id="ts">1350444337</int>
			</object>
			<object id="PHFFIBQRICD28H9">
				<int id="step">1</int>
				<int id="ts">1350445131</int>
			</object>
			<object id="PUVS27VFH8K2F38">
				<int id="step">1</int>
				<int id="ts">1350445853</int>
			</object>
			<object id="PHVGU6I056A2DL9">
				<int id="step">2</int>
				<int id="ts">1350445854</int>
			</object>
			<object id="PHVR4QIMCOA205O">
				<int id="step">3</int>
				<int id="ts">1350445858</int>
			</object>
			<object id="PHFF03EIOVC2LU8">
				<int id="step">1</int>
				<int id="ts">1350446432</int>
			</object>
			<object id="PHVVGEUKEA52530">
				<int id="step">1</int>
				<int id="ts">1350449570</int>
			</object>
			<object id="PHF2VPV503D26FE">
				<int id="step">1</int>
				<int id="ts">1350449924</int>
			</object>
			<object id="PUVICMAK8SJ2MAS">
				<int id="step">2</int>
				<int id="ts">1350449926</int>
			</object>
			<object id="PUVF7TDOFA93ATH">
				<int id="step">3</int>
				<int id="ts">1350449927</int>
			</object>
			<object id="PHV3EC8AOK42KO4">
				<int id="step">1</int>
				<int id="ts">1350452244</int>
			</object>
			<object id="PA97I2RED7E2KE2">
				<int id="step">2</int>
				<int id="ts">1350452247</int>
			</object>
			<object id="PHF20O01HRC21FP">
				<int id="step">1</int>
				<int id="ts">1350452991</int>
			</object>
			<object id="PA9QA8RBRPD22NK">
				<int id="step">2</int>
				<int id="ts">1350452993</int>
			</object>
			<object id="PA9VHKNCKQD2LUN">
				<int id="step">3</int>
				<int id="ts">1350452993</int>
			</object>
			<object id="PUVFUD1UJRE26GD">
				<int id="step">1</int>
				<int id="ts">1350457907</int>
			</object>
			<object id="PHVSCM4AFS627EF">
				<int id="step">1</int>
				<int id="ts">1350465613</int>
			</object>
			<object id="PA9U3JQ0CTD2448">
				<int id="step">1</int>
				<int id="ts">1350467357</int>
			</object>
			<object id="PUVSGG1ULJE2EBJ">
				<int id="step">1</int>
				<int id="ts">1350467786</int>
			</object>
			<object id="PUVS2S2R0MB3R01">
				<int id="step">2</int>
				<int id="ts">1350467789</int>
			</object>
			<object id="PIF9R57T8P53I85">
				<int id="step">3</int>
				<int id="ts">1350467790</int>
			</object>
			<object id="PHFVCCQDR3D2FIQ">
				<int id="step">1</int>
				<int id="ts">1350471398</int>
			</object>
			<object id="PHFL7P0N83D2P1R">
				<int id="step">2</int>
				<int id="ts">1350471400</int>
			</object>
			<object id="PUV2O7J6I9D207V">
				<int id="step">1</int>
				<int id="ts">1350471884</int>
			</object>
			<object id="PA9K8H9L9RD2ISS">
				<int id="step">1</int>
				<int id="ts">1350473298</int>
			</object>
			<object id="PCR8FH3B2SJ1RCJ">
				<int id="step">1</int>
				<int id="ts">1350476015</int>
			</object>
			<object id="PUVT5TK2G6D28QU">
				<int id="step">1</int>
				<int id="ts">1350478802</int>
			</object>
			<object id="PUV766GM4TE2A3Q">
				<int id="step">1</int>
				<int id="ts">1350480371</int>
			</object>
			<object id="PHFU9TB1JVC2JE6">
				<int id="step">2</int>
				<int id="ts">1350480373</int>
			</object>
			<object id="PUV333V527D2942">
				<int id="step">1</int>
				<int id="ts">1350481957</int>
			</object>
			<object id="PHFVN17DD0D2G3V">
				<int id="step">1</int>
				<int id="ts">1350487610</int>
			</object>
			<object id="PHFLM7KOU2D24PL">
				<int id="step">2</int>
				<int id="ts">1350487611</int>
			</object>
			<object id="PUVJGMGHIIA388B">
				<int id="step">3</int>
				<int id="ts">1350487612</int>
			</object>
			<object id="PA920DBMG0E2ASB">
				<int id="step">1</int>
				<int id="ts">1350489871</int>
			</object>
			<object id="PA9252IP5UD21NG">
				<int id="step">1</int>
				<int id="ts">1350492437</int>
			</object>
			<object id="PUV49PF4QVF2OMB">
				<int id="step">1</int>
				<int id="ts">1350494180</int>
			</object>
			<object id="PUV9TAHHD9G289O">
				<int id="step">2</int>
				<int id="ts">1350494181</int>
			</object>
			<object id="PUVIF2ROALA3QHM">
				<int id="step">3</int>
				<int id="ts">1350494183</int>
			</object>
			<object id="PCRNH6RCVNS1072">
				<int id="step">1</int>
				<int id="ts">1350496334</int>
			</object>
			<object id="PUVG0QGLK683S5N">
				<int id="step">1</int>
				<int id="ts">1350497522</int>
			</object>
			<object id="PA9TT1IARGD2V5S">
				<int id="step">2</int>
				<int id="ts">1350497524</int>
			</object>
			<object id="PUVDSDFE2JA34CB">
				<int id="step">3</int>
				<int id="ts">1350497527</int>
			</object>
			<object id="PUVPJE0RFP73D1U">
				<int id="step">1</int>
				<int id="ts">1350497951</int>
			</object>
			<object id="PUVB7H9BRGG2912">
				<int id="step">2</int>
				<int id="ts">1350497956</int>
			</object>
			<object id="PCR44OG2AUT12IH">
				<int id="step">1</int>
				<int id="ts">1350498682</int>
			</object>
			<object id="PCRF91L4KNS1SSI">
				<int id="step">2</int>
				<int id="ts">1350498687</int>
			</object>
			<object id="PCRFLA5IKNS19P1">
				<int id="step">3</int>
				<int id="ts">1350498688</int>
			</object>
			<object id="PUVPBGSGGI9363H">
				<int id="step">1</int>
				<int id="ts">1350498824</int>
			</object>
			<object id="PUV72LIAQGM22AJ">
				<int id="step">2</int>
				<int id="ts">1350498826</int>
			</object>
			<object id="PIFG7LQVTG6356J">
				<int id="step">3</int>
				<int id="ts">1350498827</int>
			</object>
			<object id="PA9SRFS850E2GJ0">
				<int id="step">1</int>
				<int id="ts">1350499682</int>
			</object>
			<object id="PUVSESCKOOE2P8R">
				<int id="step">1</int>
				<int id="ts">1350502028</int>
			</object>
			<object id="PA9K4D8K8MD27JH">
				<int id="step">2</int>
				<int id="ts">1350502743</int>
			</object>
			<object id="PA9J5LA451E2LSE">
				<int id="step">1</int>
				<int id="ts">1350503587</int>
			</object>
			<object id="PA9A2VTBRID23MT">
				<int id="step">2</int>
				<int id="ts">1350506172</int>
			</object>
			<object id="PHVPD72CABA2UCJ">
				<int id="step">1</int>
				<int id="ts">1350506647</int>
			</object>
			<object id="PCRDMHR3NDO1FVT">
				<int id="step">2</int>
				<int id="ts">1350506649</int>
			</object>
			<object id="PA9AAQRSQ1E2VC8">
				<int id="step">3</int>
				<int id="ts">1350506652</int>
			</object>
			<object id="PUVK49LR47836VQ">
				<int id="step">1</int>
				<int id="ts">1350507791</int>
			</object>
			<object id="PUV9Q6DO08B38DG">
				<int id="step">2</int>
				<int id="ts">1350508392</int>
			</object>
			<object id="PUVP6M2EH9G2Q22">
				<int id="step">1</int>
				<int id="ts">1350511083</int>
			</object>
			<object id="PUVDIUKJTQ636BN">
				<int id="step">1</int>
				<int id="ts">1350512081</int>
			</object>
			<object id="PHVRKEJ8VV22AU3">
				<int id="step">2</int>
				<int id="ts">1350512349</int>
			</object>
			<object id="PHFL6F66UAD2Q0K">
				<int id="step">1</int>
				<int id="ts">1350512671</int>
			</object>
			<object id="PUVQMCK0GOI2CE3">
				<int id="step">2</int>
				<int id="ts">1350512685</int>
			</object>
			<object id="PUV2JU76I9D2LI5">
				<int id="step">3</int>
				<int id="ts">1350512688</int>
			</object>
			<object id="PHFJAE8FQVC2RNH">
				<int id="step">1</int>
				<int id="ts">1350513608</int>
			</object>
			<object id="PUV5FSTRPNF29UT">
				<int id="step">2</int>
				<int id="ts">1350513611</int>
			</object>
			<object id="PUVCAJTDPFH203K">
				<int id="step">3</int>
				<int id="ts">1350513612</int>
			</object>
			<object id="PUV611DPFLE2TKH">
				<int id="step">1</int>
				<int id="ts">1350515484</int>
			</object>
			<object id="PUVTARTIND830E8">
				<int id="step">2</int>
				<int id="ts">1350515489</int>
			</object>
			<object id="PA92KIPN12E27D0">
				<int id="step">1</int>
				<int id="ts">1350515878</int>
			</object>
			<object id="PUVGPGR6I6J2QDT">
				<int id="step">1</int>
				<int id="ts">1350516427</int>
			</object>
			<object id="PUVD45J9GRE2GOO">
				<int id="step">1</int>
				<int id="ts">1350516522</int>
			</object>
			<object id="PHFIS28II2D239P">
				<int id="step">1</int>
				<int id="ts">1350516861</int>
			</object>
			<object id="PUVIEI8TU2B3RIT">
				<int id="step">1</int>
				<int id="ts">1350516943</int>
			</object>
			<object id="PUVPOBK0AB83DS9">
				<int id="step">1</int>
				<int id="ts">1350518933</int>
			</object>
			<object id="PUV4QBL03D9394L">
				<int id="step">1</int>
				<int id="ts">1350519197</int>
			</object>
			<object id="PUVTNI1FJH93NPE">
				<int id="step">2</int>
				<int id="ts">1350519435</int>
			</object>
			<object id="PCRHA593D1N1EB3">
				<int id="step">1</int>
				<int id="ts">1350519575</int>
			</object>
			<object id="PA9RSGL8A5E2K0Q">
				<int id="step">2</int>
				<int id="ts">1350519577</int>
			</object>
			<object id="PHVGI4R40M32RKM">
				<int id="step">3</int>
				<int id="ts">1350519579</int>
			</object>
			<object id="PUVU70T41MB3OUK">
				<int id="step">1</int>
				<int id="ts">1350519759</int>
			</object>
			<object id="PA94QJT5JRD2AVC">
				<int id="step">2</int>
				<int id="ts">1350520402</int>
			</object>
			<object id="PIFQHBL4S563QJT">
				<int id="step">1</int>
				<int id="ts">1350520901</int>
			</object>
			<object id="PUVVUN83TV834IE">
				<int id="step">1</int>
				<int id="ts">1350521663</int>
			</object>
			<object id="PUVO0TUS12B3KGF">
				<int id="step">1</int>
				<int id="ts">1350521831</int>
			</object>
			<object id="PHF14ABLCTC2U52">
				<int id="step">1</int>
				<int id="ts">1354916719</int>
			</object>
			<object id="PHVROH851L22Q5T">
				<int id="step">2</int>
				<int id="ts">1354916721</int>
			</object>
			<object id="PUVI79TPFEC36S0">
				<int id="step">3</int>
				<int id="ts">1354916723</int>
			</object>
		</object>
		<object id="emotes">
			<object id="25-05-26">
				<int id="PHFLM7KOU2D24PL">1351271486</int>
				<int id="PUVBBO6CF983D1L">1351271639</int>
				<int id="PHFA4JPPH4D27K8">1351271656</int>
				<int id="PUVFJ8JG7JC3LHK">1351278191</int>
				<int id="PUVI93T6N783471">1351278191</int>
				<int id="PCRBGPFJRFV1O4C">1351278881</int>
				<int id="PUVE5CFE0CC3D51">1351280073</int>
				<int id="PUVHNUGMQEC3NOT">1351282617</int>
				<int id="PUVII91M9DH2QVN">1351282619</int>
				<int id="PCR44OG2AUT12IH">1351284906</int>
			</object>
			<object id="25-05-27">
				<int id="PHV47UC3OL72KBN">1351286372</int>
				<int id="PUVIKLMMV6C332T">1351286373</int>
				<int id="PUV7U3KUK2C3MCG">1351290673</int>
				<int id="PIF9R57T8P53I85">1351290861</int>
				<int id="PUV7HIABKH93543">1351292785</int>
				<int id="PUVIGL3VE9C3JAQ">1351293306</int>
				<int id="PUV4DAEQGTH2M1R">1351293306</int>
				<int id="PHFAM2DUH4D23RG">1351294401</int>
				<int id="PUVBKN54PRE2VUI">1351294401</int>
				<int id="PUVHT82E1AP2E7H">1351294453</int>
				<int id="PUV8UJR6O7C3S6U">1351297134</int>
				<int id="PUVFCH0EBCC3QOG">1351298116</int>
			</object>
			<object id="25-05-28">
				<int id="PUVHBURKAIB3UKH">1351303317</int>
				<int id="PUVMIT3MFHC3V00">1351303319</int>
				<int id="PUVHLNMRPBC327N">1351303338</int>
				<int id="PUVH3D6VKFC37GA">1351307844</int>
				<int id="PCRNH6RCVNS1072">1351310967</int>
				<int id="PUV7JKMTD6B3RHS">1351310972</int>
				<int id="PUVCO7JU5LB31M2">1351310993</int>
				<int id="PUV3DS9H5IC3LGE">1351312463</int>
				<int id="PHF624MH10D2RFE">1351312797</int>
				<int id="PUVSL8IPBFC3144">1351312798</int>
			</object>
			<object id="25-05-29">
				<int id="PUVNDLD33NB3MMP">1351315386</int>
				<int id="PUV4C3P9ADB3LRI">1351315915</int>
				<int id="PHVMUHUM3N622HJ">1351322210</int>
				<int id="PUV4BNDS8F93JL3">1351322212</int>
				<int id="PUVOL0BB1OB3SQG">1351322271</int>
			</object>
			<object id="25-05-30">
				<int id="PUVSLR3P6OA3L28">1351337497</int>
			</object>
			<object id="25-05-31">
				<int id="PUVAR8FBF9D2PA9">1351354724</int>
				<int id="PA9F05KGVKD2B13">1351355365</int>
			</object>
			<object id="25-05-32">
			</object>
			<object id="25-05-33">
			</object>
			<object id="25-05-34">
			</object>
			<object id="25-05-35">
			</object>
			<object id="25-05-38">
			</object>
			<object id="25-05-39">
			</object>
			<object id="25-05-40">
			</object>
		</object>
		<object id="streaking_increments">
			<object id="25-07-08">
				<int id="PHFK6SRM23D2516">1352337954</int>
				<int id="PIFTUASLSL53D81">1352337954</int>
				<int id="PUVD3J3SFPF2TRG">1352338059</int>
				<int id="PUVFDC083PE2F30">1352338414</int>
				<int id="PUVI4EDKGAJ207T">1352338679</int>
				<int id="PUV9RUHRPRC3M7I">1352339271</int>
				<int id="PUV2T1MGQ9G2B9J">1352339291</int>
				<int id="PUVRHA5DOQ63RD9">1352339408</int>
				<int id="PUVI53P9AAD3ONK">1352339518</int>
				<int id="PUV192265H83TQL">1352339639</int>
				<int id="PCRE8LITINS1E3I">1352339764</int>
				<int id="PDO8DEHPH5R2426">1352339841</int>
				<int id="PHFFIBQRICD28H9">1352340053</int>
				<int id="PUVK5TNBIUC3IUM">1352340378</int>
				<int id="PUVEU4HHIB83437">1352340554</int>
				<int id="PUVRHQRNH5D2LJR">1352340564</int>
				<int id="PUVBBEV6LP735IR">1352340573</int>
				<int id="PUVLN2KIG6B3S56">1352340624</int>
				<int id="PA9TIP55P1E2QDL">1352341116</int>
				<int id="PHV117AI32C29CH">1352341305</int>
				<int id="PHF624MH10D2RFE">1352341411</int>
				<int id="PIFH4KS85L63D4V">1352341447</int>
				<int id="PHFNCFTVB4D2DNN">1352341550</int>
				<int id="PIFGTBHJ4163SL6">1352341677</int>
				<int id="PUV4J86UJPC3TEN">1352341742</int>
				<int id="PUVGV1PQ07D2GLQ">1352341753</int>
				<int id="PUVLFPT60BB3COT">1352342051</int>
				<int id="PHV9OKQHBF82NDQ">1352342054</int>
				<int id="PUVVRIGFM683351">1352342186</int>
				<int id="PUVFH6OPFTF2LF6">1352342197</int>
				<int id="PA9E6LH5DPD2M71">1352342367</int>
				<int id="PCRC8PG7HUT1DAI">1352342794</int>
				<int id="PIFH87H32963H19">1352342819</int>
				<int id="PCR42DQMSCV1P9O">1352342992</int>
				<int id="PUVVH9UE34837KI">1352343463</int>
				<int id="PUVFEHU904J2T3U">1352343505</int>
				<int id="PHVVR6I43M72BB2">1352343671</int>
				<int id="PUVMUKUEHRE2KME">1352343711</int>
				<int id="PUVH3TQBJS63O8M">1352344061</int>
				<int id="PUVSLPFE06D2FMT">1352344246</int>
				<int id="PUV48BQ6JAG26EC">1352344384</int>
				<int id="PHFVC13NF2D2E4V">1352344398</int>
				<int id="PCRNH6RCVNS1072">1352344501</int>
				<int id="PUV88HJU7OB3B8Q">1352345637</int>
				<int id="PHVN6JFRHP42JH4">1352345716</int>
				<int id="PIFIB286VS5338G">1352345778</int>
				<int id="PUVKBPJJIBD36P9">1352346177</int>
				<int id="PHFM0PHNTUC2S8E">1352346418</int>
				<int id="PUVU94EEQOH2155">1352346919</int>
				<int id="PUVOM8F6A3H2T74">1352347104</int>
				<int id="PUVV5MNG5BE21UN">1352347217</int>
				<int id="PCRH9GALMUT1VSB">1352347394</int>
				<int id="PHF3HJC553D25P9">1352347818</int>
				<int id="PUVT97ESA7D2MN0">1352348078</int>
				<int id="PUVUOJGB39D3I3A">1352348381</int>
				<int id="PUVG2EDJV8G2ADK">1352348637</int>
				<int id="PA9SI3EOAND2BDK">1352349504</int>
				<int id="PHVERH6QNU621I8">1352350019</int>
				<int id="PUVPLDCEPPC3IJA">1352350725</int>
				<int id="PUVM959M1JB345N">1352350725</int>
			</object>
			<object id="25-07-09">
				<int id="PUVPLDCEPPC3IJA">1352350825</int>
				<int id="PUVM959M1JB345N">1352350825</int>
				<int id="PUVN3PLVLF93NF7">1352350911</int>
				<int id="PUV3D7EIFJB30QV">1352351264</int>
				<int id="PUVVFL7EJ6D3S6H">1352351382</int>
				<int id="PHFINSK9JCD29H5">1352351514</int>
				<int id="PUV3S7CIG093V83">1352351940</int>
				<int id="PUV8D00HT0D3TBH">1352351969</int>
				<int id="PUVDML8BPK93CKI">1352352283</int>
				<int id="PUVD2FVRMI83OV0">1352352399</int>
				<int id="PUVS0VLJ9G93E96">1352352416</int>
				<int id="PUV49IN449D3KET">1352352765</int>
				<int id="PIF9A2O5B1633VO">1352352847</int>
				<int id="PUVH597T7DC32E1">1352353097</int>
				<int id="PUVBB7R937H2JLS">1352353394</int>
				<int id="PUVNSNMEAF93P4N">1352353612</int>
				<int id="PCRC8PG7HUT1DAI">1352353870</int>
				<int id="PUVO35JUEKC30M8">1352354322</int>
				<int id="PUV6QB9A35C31SG">1352355562</int>
				<int id="PUVTODJO9G935QH">1352355564</int>
				<int id="PHFU73UKQ2D2SH5">1352355663</int>
				<int id="PHFT66IJV2D29PS">1352355943</int>
				<int id="PHFGIBN0F3D2R8O">1352355955</int>
				<int id="PUVNBLI502K2ID8">1352356345</int>
				<int id="PA92MJIOKQD2IMA">1352356515</int>
				<int id="PUV3FH87A9C375P">1352356548</int>
				<int id="PUV3U1VU2JB35KK">1352356553</int>
				<int id="PHV1ANMRR8A2H6H">1352356553</int>
				<int id="PUVHKHKSFDC3H9E">1352356801</int>
				<int id="PUVO4N44CSH2DK8">1352357091</int>
				<int id="PHF624MH10D2RFE">1352357318</int>
				<int id="PHVQRJ67Q742FCG">1352357318</int>
				<int id="PA9SI3EOAND2BDK">1352357586</int>
				<int id="PHFCA0VG30D2LVR">1352357850</int>
				<int id="PHVJR6H2J652Q9K">1352358097</int>
				<int id="PHVSGKDV7SA2FK8">1352359142</int>
				<int id="PUV2LHC33FC3CI1">1352359610</int>
				<int id="PUVKRDNLRLB39GO">1352359648</int>
				<int id="PHVLEE66STA2M50">1352360064</int>
				<int id="PUV4H81S8D738GR">1352360688</int>
				<int id="PUVRLG7EMCB3VAD">1352360960</int>
				<int id="PUVPCUELJ6G279E">1352361429</int>
				<int id="PUV9ETBKSA93NU2">1352361751</int>
				<int id="PCRR6HQFR0U1SRC">1352361877</int>
				<int id="PUVN27LFLKC38I7">1352362481</int>
				<int id="PUVF7CV44MD3VCE">1352362822</int>
				<int id="PA9A2VTBRID23MT">1352362834</int>
				<int id="PIFQHNFJ1M634GJ">1352362853</int>
				<int id="PUVH2B225AE21R4">1352364073</int>
				<int id="PIFIB286VS5338G">1352364996</int>
				<int id="PA9DNN7MF4E2AAV">1352365132</int>
			</object>
			<object id="25-07-10">
				<int id="PHFIN187QVC224H">1352365220</int>
				<int id="PUV2O7J6I9D207V">1352365345</int>
				<int id="PIFQHNFJ1M634GJ">1352365596</int>
				<int id="PA984LGOCKD26UK">1352365748</int>
				<int id="PUVKGTF6GK932KM">1352366695</int>
				<int id="PUVA9MCI77D2D9F">1352367024</int>
				<int id="PUVRCSIUDOG20NJ">1352367545</int>
				<int id="PUV5T4751NB3MEU">1352368606</int>
				<int id="PUVVLIPFM5D2UC5">1352369219</int>
				<int id="PUVHAQBGPL937P3">1352371356</int>
				<int id="PUVBHA1C58C33PQ">1352372470</int>
				<int id="PUVGC4ADU8C3V82">1352372988</int>
				<int id="PUVUBPJHDUC3HI1">1352373426</int>
				<int id="PUVK851A2373SQM">1352374095</int>
				<int id="PUV95LJVTHF26QI">1352374879</int>
				<int id="PCR2JJS38PS1MON">1352374925</int>
				<int id="PUVFAUVI96D2J0O">1352375505</int>
				<int id="PUVH7BU7IQC3O8D">1352375728</int>
				<int id="PUVH72G5OCG2GO3">1352376003</int>
				<int id="PCRG4AJDLNS1TTP">1352376876</int>
				<int id="PHV3NCJDAS62VM0">1352376912</int>
				<int id="PUVROBJK2UG2RTE">1352376943</int>
				<int id="PUVTJ95EO3A3J7V">1352377576</int>
				<int id="PHVFSV9R04A2DO9">1352377684</int>
				<int id="PUVJLRNMGJC3LVA">1352378455</int>
				<int id="PHFBMADAEAD2JND">1352378630</int>
				<int id="PCR6QLN3RVT1329">1352379190</int>
				<int id="PUVA25K3C4A3ILR">1352379417</int>
			</object>
			<object id="25-07-11">
				<int id="PHVNIFVCQRA253D">1352380352</int>
				<int id="PUV73E5SA1D34NN">1352380691</int>
				<int id="PUVNC9RNU6D2UK4">1352382920</int>
				<int id="PUVKS32H9ID3C7O">1352383046</int>
				<int id="PUVVLIPFM5D2UC5">1352383393</int>
				<int id="PUVQV9G5RB838CE">1352383585</int>
				<int id="PUVMAEO5BUC31VI">1352383775</int>
				<int id="PUVCJ6O880A34HP">1352383796</int>
				<int id="PUVHGT5JDLB30F7">1352384027</int>
				<int id="PUV6FUO75V93AII">1352384027</int>
				<int id="PUVHKHKSFDC3H9E">1352384028</int>
				<int id="PA93VP2554E2H3R">1352384028</int>
				<int id="PUV4TOO3O1D32TP">1352384028</int>
				<int id="PDO6RPGI7ST2BIK">1352384847</int>
				<int id="PCRR6HQFR0U1SRC">1352385524</int>
				<int id="PUVN0GDE70D3AKQ">1352385743</int>
				<int id="PHFRJ945A3D2FMO">1352386082</int>
				<int id="PHVVO7CASCB21O5">1352386113</int>
				<int id="PCRD7E1BNAO16J6">1352386380</int>
				<int id="PHFT66IJV2D29PS">1352386469</int>
				<int id="PUV4PLH2HT83FJ2">1352386608</int>
				<int id="PHF624MH10D2RFE">1352386707</int>
				<int id="PHVCIHQ7LN0268R">1352387459</int>
				<int id="PUV37Q0UPQC37V4">1352388049</int>
				<int id="PUVT8691EI93FIR">1352388598</int>
				<int id="PUVRL3OSO7G2VV4">1352388639</int>
				<int id="PUV7E9OUE8D3KIM">1352388906</int>
				<int id="PUVAC4AFMDE2HDT">1352389506</int>
				<int id="PUVGVO2BNPB3MJB">1352389933</int>
				<int id="PUV3HG2DOSC3JF4">1352391191</int>
				<int id="PUVG4MMHQEC3K5I">1352391616</int>
				<int id="PCR14AIGQJO1V4O">1352391650</int>
				<int id="PUV39DUPENE2ATB">1352392223</int>
				<int id="PHFVB7UGK2D283T">1352392932</int>
				<int id="PDO95R1QA2R2RJG">1352393535</int>
				<int id="PHV710OBJG228NP">1352393726</int>
				<int id="PIFSMKNBOG63N0R">1352393910</int>
				<int id="PA93TKPJ66E2SG5">1352393932</int>
			</object>
			<object id="25-07-12">
				<int id="PUVUEFJABRG2LND">1352394045</int>
				<int id="PUVJE99TFEC3D9J">1352395147</int>
				<int id="PA9E9SC8Q0E2TV1">1352395797</int>
				<int id="PHF624MH10D2RFE">1352396191</int>
				<int id="PUV2U6LS4H934P2">1352396526</int>
				<int id="PUVJ0E8EINE276C">1352396685</int>
				<int id="PA9P7M83LMD2FAO">1352397073</int>
				<int id="PHFT6U31UBD2A1I">1352397073</int>
				<int id="PUVAMIE2A8F2LGH">1352397315</int>
				<int id="PUVJIPPFIBD398T">1352397332</int>
				<int id="PHFM0PHNTUC2S8E">1352397533</int>
				<int id="PUVIHJRJOKC3LP1">1352397583</int>
				<int id="PUVAQHDU4B83CVG">1352397713</int>
				<int id="PUVFJ8JG7JC3LHK">1352397756</int>
				<int id="PUVJU69IKJC3BOE">1352397977</int>
				<int id="PHFIS28II2D239P">1352398224</int>
				<int id="PUV12F0B8QB3L9I">1352398377</int>
				<int id="PUVHL9FSGF93U3Q">1352398409</int>
				<int id="PUV10ALD09H22LB">1352398628</int>
				<int id="PIFP3SA6C063SSP">1352398643</int>
				<int id="PUVFQ836U9E2IAS">1352398745</int>
				<int id="PUVS76IBB0S2R71">1352398912</int>
				<int id="PUVHK9CNSHB382E">1352399124</int>
				<int id="PUVRSHGF4IQ21VO">1352399356</int>
				<int id="PHVSGKDV7SA2FK8">1352399458</int>
				<int id="PUVRD9OA1IB3F4V">1352399519</int>
				<int id="PUVRGMDQA4C3FPL">1352400064</int>
				<int id="PCR4OOV7TCV1L54">1352400351</int>
				<int id="PUVI53P9AAD3ONK">1352401038</int>
				<int id="PUVSFSPLFNB3DHR">1352401397</int>
				<int id="PUVF3FA7F6B3UFD">1352401397</int>
				<int id="PUV3OUBQMJG2CL9">1352401397</int>
				<int id="PUV2BIBPKHG27EA">1352401795</int>
				<int id="PHFLFBHESBD27U4">1352401929</int>
				<int id="PA9IOOKNOMD2694">1352402050</int>
				<int id="PA9O32ER51E2T28">1352402102</int>
				<int id="PUVFEEVC6HE20MV">1352402187</int>
				<int id="PUVUCOQRRFD3PH6">1352402442</int>
				<int id="PUV1CKELDTF2QHB">1352402443</int>
				<int id="PA9VHKNCKQD2LUN">1352402545</int>
				<int id="PHFN8I5UBCD2C6Q">1352402545</int>
				<int id="PHFL7P0N83D2P1R">1352402545</int>
				<int id="PUVMRHDRT483OEH">1352402650</int>
				<int id="PHVFSV9R04A2DO9">1352402832</int>
				<int id="PHVIKAFLJS62FVP">1352402864</int>
				<int id="PUVQNB0F4IC3P88">1352403295</int>
				<int id="PDO2V71MMAR2SER">1352403319</int>
				<int id="PHFTTPBQ52D2EAM">1352403697</int>
				<int id="PUV5E5K85LB37M1">1352403898</int>
				<int id="PHF35JIL3FD20T9">1352404291</int>
				<int id="PUVRAV3RJUC3VM8">1352404552</int>
				<int id="PA9KMCNM01E2L76">1352404739</int>
				<int id="PHV3SOHNMB52ELG">1352404769</int>
				<int id="PUVSU77CNC93MVA">1352404866</int>
				<int id="PUV6DVMA5J731JE">1352405020</int>
				<int id="PDODTQK43DR27CB">1352405072</int>
				<int id="PUVDL2JD1CF2Q55">1352405087</int>
				<int id="PUVCLLJADHA3I84">1352405240</int>
				<int id="PUV7RQL8K7D3I10">1352405381</int>
				<int id="PUV42LEOBAF2MKD">1352405407</int>
				<int id="PCRCFKKOGUJ1Q7C">1352405415</int>
				<int id="PUVPCUELJ6G279E">1352405668</int>
				<int id="PIFSMKNBOG63N0R">1352406032</int>
				<int id="PUVN9UPA79D37S8">1352406083</int>
				<int id="PA9SI3EOAND2BDK">1352406266</int>
				<int id="PUVABG46OTJ2FNM">1352406430</int>
				<int id="PUVOCG9IHKB31NM">1352407038</int>
				<int id="PCR44OG2AUT12IH">1352407452</int>
				<int id="PUV2831ETFB3LS5">1352407468</int>
				<int id="PUV4LC37N8D26UP">1352407486</int>
				<int id="PUV7U3V812C3S7H">1352407619</int>
				<int id="PUVLQGI8HRA3O57">1352408347</int>
			</object>
			<object id="25-07-13">
				<int id="PUVLQGI8HRA3O57">1352408404</int>
				<int id="PUVBHQ89NBM2HAR">1352409232</int>
				<int id="PHFIN187QVC224H">1352409360</int>
				<int id="PUVVJ0EALEC3BFN">1352409667</int>
				<int id="PUVTTIURKLC3B30">1352409687</int>
				<int id="PUV33V34VLC3V6Q">1352409839</int>
				<int id="PIF14GJO15D1P84">1352410490</int>
				<int id="PHV5NI0UGK42FR1">1352410729</int>
				<int id="PUVS0VLJ9G93E96">1352410964</int>
				<int id="PUVANK930CC3FME">1352410968</int>
				<int id="PUV4QNVMORC354R">1352411992</int>
				<int id="PUVHPAD7L5N292B">1352412055</int>
				<int id="PUVUEFJABRG2LND">1352412227</int>
				<int id="PHVB44TB7992134">1352412976</int>
				<int id="PA9SI3EOAND2BDK">1352413246</int>
				<int id="PUVS75E9OBH2Q6G">1352413757</int>
				<int id="PM1GSNCGR502ADF">1352413943</int>
				<int id="PUVISC96IQ83HJT">1352414167</int>
				<int id="PUVNQ08H15C3F2V">1352414250</int>
				<int id="PHF624MH10D2RFE">1352414254</int>
				<int id="PHF4I93610D2TI2">1352414831</int>
				<int id="PUVV62E5EJC3SNI">1352415047</int>
				<int id="PUVQEFE5B683F04">1352415303</int>
				<int id="PHV19SAUGH72GB8">1352415320</int>
				<int id="PHVHN86I5H228T6">1352415442</int>
				<int id="PUV7U3V812C3S7H">1352415503</int>
				<int id="PUVV5HJ6RD93NIJ">1352415663</int>
				<int id="PUVOIO5NTF93QO1">1352415664</int>
				<int id="PUVQ3FG2SGD391H">1352415707</int>
				<int id="PUV3KL241QB3JD3">1352416255</int>
				<int id="PUVLC1FVGH739H1">1352416359</int>
				<int id="PUVRINE0QJL2GOH">1352416788</int>
				<int id="PHV7FR190MB2I9S">1352416819</int>
				<int id="PUVFQ836U9E2IAS">1352417718</int>
				<int id="PUVSHIJ0C8A392V">1352417765</int>
				<int id="PUVNB4AMIE936QU">1352418323</int>
				<int id="PUV6E4U84N93JFA">1352419069</int>
				<int id="PCRR6HQFR0U1SRC">1352419139</int>
				<int id="PUV79I5LM7G2ADD">1352419256</int>
				<int id="PUVL6SNU4FC3EBM">1352419451</int>
				<int id="PUVR7DBV7JG2E14">1352419610</int>
				<int id="PUVN27LFLKC38I7">1352419970</int>
				<int id="PUV7281593F2747">1352420339</int>
				<int id="PUV9TAHHD9G289O">1352420352</int>
				<int id="PHVL46GE9G72CK5">1352420426</int>
				<int id="PUV2T1MGQ9G2B9J">1352420476</int>
				<int id="PUVM1I564U73P79">1352420721</int>
				<int id="PHVUUPBDE6A2C6Q">1352420769</int>
				<int id="PUV4U9A4C5M2UE6">1352421330</int>
				<int id="PUVO9GST65D2T6C">1352421521</int>
				<int id="PCR10CGI60N1LG6">1352421527</int>
				<int id="PHFIS28II2D239P">1352421548</int>
				<int id="PUVTBBTJFSG2NC1">1352421631</int>
				<int id="PUVG2EDJV8G2ADK">1352421645</int>
				<int id="PUV1VFBK25C34EQ">1352421648</int>
				<int id="PUVG9V8E32J2L79">1352421947</int>
				<int id="PA9VHKNCKQD2LUN">1352422024</int>
				<int id="PHFAQB5VH4D2OSK">1352422024</int>
				<int id="PUVLS8OMVLB33CN">1352422254</int>
				<int id="PUVB8IIEBFG2TCC">1352422261</int>
				<int id="PUV719FK49G2H7I">1352422743</int>
			</object>
			<object id="25-08-01">
				<int id="PUVGBDEJMDC329S">1352424019</int>
			</object>
			<object id="25-08-05">
				<int id="PUVVMOF5SND3412">1352492391</int>
			</object>
			<object id="25-08-12">
				<int id="PUVANK930CC3FME">1352585515</int>
			</object>
			<object id="25-08-13">
				<int id="PUVVH9M65UC3908">1352608021</int>
			</object>
			<object id="25-08-16">
				<int id="PHVC72C4BV720RB">1352649312</int>
			</object>
			<object id="25-08-18">
				<int id="PUVA25K3C4A3ILR">1352674557</int>
			</object>
			<object id="25-08-20">
				<int id="PUVFQFKLETB3V67">1352703987</int>
			</object>
			<object id="25-08-23">
				<int id="PHVLN7DQQG92ED2">1352749283</int>
				<int id="PUVA25K3C4A3ILR">1352752103</int>
			</object>
			<object id="25-08-24">
				<int id="PUVPBGSGGI9363H">1352767294</int>
			</object>
			<object id="25-08-25">
				<int id="PHV11H22PQA2JEL">1352780933</int>
			</object>
			<object id="25-08-27">
				<int id="PUVA25K3C4A3ILR">1352797332</int>
				<int id="PUVMF173F6D2ST3">1352802595</int>
			</object>
			<object id="25-08-28">
				<int id="PHV11H22PQA2JEL">1352815897</int>
			</object>
			<object id="25-08-29">
				<int id="PUVA25K3C4A3ILR">1352832888</int>
			</object>
			<object id="25-08-32">
				<int id="PA998GBOSJD2EDI">1352874646</int>
			</object>
			<object id="25-08-34">
				<int id="PUVFRNHPAH934B8">1352907843</int>
			</object>
			<object id="25-09-05">
				<int id="PUVA25K3C4A3ILR">1353019060</int>
			</object>
			<object id="25-10-01">
				<int id="PCRD62JRHNS185D">1353041921</int>
			</object>
			<object id="25-10-21">
				<int id="PUVOCTL89G93HQE">1353315648</int>
			</object>
			<object id="25-11-05">
				<int id="PUV1D62CP6D2M64">1353773350</int>
			</object>
			<object id="26-03-11">
				<int id="PUVTVO44D7N2SPU">1354482207</int>
			</object>
			<object id="26-03-41">
				<int id="PUVJ86DSLSM2BDC">1354919426</int>
			</object>
			<object id="26-03-42">
				<int id="PUV2T1MGQ9G2B9J">1354929402</int>
			</object>
			<object id="26-03-51">
				<int id="PUVCIOJLOC93UKT">1355065841</int>
			</object>
			<object id="26-03-52">
				<int id="PUVKSMIKR8L2A6S">1355086403</int>
			</object>
			<object id="26-04-01">
				<int id="PUVB6DDK0NC3OCG">1355107553</int>
			</object>
		</object>
		<object id="hi_sign_evasion_record_history">
			<object id="version_6">
				<str id="pc_tsid">PCRA67IB8LL1MCE</str>
				<str id="pc_label">xombiekitty</str>
				<int id="secs">10</int>
				<int id="when">1351910264</int>
				<int id="version">6</int>
			</object>
		</object>
		<object id="hi_sign_evasion_record">
			<str id="pc_tsid">PHFIN187QVC224H</str>
			<str id="pc_label">Artistech</str>
			<int id="secs">13</int>
			<int id="when">1352409225</int>
			<int id="version">10</int>
			<str id="day_key">25-07-13</str>
		</object>
		<object id="hi_sign_daily_evasion_record">
			<str id="pc_tsid">PUV3BOVU5GC3BJJ</str>
			<str id="pc_label">LanaLoo</str>
			<int id="secs">10</int>
			<int id="when">1353277645</int>
			<int id="version">10</int>
			<str id="day_key">25-10-18</str>
		</object>
		<object id="incantations_redux">
			<object id="PHFU448MD4D2HL9">
				<int id="step">1</int>
				<int id="ts">1354918110</int>
			</object>
			<object id="PUVJ86DSLSM2BDC">
				<int id="step">1</int>
				<int id="ts">1354919403</int>
			</object>
			<object id="PDOQHB9V1AR2F84">
				<int id="step">2</int>
				<int id="ts">1354919405</int>
			</object>
			<object id="PA9SGIV1AUD2PNL">
				<int id="step">1</int>
				<int id="ts">1354919728</int>
			</object>
			<object id="PUVLEOJADLC3GC8">
				<int id="step">1</int>
				<int id="ts">1354921623</int>
			</object>
			<object id="PUVFDCV0HFC32U7">
				<int id="step">2</int>
				<int id="ts">1354921624</int>
			</object>
			<object id="PUVH597T7DC32E1">
				<int id="step">3</int>
				<int id="ts">1354921625</int>
			</object>
			<object id="PA9UNV5QH7E2B0P">
				<int id="step">1</int>
				<int id="ts">1354923020</int>
			</object>
			<object id="PA9R43RJ84E2EKB">
				<int id="step">2</int>
				<int id="ts">1354923028</int>
			</object>
			<object id="PA9PV1PN67E24FQ">
				<int id="step">3</int>
				<int id="ts">1354923030</int>
			</object>
			<object id="PUVF5CIS8UE2209">
				<int id="step">1</int>
				<int id="ts">1354923777</int>
			</object>
			<object id="PHF624MH10D2RFE">
				<int id="step">2</int>
				<int id="ts">1354923778</int>
			</object>
			<object id="PUVG6IV8J5F28N1">
				<int id="step">1</int>
				<int id="ts">1354928890</int>
			</object>
			<object id="PUV2T1MGQ9G2B9J">
				<int id="step">2</int>
				<int id="ts">1354929331</int>
			</object>
			<object id="PUVE1NGB27C36PP">
				<int id="step">1</int>
				<int id="ts">1354930763</int>
			</object>
			<object id="PUVFNR598OD3VBH">
				<int id="step">2</int>
				<int id="ts">1354930770</int>
			</object>
			<object id="PUV1C9DM7JE2KRJ">
				<int id="step">1</int>
				<int id="ts">1354951649</int>
			</object>
			<object id="PHVP4B1U0H22UNL">
				<int id="step">2</int>
				<int id="ts">1354951659</int>
			</object>
			<object id="PUVM6Q60R9D2HIC">
				<int id="step">3</int>
				<int id="ts">1354951666</int>
			</object>
			<object id="PUVV7EOB2RC31M9">
				<int id="step">1</int>
				<int id="ts">1354951792</int>
			</object>
			<object id="PA97PHPM54E2M0U">
				<int id="step">1</int>
				<int id="ts">1354955568</int>
			</object>
			<object id="PA9VHKNCKQD2LUN">
				<int id="step">2</int>
				<int id="ts">1354955568</int>
			</object>
			<object id="PUVKMVKGUCG2PM3">
				<int id="step">3</int>
				<int id="ts">1354955570</int>
			</object>
			<object id="PIFB7QP3SH63DL7">
				<int id="step">1</int>
				<int id="ts">1354978741</int>
			</object>
			<object id="PUVTTIURKLC3B30">
				<int id="step">2</int>
				<int id="ts">1354980311</int>
			</object>
			<object id="PUVOCG9IHKB31NM">
				<int id="step">3</int>
				<int id="ts">1354980323</int>
			</object>
			<object id="PUV766GM4TE2A3Q">
				<int id="step">1</int>
				<int id="ts">1354981779</int>
			</object>
			<object id="PIFLC6T4UK63AKI">
				<int id="step">2</int>
				<int id="ts">1354981780</int>
			</object>
			<object id="PHFVCCQDR3D2FIQ">
				<int id="step">1</int>
				<int id="ts">1354983523</int>
			</object>
			<object id="PUVPLIU36BJ21DJ">
				<int id="step">1</int>
				<int id="ts">1354984876</int>
			</object>
			<object id="PUVJGMGHIIA388B">
				<int id="step">1</int>
				<int id="ts">1354991910</int>
			</object>
			<object id="PIF16S80DT53O2K">
				<int id="step">2</int>
				<int id="ts">1354991912</int>
			</object>
			<object id="PA95UHHMLID28OO">
				<int id="step">3</int>
				<int id="ts">1354991913</int>
			</object>
			<object id="PHVAN0R6UK8249B">
				<int id="step">1</int>
				<int id="ts">1354992565</int>
			</object>
			<object id="PHFTE76HQ4D2CLU">
				<int id="step">2</int>
				<int id="ts">1354996384</int>
			</object>
			<object id="PHFE0LJP04D2E6S">
				<int id="step">1</int>
				<int id="ts">1354996882</int>
			</object>
			<object id="PUV4M2F46LL2DPA">
				<int id="step">1</int>
				<int id="ts">1354997133</int>
			</object>
			<object id="PCRMKIMIUNS1S1G">
				<int id="step">1</int>
				<int id="ts">1354999076</int>
			</object>
			<object id="PHV4T5FLFC42GP7">
				<int id="step">2</int>
				<int id="ts">1354999086</int>
			</object>
			<object id="PUVUEFJABRG2LND">
				<int id="step">1</int>
				<int id="ts">1354999732</int>
			</object>
			<object id="PUV1NMOQOFE3PQ8">
				<int id="step">2</int>
				<int id="ts">1354999934</int>
			</object>
		</object>
		<int id="incantations_redux_step">2</int>
	</object>
	<objrefs id="items">
		<objref tsid="IA59FC2DI4G3IA8" label="Fruit Tree"/>
		<objref tsid="IA5II165BGQ2IJ2" label="Qurazy marker"/>
		<objref tsid="IA9GBEBUAE92NU5" label="Quoin"/>
		<objref tsid="IA9G1T6QAE92BDI" label="Shrine to Spriggan"/>
		<objref tsid="IA5FCG04K4G3CTR" label="Bubble Tree"/>
		<objref tsid="IA9GQBQ4BE92PQR" label="spawner"/>
		<objref tsid="IA9G3I1RAE925F5" label="Mailbox"/>
		<objref tsid="IA9GB69UAE924GV" label="Quoin"/>
		<objref tsid="IA9GETNVAE92MFQ" label="Quoin"/>
		<objref tsid="IA9GE4CVAE924MA" label="Quoin"/>
		<objref tsid="IA9GH5T0BE92211" label="Street Spirit"/>
		<objref tsid="IA9GD72VAE92OP3" label="Quoin"/>
		<objref tsid="IA5FAPC3K4G3RGN" label="Bean Tree"/>
		<objref tsid="IA9GEKLVAE923J0" label="Quoin"/>
	</objrefs>
	<objrefs id="players">
		<objref tsid="PUV48AUTI0E3I6L" label="KumaKenshi"/>
		<objref tsid="PHFFOV3MN2D265N" label="Nephyria"/>
		<objref tsid="PUVUCKUH3UD36O9" label="ChaeRin"/>
		<objref tsid="PIFCNOJ2SR53FTD" label="Degu"/>
		<objref tsid="PUVQHQPE99G2AIT" label="Jonah Grimm"/>
		<objref tsid="PUV6ARM1BJD3AR9" label="Kashtien"/>
		<objref tsid="PHFNTM124UC2EVO" label="Miguel Valentino"/>
		<objref tsid="PHVAQQN0JA92TTO" label="taltalim"/>
		<objref tsid="PA9KCAKG3UD2BLE" label="Loube"/>
		<objref tsid="PHFDPPFBGED2BI9" label="Napiri"/>
		<objref tsid="PHF46GE110D2HVO" label="Chiepoon"/>
		<objref tsid="PUV9T2UGOEG2DI5" label="alphadog"/>
		<objref tsid="PUV7H2NULA93NH2" label="The Hidden Star"/>
		<objref tsid="PUVKTNSQ47G2JHQ" label="FullAuto"/>
		<objref tsid="PUVBIV9PT8C3CP3" label="sharzies"/>
		<objref tsid="PUVMAR3P7IB3DQM" label="CAMKA"/>
		<objref tsid="PUVJSU3IG9D25ND" label="TepidTwisTed"/>
		<objref tsid="PNVDO4L89SD21ER" label="Surak"/>
	</objrefs>
</game_object>
