<game_object tsid="LHV15C8IEQ322UG" ts="1364236154151" label="Firabiz Flaunts" class_tsid="town" hubid="85" moteid="9" letime="3g8et8k9" rbtime="25h9v8dn" upd_gs="gs6" load_time="2013-03-25 11:19:00.000">
	<object id="dynamic">
		<object id="loading_image">
			<str id="url">streets/2011-11-09/LHV15C8IEQ322UG_loading_1320867424.jpg</str>
			<int id="w">840</int>
			<int id="h">160</int>
		</object>
		<object id="image">
			<str id="url">streets/2011-11-09/LHV15C8IEQ322UG_main_1320867437.jpg</str>
			<int id="w">720</int>
			<int id="h">1235</int>
		</object>
		<object id="jobs">
			<object id="327">
				<object id="street_info">
					<int id="type">1</int>
					<int id="is_hidden">0</int>
					<str id="title_override">Build Firabiz Flaunts In Kajuu</str>
					<str id="desc_override">Expand Kajuu by building a new street, Firabiz Flaunts.</str>
					<object id="connecting_streets">
						<str id="0">LHV15KA8NE42GSP</str>
					</object>
				</object>
				<object id="class_ids">
					<object id="job_street_ph1_01c">
						<int id="in_order">1</int>
						<int id="delay_seconds">0</int>
						<str id="delay_text"></str>
						<str id="label">Clear the Ground</str>
						<str id="class_id">job_street_ph1_01c</str>
					</object>
					<object id="job_street_ph2_01c">
						<int id="in_order">2</int>
						<int id="delay_seconds">1200</int>
						<str id="delay_text"></str>
						<str id="label">Lay the Foundation</str>
					</object>
					<object id="job_street_ph3_02">
						<int id="in_order">3</int>
						<int id="delay_seconds">1200</int>
						<str id="delay_text"></str>
						<str id="label">Eat Up</str>
					</object>
					<object id="job_street_ph4_01b">
						<int id="in_order">4</int>
						<int id="delay_seconds">1200</int>
						<str id="delay_text"></str>
						<str id="label">Plant &amp; Certify</str>
					</object>
				</object>
			</object>
			<object id="328">
				<object id="street_info">
					<int id="type">2</int>
					<int id="is_hidden">0</int>
					<str id="title_override">Build Sohan Sheer In Kajuu</str>
					<str id="desc_override">Expand Kajuu by building a new street, Sohan Sheer.</str>
					<str id="target_street">LHV1FUFU9442AKR</str>
				</object>
				<object id="class_ids">
					<object id="job_street_ph1_02">
						<int id="in_order">1</int>
						<int id="delay_seconds">0</int>
						<str id="delay_text"></str>
						<str id="label">Lay the Turf</str>
						<str id="class_id">job_street_ph1_02</str>
						<objref id="instance" tsid="QHVRENPIK652Q0M"/>
					</object>
					<object id="job_street_ph2_03">
						<int id="in_order">2</int>
						<int id="delay_seconds">1200</int>
						<str id="delay_text"></str>
						<str id="label">Get Energized</str>
						<str id="class_id">job_street_ph2_03</str>
						<objref id="instance" tsid="QHVC4UJN0852PQG"/>
					</object>
					<object id="job_street_ph2_01b">
						<int id="in_order">3</int>
						<int id="delay_seconds">1200</int>
						<str id="delay_text"></str>
						<str id="label">Keep Working</str>
						<str id="class_id">job_street_ph2_01b</str>
						<objref id="instance" tsid="QHVL7BCE3852RN9"/>
					</object>
					<object id="job_street_ph4_03">
						<int id="in_order">4</int>
						<int id="delay_seconds">1200</int>
						<str id="delay_text"></str>
						<str id="label">Complete the Task</str>
						<str id="class_id">job_street_ph4_03</str>
						<objref id="instance" tsid="QHVT9L6S5852932"/>
					</object>
				</object>
			</object>
		</object>
		<bool id="jobs_is_locked">false</bool>
		<object id="action_requests">
		</object>
		<object id="delayed_sounds">
		</object>
		<bool id="jobs_auto_unlock">false</bool>
		<bool id="no_teleportation">false</bool>
		<bool id="disallow_animals">false</bool>
		<bool id="no_rook">true</bool>
		<object id="keys">
		</object>
		<object id="qurazy">
		</object>
		<object id="incantations">
			<object id="PUVESVJ9T3A3ROL">
				<int id="step">1</int>
				<int id="ts">1350436806</int>
			</object>
			<object id="PUVTJ95EO3A3J7V">
				<int id="step">2</int>
				<int id="ts">1350436806</int>
			</object>
			<object id="PHVO64TD9G825A5">
				<int id="step">1</int>
				<int id="ts">1350437763</int>
			</object>
			<object id="PHVRRU38BG725U9">
				<int id="step">2</int>
				<int id="ts">1350437767</int>
			</object>
			<object id="PCRDURAIHUM1915">
				<int id="step">1</int>
				<int id="ts">1350438283</int>
			</object>
			<object id="PIFHJ5TCM6D1558">
				<int id="step">2</int>
				<int id="ts">1350438286</int>
			</object>
			<object id="PM1B73SDG602CVK">
				<int id="step">3</int>
				<int id="ts">1350438288</int>
			</object>
			<object id="PHF7NSKA3AD2PU5">
				<int id="step">1</int>
				<int id="ts">1350438810</int>
			</object>
			<object id="PUV6IGTIOAK28D4">
				<int id="step">1</int>
				<int id="ts">1350439076</int>
			</object>
			<object id="PUV45EL99Q93LQ6">
				<int id="step">1</int>
				<int id="ts">1350439148</int>
			</object>
			<object id="PUV19GCAVGE2KI9">
				<int id="step">2</int>
				<int id="ts">1350439149</int>
			</object>
			<object id="PUVPKG267HG206L">
				<int id="step">3</int>
				<int id="ts">1350439150</int>
			</object>
			<object id="PUVJMEF10BB3SHV">
				<int id="step">1</int>
				<int id="ts">1350439275</int>
			</object>
			<object id="PUV5FLF16L935CN">
				<int id="step">2</int>
				<int id="ts">1350439277</int>
			</object>
			<object id="PUVGI68DJ9G2P24">
				<int id="step">1</int>
				<int id="ts">1350439326</int>
			</object>
			<object id="PUV4ICBH7NB3R30">
				<int id="step">2</int>
				<int id="ts">1350439327</int>
			</object>
			<object id="PUVN8LR3HQ63GE4">
				<int id="step">3</int>
				<int id="ts">1350439328</int>
			</object>
			<object id="PHV3S3SLT662CAJ">
				<int id="step">1</int>
				<int id="ts">1350439694</int>
			</object>
			<object id="PHVSCM4AFS627EF">
				<int id="step">1</int>
				<int id="ts">1350439983</int>
			</object>
			<object id="PUVH20IS8T83G8M">
				<int id="step">1</int>
				<int id="ts">1350440646</int>
			</object>
			<object id="PUVNK3MVGOL2UD9">
				<int id="step">1</int>
				<int id="ts">1350443345</int>
			</object>
			<object id="PUVPOBK0AB83DS9">
				<int id="step">2</int>
				<int id="ts">1350443346</int>
			</object>
			<object id="PUVCAD6F9A734MT">
				<int id="step">3</int>
				<int id="ts">1350443347</int>
			</object>
			<object id="PUVH4JOK59G2BM3">
				<int id="step">1</int>
				<int id="ts">1350444017</int>
			</object>
			<object id="PDOVLTKT6FU2N5E">
				<int id="step">1</int>
				<int id="ts">1350445566</int>
			</object>
			<object id="PCRFSEAH3TJ15HS">
				<int id="step">2</int>
				<int id="ts">1350445572</int>
			</object>
			<object id="PHF7GOMJS1D24NC">
				<int id="step">1</int>
				<int id="ts">1350445772</int>
			</object>
			<object id="PUVFUD1UJRE26GD">
				<int id="step">2</int>
				<int id="ts">1350445774</int>
			</object>
			<object id="PUVI4EDKGAJ207T">
				<int id="step">3</int>
				<int id="ts">1350445775</int>
			</object>
			<object id="PUV2EGMNAHS2OQC">
				<int id="step">1</int>
				<int id="ts">1350445869</int>
			</object>
			<object id="PM1RKGV70L12TIG">
				<int id="step">2</int>
				<int id="ts">1350445885</int>
			</object>
			<object id="PUVBFKGAR9G2SOQ">
				<int id="step">1</int>
				<int id="ts">1350445939</int>
			</object>
			<object id="PCRQC081VTM1N2C">
				<int id="step">1</int>
				<int id="ts">1350445957</int>
			</object>
			<object id="PM120IAKPK123LN">
				<int id="step">1</int>
				<int id="ts">1350446573</int>
			</object>
			<object id="PHFSE0A9D4D2NDB">
				<int id="step">2</int>
				<int id="ts">1350446576</int>
			</object>
			<object id="PIF14GJO15D1P84">
				<int id="step">3</int>
				<int id="ts">1350446582</int>
			</object>
			<object id="PHVERH6QNU621I8">
				<int id="step">1</int>
				<int id="ts">1350446587</int>
			</object>
			<object id="PA9U3JQ0CTD2448">
				<int id="step">1</int>
				<int id="ts">1350447265</int>
			</object>
			<object id="PUV3EGIE8GG2CSM">
				<int id="step">2</int>
				<int id="ts">1350447267</int>
			</object>
			<object id="PUV4LC37N8D26UP">
				<int id="step">3</int>
				<int id="ts">1350447268</int>
			</object>
			<object id="PUVFH6OPFTF2LF6">
				<int id="step">1</int>
				<int id="ts">1350447544</int>
			</object>
			<object id="PUVGUSBSUSF297H">
				<int id="step">2</int>
				<int id="ts">1350447546</int>
			</object>
			<object id="PUV2PCFUPSF2NBE">
				<int id="step">3</int>
				<int id="ts">1350447548</int>
			</object>
			<object id="PIF6LVBP7L53SOB">
				<int id="step">1</int>
				<int id="ts">1350449091</int>
			</object>
			<object id="PIFL0PPUT663NPS">
				<int id="step">2</int>
				<int id="ts">1350449093</int>
			</object>
			<object id="PHF6EM6551D2OGQ">
				<int id="step">3</int>
				<int id="ts">1350449094</int>
			</object>
			<object id="PHF3EMI4JDD2EUU">
				<int id="step">1</int>
				<int id="ts">1350449103</int>
			</object>
			<object id="PUVP1FG41EB3NC6">
				<int id="step">1</int>
				<int id="ts">1350449679</int>
			</object>
			<object id="PUVPVHJ81EB34UE">
				<int id="step">2</int>
				<int id="ts">1350449688</int>
			</object>
			<object id="PUVTFKOIK4A3FPQ">
				<int id="step">1</int>
				<int id="ts">1350450105</int>
			</object>
			<object id="PCR2HLTMPIL11HJ">
				<int id="step">2</int>
				<int id="ts">1350450107</int>
			</object>
			<object id="PHFLR8ITJ1D21SC">
				<int id="step">3</int>
				<int id="ts">1350450108</int>
			</object>
			<object id="PHFBTOM80AD2028">
				<int id="step">1</int>
				<int id="ts">1350452328</int>
			</object>
			<object id="PUVCJ3V3R7D2N88">
				<int id="step">2</int>
				<int id="ts">1350452334</int>
			</object>
			<object id="PUVPMQG5849388A">
				<int id="step">1</int>
				<int id="ts">1350453502</int>
			</object>
			<object id="PHF9L3JP5BD2R6D">
				<int id="step">1</int>
				<int id="ts">1350454017</int>
			</object>
			<object id="PHFJVIL04RC2ULD">
				<int id="step">2</int>
				<int id="ts">1350454019</int>
			</object>
			<object id="PUVNQPF8V793A3I">
				<int id="step">1</int>
				<int id="ts">1350456365</int>
			</object>
			<object id="PUVH4JVE4B93M5H">
				<int id="step">2</int>
				<int id="ts">1350456368</int>
			</object>
			<object id="PUVA6OS08S832L9">
				<int id="step">1</int>
				<int id="ts">1350466690</int>
			</object>
			<object id="PUVICMAK8SJ2MAS">
				<int id="step">2</int>
				<int id="ts">1350466692</int>
			</object>
			<object id="PA9I3VQD2VD2L8S">
				<int id="step">1</int>
				<int id="ts">1350475322</int>
			</object>
			<object id="PHF91JD8M2D2EAU">
				<int id="step">2</int>
				<int id="ts">1350475693</int>
			</object>
			<object id="PUV10ALD09H22LB">
				<int id="step">1</int>
				<int id="ts">1350476413</int>
			</object>
			<object id="PUVJGMGHIIA388B">
				<int id="step">1</int>
				<int id="ts">1350476735</int>
			</object>
			<object id="PHFVN17DD0D2G3V">
				<int id="step">2</int>
				<int id="ts">1350476736</int>
			</object>
			<object id="PHFLM7KOU2D24PL">
				<int id="step">3</int>
				<int id="ts">1350476738</int>
			</object>
			<object id="PUVKCV8O9FK2L7J">
				<int id="step">1</int>
				<int id="ts">1350477713</int>
			</object>
			<object id="PUVOV284NNA3T07">
				<int id="step">1</int>
				<int id="ts">1350477855</int>
			</object>
			<object id="PUVEO0HVO0B3E00">
				<int id="step">2</int>
				<int id="ts">1350477858</int>
			</object>
			<object id="PUV297JEH893M0T">
				<int id="step">1</int>
				<int id="ts">1350478815</int>
			</object>
			<object id="PUV9H4HP7PL2SLO">
				<int id="step">1</int>
				<int id="ts">1350479020</int>
			</object>
			<object id="PHVVS8IQOM92U22">
				<int id="step">2</int>
				<int id="ts">1350479025</int>
			</object>
			<object id="PHVA4KMGON72S7L">
				<int id="step">1</int>
				<int id="ts">1350479036</int>
			</object>
			<object id="PUV2O7J6I9D207V">
				<int id="step">1</int>
				<int id="ts">1350479144</int>
			</object>
			<object id="PIF12MTPPQH5L">
				<int id="step">1</int>
				<int id="ts">1350484035</int>
			</object>
			<object id="PHVL52757F92CQT">
				<int id="step">1</int>
				<int id="ts">1350484939</int>
			</object>
			<object id="PUVIS05FIIA3SBO">
				<int id="step">1</int>
				<int id="ts">1350485553</int>
			</object>
			<object id="PHVK2FSFOT22C3I">
				<int id="step">2</int>
				<int id="ts">1350485554</int>
			</object>
			<object id="PHFTTVBJQ2D2PP8">
				<int id="step">3</int>
				<int id="ts">1350485555</int>
			</object>
			<object id="PUV70B01CBG27J4">
				<int id="step">1</int>
				<int id="ts">1350486555</int>
			</object>
			<object id="PUVTEISFLLB38P4">
				<int id="step">1</int>
				<int id="ts">1350487666</int>
			</object>
			<object id="PHFFIBQRICD28H9">
				<int id="step">2</int>
				<int id="ts">1350488097</int>
			</object>
			<object id="PUVQMCK0GOI2CE3">
				<int id="step">1</int>
				<int id="ts">1350488553</int>
			</object>
			<object id="PUV2JU76I9D2LI5">
				<int id="step">2</int>
				<int id="ts">1350488557</int>
			</object>
			<object id="PUV8AE45JLB3ULN">
				<int id="step">1</int>
				<int id="ts">1350489048</int>
			</object>
			<object id="PHV19OKESO62P13">
				<int id="step">2</int>
				<int id="ts">1350490382</int>
			</object>
			<object id="PHV129UF5G32V98">
				<int id="step">3</int>
				<int id="ts">1350491017</int>
			</object>
			<object id="PUVLFPT60BB3COT">
				<int id="step">1</int>
				<int id="ts">1350492044</int>
			</object>
			<object id="PHVND1LVIKB2K8T">
				<int id="step">2</int>
				<int id="ts">1350494263</int>
			</object>
			<object id="PHVLEE66STA2M50">
				<int id="step">1</int>
				<int id="ts">1350497048</int>
			</object>
			<object id="PUVVU8JOE9E2AN1">
				<int id="step">1</int>
				<int id="ts">1350498067</int>
			</object>
			<object id="PA9K4D8K8MD27JH">
				<int id="step">2</int>
				<int id="ts">1350498174</int>
			</object>
			<object id="PUV5EIOIUPB3D8D">
				<int id="step">1</int>
				<int id="ts">1350498236</int>
			</object>
			<object id="PUVVE7C5HV93LDE">
				<int id="step">1</int>
				<int id="ts">1350498269</int>
			</object>
			<object id="PHV7MNV1VO62BC4">
				<int id="step">2</int>
				<int id="ts">1350498271</int>
			</object>
			<object id="PHFIS28II2D239P">
				<int id="step">3</int>
				<int id="ts">1350498272</int>
			</object>
			<object id="PIFGD6890J63D16">
				<int id="step">1</int>
				<int id="ts">1350498727</int>
			</object>
			<object id="PHV1C0HK6452IFG">
				<int id="step">2</int>
				<int id="ts">1350498732</int>
			</object>
			<object id="PHF2VPV503D26FE">
				<int id="step">1</int>
				<int id="ts">1350499011</int>
			</object>
			<object id="PHF43603F4D2I2C">
				<int id="step">1</int>
				<int id="ts">1350499800</int>
			</object>
			<object id="PHVPD72CABA2UCJ">
				<int id="step">2</int>
				<int id="ts">1350499916</int>
			</object>
			<object id="PCRDMHR3NDO1FVT">
				<int id="step">3</int>
				<int id="ts">1350499920</int>
			</object>
			<object id="PHF11QGRI3D2KLQ">
				<int id="step">1</int>
				<int id="ts">1350500703</int>
			</object>
			<object id="PA927UAN77E2QNA">
				<int id="step">1</int>
				<int id="ts">1350501664</int>
			</object>
			<object id="PUV1U879OTE2HQ6">
				<int id="step">1</int>
				<int id="ts">1350502739</int>
			</object>
			<object id="PUVLVOTFNVE224U">
				<int id="step">2</int>
				<int id="ts">1350502744</int>
			</object>
			<object id="PIFMFCVP2S5305V">
				<int id="step">3</int>
				<int id="ts">1350502748</int>
			</object>
			<object id="PUVBIORRBF93J9R">
				<int id="step">1</int>
				<int id="ts">1350504172</int>
			</object>
			<object id="PUVNLHPAVM93IP6">
				<int id="step">2</int>
				<int id="ts">1350504175</int>
			</object>
			<object id="PUVSL50F4LB36S3">
				<int id="step">1</int>
				<int id="ts">1350504972</int>
			</object>
			<object id="PUV798MFLMB3B0P">
				<int id="step">1</int>
				<int id="ts">1350505127</int>
			</object>
			<object id="PUVMLG1LUS83S32">
				<int id="step">2</int>
				<int id="ts">1350505137</int>
			</object>
			<object id="PUV76BIV41O20KD">
				<int id="step">1</int>
				<int id="ts">1350506063</int>
			</object>
			<object id="PUVD3J3SFPF2TRG">
				<int id="step">1</int>
				<int id="ts">1350506428</int>
			</object>
			<object id="PUVF5CIS8UE2209">
				<int id="step">1</int>
				<int id="ts">1350507873</int>
			</object>
			<object id="PHF624MH10D2RFE">
				<int id="step">2</int>
				<int id="ts">1350507874</int>
			</object>
			<object id="PHVRKEJ8VV22AU3">
				<int id="step">1</int>
				<int id="ts">1350508128</int>
			</object>
			<object id="PHVO3VOR3N621PJ">
				<int id="step">2</int>
				<int id="ts">1350508130</int>
			</object>
			<object id="PUV7VKHH3OA3E72">
				<int id="step">1</int>
				<int id="ts">1350509032</int>
			</object>
			<object id="PA9TT1IARGD2V5S">
				<int id="step">1</int>
				<int id="ts">1350510536</int>
			</object>
			<object id="PUVGK8HBCJB36GN">
				<int id="step">1</int>
				<int id="ts">1350511790</int>
			</object>
			<object id="PUV42LEOBAF2MKD">
				<int id="step">2</int>
				<int id="ts">1350511793</int>
			</object>
			<object id="PUVHR6OPKF83A1H">
				<int id="step">3</int>
				<int id="ts">1350511798</int>
			</object>
			<object id="PUVE9KK5JDG2LAL">
				<int id="step">1</int>
				<int id="ts">1350513628</int>
			</object>
			<object id="PHFJAE8FQVC2RNH">
				<int id="step">1</int>
				<int id="ts">1350515433</int>
			</object>
			<object id="PHVCM54BMP72K56">
				<int id="step">2</int>
				<int id="ts">1350515435</int>
			</object>
			<object id="PUVCAJTDPFH203K">
				<int id="step">3</int>
				<int id="ts">1350515442</int>
			</object>
			<object id="PHF20O01HRC21FP">
				<int id="step">1</int>
				<int id="ts">1350515469</int>
			</object>
			<object id="PM1GSNCGR502ADF">
				<int id="step">1</int>
				<int id="ts">1350515897</int>
			</object>
			<object id="PUVGOKRKAHB3URJ">
				<int id="step">1</int>
				<int id="ts">1350516343</int>
			</object>
			<object id="PHF9U3UPMVC26VO">
				<int id="step">1</int>
				<int id="ts">1350517177</int>
			</object>
			<object id="PUVFVM8KG9B37F0">
				<int id="step">1</int>
				<int id="ts">1350517307</int>
			</object>
			<object id="PUV7PU7B5JH2OP2">
				<int id="step">2</int>
				<int id="ts">1350517310</int>
			</object>
			<object id="PUVEGG4T2FG2UCD">
				<int id="step">3</int>
				<int id="ts">1350517312</int>
			</object>
			<object id="PA9NEEPG27E2DD0">
				<int id="step">1</int>
				<int id="ts">1350518079</int>
			</object>
			<object id="PUVNJCEML7P2ES0">
				<int id="step">1</int>
				<int id="ts">1350518116</int>
			</object>
			<object id="PUV3JOQHDGB322T">
				<int id="step">2</int>
				<int id="ts">1350518117</int>
			</object>
			<object id="PA9VHKNCKQD2LUN">
				<int id="step">3</int>
				<int id="ts">1350518118</int>
			</object>
			<object id="PUV9TAHHD9G289O">
				<int id="step">1</int>
				<int id="ts">1350518313</int>
			</object>
			<object id="PIFAEM961663JG3">
				<int id="step">2</int>
				<int id="ts">1350518315</int>
			</object>
			<object id="PIF9DO3KP8633H0">
				<int id="step">3</int>
				<int id="ts">1350518318</int>
			</object>
			<object id="PCRNH6RCVNS1072">
				<int id="step">1</int>
				<int id="ts">1350519481</int>
			</object>
			<object id="PUVIEI8TU2B3RIT">
				<int id="step">1</int>
				<int id="ts">1350519615</int>
			</object>
			<object id="PUVFEH0507A3O9S">
				<int id="step">1</int>
				<int id="ts">1350521287</int>
			</object>
			<object id="PA97I2RED7E2KE2">
				<int id="step">1</int>
				<int id="ts">1350521328</int>
			</object>
			<object id="PUVHT8IMO5A3D69">
				<int id="step">2</int>
				<int id="ts">1350521350</int>
			</object>
			<object id="PUV4QBL03D9394L">
				<int id="step">1</int>
				<int id="ts">1354915862</int>
			</object>
		</object>
		<object id="emotes">
			<object id="25-05-22">
			</object>
			<object id="25-05-25">
			</object>
			<object id="25-05-26">
				<int id="PUV90O5SDJK20F4">1351270973</int>
				<int id="PUV2FJ85U993DDV">1351270976</int>
				<int id="PUVPPE5CM583388">1351271902</int>
				<int id="PUVSQT4IJVA3VSK">1351271904</int>
				<int id="PUV4MP5FJG83KA7">1351271971</int>
				<int id="PUVJ66KFO993AOI">1351271971</int>
				<int id="PUV68HKCS3A3DHC">1351272903</int>
				<int id="PUV2FMSV50F2CO7">1351272905</int>
				<int id="PUV4VSL3EEC3A1B">1351273243</int>
				<int id="PHFLM7KOU2D24PL">1351273245</int>
				<int id="PUVMQQRGT1A38Q5">1351273363</int>
				<int id="PUVIC2CQS5D2EEA">1351273387</int>
				<int id="PCRQC081VTM1N2C">1351273440</int>
				<int id="PUV1QK9Q61C3SF8">1351274561</int>
				<int id="PUV9PTEF20A3R3B">1351274563</int>
				<int id="PHVQJ78CUCC2FM3">1351276273</int>
				<int id="PUVPBGSGGI9363H">1351276580</int>
				<int id="PUVDH6PNO9G2H6L">1351276581</int>
				<int id="PHVVR6I43M72BB2">1351277999</int>
				<int id="PUVHLNMRPBC327N">1351278000</int>
				<int id="PHFKA411RVC22P0">1351278314</int>
				<int id="PCRFLA5IKNS19P1">1351279648</int>
				<int id="PUVDD92A2JE2I8O">1351279649</int>
				<int id="PUVF7MH98SB3R08">1351280206</int>
				<int id="PM17R1OPUP12I01">1351280732</int>
				<int id="PUV2T1MGQ9G2B9J">1351280733</int>
				<int id="PA91LFT7LOD27BB">1351280742</int>
				<int id="PUVPPTDCH6B3AM5">1351282370</int>
				<int id="PCR44OG2AUT12IH">1351282400</int>
				<int id="PUVUV5N3FFB3TDI">1351282628</int>
				<int id="PUVJU69IKJC3BOE">1351282750</int>
				<int id="PHFQNQQB6FD2E8G">1351283449</int>
				<int id="PUVJOOUTAFC35B8">1351283484</int>
				<int id="PUVL16RJ7IB3G0Q">1351283836</int>
			</object>
			<object id="25-05-27">
				<int id="PCR91B3UB8N1O3S">1351285275</int>
				<int id="PUV68HKCS3A3DHC">1351285842</int>
				<int id="PUV15KDOAK930M3">1351286480</int>
				<int id="PUVE6LTBBHC37G8">1351286481</int>
				<int id="PUV1VFBK25C34EQ">1351287272</int>
				<int id="PUVISC96IQ83HJT">1351287277</int>
				<int id="PUVG1K0OHNE215U">1351287392</int>
				<int id="PHVQ5D15EK42F9U">1351287588</int>
				<int id="PUV8MKGHU6C3GIB">1351287589</int>
				<int id="PUV8V97LK293SOU">1351288441</int>
				<int id="PUVA5NTG3AG2UR1">1351288604</int>
				<int id="PUVEO0HVO0B3E00">1351289045</int>
				<int id="PUVL5M4K1VB3F61">1351289052</int>
				<int id="PHFIN187QVC224H">1351289132</int>
				<int id="PUVTTIURKLC3B30">1351289135</int>
				<int id="PUV946699DF2CCH">1351289143</int>
				<int id="PUVSL8IPBFC3144">1351289379</int>
				<int id="PUVHL9FSGF93U3Q">1351289379</int>
				<int id="PUV4U05FSGC3J8E">1351290100</int>
				<int id="PUVSHHC6A89379K">1351293172</int>
				<int id="PUV2QJOJLQ63INJ">1351293641</int>
				<int id="PM1A3P8FSA0242M">1351294212</int>
				<int id="PUVG48BJ7JC38C5">1351295009</int>
				<int id="PUVBBI0VJGE28C2">1351295196</int>
				<int id="PUVCG9K8U9G24DD">1351296706</int>
				<int id="PUV3MOGR9P73IK4">1351297718</int>
				<int id="PUVLBLFI1JB35NT">1351297724</int>
				<int id="PUVDQROTC4C3H2Q">1351297747</int>
				<int id="PUV520ELEDB3588">1351297787</int>
				<int id="PUVNQ9GGBO93DP2">1351297796</int>
			</object>
			<object id="25-05-28">
				<int id="PUV8V97LK293SOU">1351300008</int>
				<int id="PUVNLHPAVM93IP6">1351300009</int>
				<int id="PA9BE3UF1VD2HR0">1351300017</int>
				<int id="PUVS2D0L37C3E3I">1351300841</int>
				<int id="PUV12U42M9C3M7N">1351300904</int>
				<int id="PUV2LHC33FC3CI1">1351303088</int>
				<int id="PUVSHHC6A89379K">1351303339</int>
				<int id="PUV2IHARV7F2GRE">1351303349</int>
				<int id="PUVG48BJ7JC38C5">1351303425</int>
				<int id="PHV3NCJDAS62VM0">1351303593</int>
				<int id="PUVE8P3162C3IVC">1351304196</int>
				<int id="PUVJRJ6SJEC3H8O">1351304198</int>
				<int id="PUVSVALD06C3B9R">1351304599</int>
				<int id="PUVILQ9RS5D2PO0">1351304708</int>
				<int id="PUV6HHHJ9FC3UBA">1351304708</int>
				<int id="PIFN1P22MDB1MHK">1351306516</int>
				<int id="PUV7HG7UG9C35EM">1351306517</int>
				<int id="PUV771P9IME25MS">1351306970</int>
				<int id="PCR1I23C34U1ASQ">1351308029</int>
				<int id="PUVVVRNMA7C3L6P">1351308048</int>
				<int id="PUV7K08N17C36FO">1351308057</int>
				<int id="PHFDHMNLA2D2TTC">1351311978</int>
				<int id="PUVIP510L5B3ODM">1351312015</int>
				<int id="PUVGOKRKAHB3URJ">1351312060</int>
				<int id="PUVP8QNAEVB33UN">1351313118</int>
			</object>
			<object id="25-05-29">
				<int id="PUVESOHKE9C311B">1351314592</int>
				<int id="PHF20O01HRC21FP">1351317234</int>
				<int id="PUVDP12GGLB3T9K">1351317237</int>
				<int id="PUVSVALD06C3B9R">1351318618</int>
				<int id="PUVPKPA8UI93PCF">1351318619</int>
				<int id="PUVTHP3U6BJ2FCM">1351318691</int>
				<int id="PUV4TSD7AIC3HNK">1351320339</int>
				<int id="PUVTU0O31MB3T1E">1351320340</int>
				<int id="PUVLOKM16N93SRA">1351320435</int>
				<int id="PUVPDEUHUL832K5">1351324927</int>
				<int id="PUVBKN54PRE2VUI">1351325201</int>
				<int id="PUVSV5CH69C309F">1351325353</int>
				<int id="PUVH3D6VKFC37GA">1351325399</int>
			</object>
			<object id="25-05-30">
				<int id="PUVKM6CODFB3MSK">1351331122</int>
				<int id="PUV14N2LA8D2JIJ">1351331130</int>
				<int id="PUVHSIG3T5C3RL2">1351331141</int>
				<int id="PUV3PQC7PEC3L79">1351334111</int>
				<int id="PUVGOKRKAHB3URJ">1351336846</int>
				<int id="PHF7NSKA3AD2PU5">1351342171</int>
				<int id="PUVQFL2SV2B3C5K">1351342183</int>
			</object>
			<object id="25-05-31">
				<int id="PUV750ROV3C3V32">1351344656</int>
				<int id="PIF1G1UD3L63H0C">1351350670</int>
				<int id="PUVQEB5OE6H22K9">1351351796</int>
				<int id="PUVSRKDKT993SB7">1351352813</int>
				<int id="PUVR92GN0HG2582">1351352813</int>
				<int id="PHV1B8J6SL32QAU">1351355127</int>
				<int id="PUVV91RDAUE2VQG">1351355153</int>
				<int id="PUVOGHCJUIF2F4F">1351355241</int>
				<int id="PUVIHJRJOKC3LP1">1351355696</int>
				<int id="PUVJU69IKJC3BOE">1351356830</int>
				<int id="PA9HSMK86ID2F1A">1351356831</int>
			</object>
			<object id="25-05-32">
			</object>
			<object id="25-05-33">
			</object>
			<object id="25-05-34">
			</object>
			<object id="25-05-35">
			</object>
			<object id="25-05-36">
			</object>
			<object id="25-05-37">
			</object>
			<object id="25-05-38">
			</object>
			<object id="25-05-39">
			</object>
			<object id="25-05-40">
			</object>
		</object>
		<object id="streaking_increments">
			<object id="25-07-08">
				<int id="PUVK4347KHE2JL8">1352337869</int>
				<int id="PUVUCJ1BR4A3NOC">1352337900</int>
				<int id="PHVCIHQ7LN0268R">1352337934</int>
				<int id="PUVCBCBO7VC3IUR">1352338143</int>
				<int id="PHFQ3QMFHVC281F">1352338165</int>
				<int id="PUVETL2VN9N2505">1352338352</int>
				<int id="PUV8726GUNH2L21">1352338368</int>
				<int id="PUVVE7C5HV93LDE">1352338391</int>
				<int id="PUVJIPPFIBD398T">1352338415</int>
				<int id="PIF4FNVAOB637D9">1352338442</int>
				<int id="PUVI9K99OSF2GOV">1352338459</int>
				<int id="PHVK39K3OO62T72">1352338518</int>
				<int id="PUV9DTUIM4F2DCV">1352338534</int>
				<int id="PUV17MB5HTB3G68">1352338536</int>
				<int id="PCR8C825C6N1BC2">1352338552</int>
				<int id="PHVCFT53VN6228O">1352338642</int>
				<int id="PUVHGT5JDLB30F7">1352338686</int>
				<int id="PUVDP005IKG2P8J">1352338848</int>
				<int id="PUVO9GST65D2T6C">1352338872</int>
				<int id="PUVTSM0S8EC30IQ">1352338879</int>
				<int id="PHVNJ4LKTQ626HM">1352338931</int>
				<int id="PUVFVR5B54C379Q">1352338946</int>
				<int id="PHV7MNV1VO62BC4">1352339017</int>
				<int id="PUVFPHN2E6D2QT7">1352339145</int>
				<int id="PUVJIQCTAIB304S">1352339170</int>
				<int id="PIFHIBOVJ6632DF">1352339180</int>
				<int id="PHFNCFTVB4D2DNN">1352339190</int>
				<int id="PHFEGT1UT2D2SE9">1352339334</int>
				<int id="PHVJ7JP2DSA2JLQ">1352339342</int>
				<int id="PUVGI68DJ9G2P24">1352339462</int>
				<int id="PUVLFPT60BB3COT">1352339466</int>
				<int id="PHVDS5SQK542N9H">1352339470</int>
				<int id="PUVLVUTLM9G2DA1">1352339503</int>
				<int id="PUVKJ8IP6LB39B1">1352339518</int>
				<int id="PUV2GQ5IIPF2GQ1">1352339566</int>
				<int id="PUV47RD2IOB3OLL">1352339583</int>
				<int id="PUVAQHDU4B83CVG">1352339667</int>
				<int id="PM1G1B33140297G">1352339773</int>
				<int id="PUV8UJR6O7C3S6U">1352339792</int>
				<int id="PM1HDTV02402DBO">1352339805</int>
				<int id="PUVNA0KGQE93NLA">1352339826</int>
				<int id="PHFOTIREL1D24VG">1352339953</int>
				<int id="PUVSPN0LCP73J6A">1352339962</int>
				<int id="PUV7DBINAS73IFR">1352339975</int>
				<int id="PUV13VCGCPL2OEP">1352339983</int>
				<int id="PUVJA2IREO83T33">1352340061</int>
				<int id="PUV77CBGEL836KM">1352340061</int>
				<int id="PUVHV1J9EJ833AL">1352340061</int>
				<int id="PA9BE3UF1VD2HR0">1352340061</int>
				<int id="PUV1632D4HA3RJU">1352340069</int>
				<int id="PHV1FFBMFU22A7E">1352340131</int>
				<int id="PUVQDMSP2DG2MF2">1352340186</int>
				<int id="PUVG2EDJV8G2ADK">1352340222</int>
				<int id="PUVJMB9UG8D2JKB">1352340301</int>
				<int id="PHF624MH10D2RFE">1352340327</int>
				<int id="PHVCGP4OKH22FSK">1352340331</int>
				<int id="PUVUBU7O23D317B">1352340358</int>
				<int id="PA9DMKLVGUD2HOA">1352340364</int>
				<int id="PHFMVJCKSVC2BRL">1352340423</int>
				<int id="PUVR4MQSVE8394R">1352340488</int>
				<int id="PUVI9DR31TC3VEU">1352340488</int>
				<int id="PHFAM2DUH4D23RG">1352340575</int>
				<int id="PUVG4P4NOG83FO0">1352340620</int>
				<int id="PUV676M25FG2SMJ">1352340641</int>
				<int id="PUVKIT6A3FB38C7">1352340684</int>
				<int id="PHFBFIHOM2D210N">1352340745</int>
				<int id="PHVPD72CABA2UCJ">1352340761</int>
				<int id="PUV8MOTETCC3S24">1352340798</int>
				<int id="PUVFDC083PE2F30">1352340905</int>
				<int id="PHVVS8IQOM92U22">1352340927</int>
				<int id="PCRDANB1INS1PBD">1352340931</int>
				<int id="PUVOLKHFI6H2R0J">1352340936</int>
				<int id="PUV1HNKSULC3PF2">1352340983</int>
				<int id="PUVTEISFLLB38P4">1352340989</int>
				<int id="PUVHH62HCPE2TQ5">1352340989</int>
				<int id="PUV6P0F50NC3M6U">1352341100</int>
				<int id="PUVONSK33OB3H64">1352341214</int>
				<int id="PUVGUOIEDOB35M3">1352341251</int>
				<int id="PUVEHJQG89N2LRV">1352341254</int>
				<int id="PUVPDD0F6N93HN1">1352341254</int>
				<int id="PUVH7U7Q7GB3HL9">1352341284</int>
				<int id="PUVJLRC39NB3NMH">1352341328</int>
				<int id="PUVKO2U467C3IL6">1352341374</int>
				<int id="PM1FUK88Q502Q0E">1352341409</int>
				<int id="PUVOQVJ074A3F6S">1352341502</int>
				<int id="PUV48VHMH893134">1352341508</int>
				<int id="PCRIKN3FPNS1BQN">1352341548</int>
				<int id="PDOL4F1IM8R26LN">1352341593</int>
				<int id="PHFGJ20K02D2C6J">1352341649</int>
				<int id="PCR12I603OL1GJD">1352341680</int>
				<int id="PUV4PLH2HT83FJ2">1352341682</int>
				<int id="PUVI9HTJCB83FMS">1352341856</int>
				<int id="PHVL52757F92CQT">1352341926</int>
				<int id="PUVOPQSAKL93LVT">1352341930</int>
				<int id="PUVB50SQBF93PVC">1352342015</int>
				<int id="PUVRN17STBD3VC9">1352342028</int>
				<int id="PUVG1MUCTA93KMM">1352342046</int>
				<int id="PHVPT6F2H542DQD">1352342068</int>
				<int id="PUVO2S7TU293F2E">1352342145</int>
				<int id="PUVI26UI8183IRD">1352342196</int>
				<int id="PUVPPEC3I683PE4">1352342337</int>
				<int id="PUV4H32DJ5B3RKO">1352342455</int>
				<int id="PUV9NBIC7MG2727">1352342557</int>
				<int id="PUV8OPNP40C34FL">1352342626</int>
				<int id="PHVTIPH9I5A2DJI">1352342670</int>
				<int id="PHF3SVTUB3D2MGO">1352342797</int>
				<int id="PUV72LIAQGM22AJ">1352342943</int>
				<int id="PUVDP12GGLB3T9K">1352342967</int>
				<int id="PUVS1NSLELC3SBD">1352343080</int>
				<int id="PM168JRREN12LHU">1352343094</int>
				<int id="PUVKKRET75B328O">1352343261</int>
				<int id="PUVLBC6O27F2FKP">1352343264</int>
				<int id="PUVA9SQAFU93V9U">1352343281</int>
				<int id="PUVTMS30BHD3C3C">1352343298</int>
				<int id="PUV766GM4TE2A3Q">1352343322</int>
				<int id="PUVV59RSH9G2VTU">1352343502</int>
				<int id="PHV6KOHGPP62TMB">1352343544</int>
				<int id="PHFEKECS94D2STE">1352343552</int>
				<int id="PUVNIED25Q93D4F">1352343571</int>
				<int id="PUVKT7UCP7C3Q9T">1352343663</int>
				<int id="PIFK14N8TM53LGJ">1352343924</int>
				<int id="PUVKP5AMB8D3J38">1352343969</int>
				<int id="PHV3TEP4ML326VP">1352344150</int>
				<int id="PUVGV2K6PBG24Q2">1352344262</int>
				<int id="PA9AK9S914E206A">1352344305</int>
				<int id="PUVU94EEQOH2155">1352344371</int>
				<int id="PIF6HVTEMHA17HQ">1352344512</int>
				<int id="PA9ADGI5MND20Q0">1352344522</int>
				<int id="PUVQ6I3032D3097">1352344526</int>
				<int id="PUVUJVN9LQ63SKB">1352344577</int>
				<int id="PUVUVBVSDIF23GG">1352344620</int>
				<int id="PUVR92UTEBD331L">1352344826</int>
				<int id="PUVJHOIT2JC3VIN">1352344841</int>
				<int id="PUVMSQGD5C83B7L">1352344975</int>
				<int id="PUVJG6AHAAD3O39">1352344976</int>
				<int id="PHF6AUDHLVC2988">1352345365</int>
				<int id="PHFF3M4JOVC2RBM">1352345540</int>
				<int id="PUV68HKCS3A3DHC">1352345760</int>
				<int id="PUVPR5J5GB838S5">1352345830</int>
				<int id="PUVOM8F6A3H2T74">1352345914</int>
				<int id="PUV3MQV14G93IO4">1352346003</int>
				<int id="PHV1LA19H312CR9">1352346012</int>
				<int id="PUV53017RHC3DQJ">1352346222</int>
				<int id="PUVRC0S1GJE2PJ9">1352346300</int>
				<int id="PUVQK9NC2CA3UM4">1352346309</int>
				<int id="PHVV60T1DI829GR">1352346342</int>
				<int id="PUVN27LFLKC38I7">1352346633</int>
				<int id="PUVG3MQRMMB3J88">1352346785</int>
				<int id="PUV4SH21DSC3BDL">1352346902</int>
				<int id="PUV38HK9V4D32N1">1352346920</int>
				<int id="PUVL4LENIBD3AQQ">1352347245</int>
				<int id="PUV4VVQ437G2S17">1352347753</int>
				<int id="PUVANK930CC3FME">1352347776</int>
				<int id="PHVIB9OFMG72ULQ">1352348057</int>
				<int id="PUV5ECT7ECG2D87">1352348329</int>
				<int id="PA9O6A3F67E224V">1352348467</int>
				<int id="PHFK48ANI2D2F12">1352348534</int>
				<int id="PUVLS7T267D2L93">1352348651</int>
				<int id="PUVIQSKFO7I2GVJ">1352348732</int>
				<int id="PUVBVPH8ABC3I0U">1352348815</int>
				<int id="PHFP13C56FD2BL8">1352349094</int>
				<int id="PA98V79M07E2RVP">1352349104</int>
				<int id="PUVEUMROI7D2IPU">1352349427</int>
				<int id="PUVJQI7MGPE2PTB">1352349427</int>
				<int id="PHVKVH6RCK42C3J">1352349499</int>
				<int id="PUV21KAI91L201C">1352349510</int>
				<int id="PHFGIBN0F3D2R8O">1352349602</int>
				<int id="PUV9D8KTK2B3PUN">1352349628</int>
				<int id="PHFF9RF1U2D2JM4">1352350051</int>
				<int id="PUVDA80N87C30HF">1352350108</int>
				<int id="PUVNJ2OIMAD36BR">1352350112</int>
				<int id="PHV1AV0JOP62IOS">1352350166</int>
				<int id="PHFNB9CGD2D2E9Q">1352350624</int>
			</object>
			<object id="25-07-09">
				<int id="PCRT0VFI6OS14VF">1352350844</int>
				<int id="PUVL88N12R93662">1352350856</int>
				<int id="PUVTJ95EO3A3J7V">1352350980</int>
				<int id="PUVKRDNLRLB39GO">1352351049</int>
				<int id="PUVNJ2OIMAD36BR">1352351142</int>
				<int id="PUVEUMROI7D2IPU">1352351180</int>
				<int id="PUVJQI7MGPE2PTB">1352351180</int>
				<int id="PUV523037AD3VO0">1352351245</int>
				<int id="PUVJMEF10BB3SHV">1352351347</int>
				<int id="PIFMVLG211631PP">1352351441</int>
				<int id="PUVT20H20PC39SF">1352351500</int>
				<int id="PUV13VCGCPL2OEP">1352351508</int>
				<int id="PUVAHGOVSS83RTK">1352351532</int>
				<int id="PHFQ8BJAR0D28JI">1352351701</int>
				<int id="PUVKG8UAD0C3SJK">1352351860</int>
				<int id="PHFJERMET9D2JTA">1352351867</int>
				<int id="PUV21KAI91L201C">1352351869</int>
				<int id="PUVFQFKLETB3V67">1352352060</int>
				<int id="PUVL6SNU4FC3EBM">1352352847</int>
				<int id="PUVPLCPBVC93R44">1352352929</int>
				<int id="PUVRLNMCJ2B30C1">1352352977</int>
				<int id="PUVURLNMO2F24E9">1352353103</int>
				<int id="PUVTODJO9G935QH">1352353227</int>
				<int id="PUV4628EBPC3I5E">1352353229</int>
				<int id="PIFLU0M82V53HEC">1352353267</int>
				<int id="PUVKT051TAG2L34">1352353374</int>
				<int id="PUV9AJO0HED3FTQ">1352353453</int>
				<int id="PUVC074D4KC3PPU">1352353571</int>
				<int id="PUV7U3V812C3S7H">1352353814</int>
				<int id="PHVKK3A7QN62IQP">1352353901</int>
				<int id="PUVHGT5JDLB30F7">1352354415</int>
				<int id="PUVFRIHJS5D259C">1352354427</int>
				<int id="PUVCL6N7L8D38GF">1352354608</int>
				<int id="PM1HNSIBL402J03">1352354812</int>
				<int id="PA9MTNTQ1ND29LQ">1352354914</int>
				<int id="PUVP6JUU8JB3FNS">1352354928</int>
				<int id="PUVIDSPAINE2PH8">1352355238</int>
				<int id="PUVCTG0BGKE2E65">1352355390</int>
				<int id="PHVQ4RKB595294A">1352355564</int>
				<int id="PCR12K6MG5S14JV">1352355574</int>
				<int id="PUVOK86Q1NH22PA">1352355600</int>
				<int id="PCRAFRDJFUT1PGB">1352356192</int>
				<int id="PHVRLO0EBDC23R1">1352356249</int>
				<int id="PHV3SOHNMB52ELG">1352356694</int>
				<int id="PUVFPCGIS5C311N">1352357054</int>
				<int id="PHF154A801D2A0H">1352357056</int>
				<int id="PUVCIOJLOC93UKT">1352357166</int>
				<int id="PIFK14N8TM53LGJ">1352357358</int>
				<int id="PUVML5U8C9C3CL5">1352357384</int>
				<int id="PA96973H0SD2C6Q">1352357388</int>
				<int id="PA9DNN7MF4E2AAV">1352357468</int>
				<int id="PHFS0IK652D2K0L">1352357692</int>
				<int id="PUVTDQHE0KA3RM8">1352357810</int>
				<int id="PM1VP9MKT602436">1352357828</int>
				<int id="PUVSAFI1QC93GC4">1352357837</int>
				<int id="PUV48UD1R7C3MC6">1352357839</int>
				<int id="PUVV7T1PDUC3768">1352358013</int>
				<int id="PUVADSECH07300L">1352358557</int>
				<int id="PUVNUAQ182A3LTM">1352358802</int>
				<int id="PHFB9U6BRQC2IEB">1352359085</int>
				<int id="PM1A4MDNG402AR4">1352359141</int>
				<int id="PUVVG7H0FJB3A8N">1352360108</int>
				<int id="PHVMDLHPLG82Q4B">1352360235</int>
				<int id="PUVJP8KO4CC3PUK">1352360639</int>
				<int id="PUV6FUO75V93AII">1352360752</int>
				<int id="PUVHKHKSFDC3H9E">1352360752</int>
				<int id="PHVCIHQ7LN0268R">1352360773</int>
				<int id="PUVHER8O0BA3OCL">1352360923</int>
				<int id="PUVAJKHV28G2BQR">1352361119</int>
				<int id="PUVBVPH8ABC3I0U">1352361160</int>
				<int id="PUVILST9GUI2GNT">1352361490</int>
				<int id="PA9GRIVLPRD2662">1352361530</int>
				<int id="PA9E9SC8Q0E2TV1">1352361553</int>
				<int id="PHFINSK9JCD29H5">1352361933</int>
				<int id="PCRSVJC3CFV19J7">1352362374</int>
				<int id="PUVU7KAB3VC3292">1352362694</int>
				<int id="PUVO54G4RGC394I">1352363078</int>
				<int id="PUVL5M4K1VB3F61">1352363410</int>
				<int id="PUVDG8GBNQB3Q90">1352363543</int>
				<int id="PUV1S8K1OAD3GDS">1352363582</int>
				<int id="PUVQCK47VAC3FD9">1352364018</int>
				<int id="PUVHDDQBDOI2NH0">1352364106</int>
				<int id="PUVEO9C0JF93FBC">1352364502</int>
				<int id="PCRE2VRLINS18V4">1352364686</int>
				<int id="PUVLVN26LPB3IAF">1352364784</int>
				<int id="PUVD1R35GNC3PP0">1352364885</int>
				<int id="PA9O4G9BPQD2U6D">1352365151</int>
				<int id="PUVDML8BPK93CKI">1352365185</int>
			</object>
			<object id="25-07-10">
				<int id="PUVLDBAAO673ORE">1352365631</int>
				<int id="PUVN8RFT0J73V4A">1352365710</int>
				<int id="PUVHER8O0BA3OCL">1352365821</int>
				<int id="PUVEO9C0JF93FBC">1352366180</int>
				<int id="PUVITB8GICG24NJ">1352366388</int>
				<int id="PCRSVJC3CFV19J7">1352366474</int>
				<int id="PUVH7BU7IQC3O8D">1352366588</int>
				<int id="PUVR4MQSVE8394R">1352366912</int>
				<int id="PUVPL4QIRFC3P3P">1352366987</int>
				<int id="PUV3LP2HLKB3QL9">1352367044</int>
				<int id="PUVCK0THA3J2RTL">1352367277</int>
				<int id="PHV901F7DF72R87">1352367830</int>
				<int id="PUVR8FONASE2GES">1352368119</int>
				<int id="PUVNTDFC8RC34UR">1352368810</int>
				<int id="PNVK4E8SE8E2NH0">1352369764</int>
				<int id="PHVF60VGU952KIM">1352369783</int>
				<int id="PUVKTS44N2C3KDO">1352369851</int>
				<int id="PHF31BRLV4D27G0">1352370016</int>
				<int id="PUVVJ936BCA3M1E">1352370022</int>
				<int id="PCRBFCINGUT15SD">1352370567</int>
				<int id="PUVPLDCEPPC3IJA">1352370845</int>
				<int id="PUVAUDH2LG9353H">1352370889</int>
				<int id="PUV14N2LA8D2JIJ">1352370995</int>
				<int id="PA9P7M83LMD2FAO">1352371261</int>
				<int id="PUVBHA1C58C33PQ">1352371264</int>
				<int id="PUVP0UBER9C30DP">1352371296</int>
				<int id="PUVV5HJ6RD93NIJ">1352371350</int>
				<int id="PUVOIO5NTF93QO1">1352371350</int>
				<int id="PHVNJ4LKTQ626HM">1352371356</int>
				<int id="PUVDML8BPK93CKI">1352371680</int>
				<int id="PUV95LJVTHF26QI">1352372495</int>
				<int id="PUV76Q57EHD3FKV">1352372954</int>
				<int id="PIFOC6038Q53T2J">1352373599</int>
				<int id="PUVRJVHGCMB3VRA">1352373599</int>
				<int id="PUVCE3RNDIB340P">1352373897</int>
				<int id="PUVSVMTPFIJ2M6B">1352374077</int>
				<int id="PUVS76IBB0S2R71">1352374226</int>
				<int id="PUV6DVMA5J731JE">1352374302</int>
				<int id="PUV4DE6TGQB3AE8">1352374310</int>
				<int id="PHV3NCJDAS62VM0">1352374336</int>
				<int id="PHF929RLK3D276G">1352374642</int>
				<int id="PM1H4VJ4ED22MV5">1352375350</int>
				<int id="PUVQOVN59ME2QM9">1352375724</int>
				<int id="PHV18UFRTL72ISG">1352376454</int>
				<int id="PUVR92UTEBD331L">1352376492</int>
				<int id="PUVSLPFE06D2FMT">1352376684</int>
				<int id="PHVH9I4T2892DK9">1352377481</int>
				<int id="PUVNA3D96O6306F">1352377507</int>
				<int id="PHFINSK9JCD29H5">1352377673</int>
				<int id="PUVN96O1J9B3LKU">1352377907</int>
				<int id="PUVIB6F3R6D28O1">1352378196</int>
				<int id="PHVHVMKM9G92N10">1352378284</int>
				<int id="PHVMDLHPLG82Q4B">1352378287</int>
				<int id="PCRT0VFI6OS14VF">1352378316</int>
				<int id="PUV50C46PKF2MOK">1352378753</int>
				<int id="PA9CPTVMJ4E2J61">1352378864</int>
				<int id="PHF6D1A582D2N40">1352379063</int>
				<int id="PUVK9FIJ399331H">1352379134</int>
				<int id="PCRNBUJSCJL1SOG">1352379142</int>
				<int id="PUVE6QIUFSC3B80">1352379549</int>
			</object>
			<object id="25-07-11">
				<int id="PUV416QL88D3HMC">1352380047</int>
				<int id="PUVQAVTGUBC3QUV">1352380142</int>
				<int id="PUVBUB7PT9E2HLL">1352380253</int>
				<int id="PCRNBUJSCJL1SOG">1352380298</int>
				<int id="PHF11QGRI3D2KLQ">1352380372</int>
				<int id="PUVNJCEML7P2ES0">1352380608</int>
				<int id="PUVUCOQRRFD3PH6">1352380927</int>
				<int id="PCRFLA5IKNS19P1">1352381073</int>
				<int id="PUVTARTIND830E8">1352381280</int>
				<int id="PUVHGT5JDLB30F7">1352381477</int>
				<int id="PUV6FUO75V93AII">1352381477</int>
				<int id="PUVP0UBER9C30DP">1352381638</int>
				<int id="PIFPR4B4AA63QV5">1352381806</int>
				<int id="PHVGLP2L2892QFQ">1352381968</int>
				<int id="PUV16JMR69C3LLN">1352382185</int>
				<int id="PUVS76IBB0S2R71">1352382210</int>
				<int id="PHF2VPV503D26FE">1352382602</int>
				<int id="PCRT0VFI6OS14VF">1352383088</int>
				<int id="PUVJNEJQ6EE2C1E">1352383106</int>
				<int id="PHFBMADAEAD2JND">1352383264</int>
				<int id="PUV9L2ANGBG2NGO">1352383525</int>
				<int id="PUVC1O1O1TF26EU">1352384119</int>
				<int id="PUV79OMQOAD3VBP">1352384418</int>
				<int id="PUVCRP7HC2D398Q">1352384534</int>
				<int id="PUVHOFNNILC3SMC">1352384574</int>
				<int id="PA9N3O7N5PD2BP8">1352384929</int>
				<int id="PUV5HCPV7893L5E">1352385511</int>
				<int id="PUVSHIJ0C8A392V">1352385636</int>
				<int id="PUVHPAD7L5N292B">1352385749</int>
				<int id="PUVVLIPFM5D2UC5">1352385749</int>
				<int id="PUV9C064K4C352I">1352385944</int>
				<int id="PUVVJ936BCA3M1E">1352385944</int>
				<int id="PA9BE3UF1VD2HR0">1352385944</int>
				<int id="PUVTTIURKLC3B30">1352386130</int>
				<int id="PUVHL9FSGF93U3Q">1352386189</int>
				<int id="PDOA16ER4TT2PEU">1352386502</int>
				<int id="PHVFSV9R04A2DO9">1352386685</int>
				<int id="PCRBFCINGUT15SD">1352386730</int>
				<int id="PCRIELI3PNS1E5L">1352386941</int>
				<int id="PIF2R4A1BL631K5">1352387020</int>
				<int id="PUVUCMK66OE2S7S">1352387206</int>
				<int id="PUVLQGI8HRA3O57">1352387319</int>
				<int id="PHF5OTALG4D2QME">1352388323</int>
				<int id="PHF45DAP9AD2SN3">1352388699</int>
				<int id="PIFKK50HFL53NDN">1352389030</int>
				<int id="PUV2IPH9NF83QFO">1352389142</int>
				<int id="PIFTD4GOCF63P8S">1352389429</int>
				<int id="PHV95NLAUG22JIQ">1352390144</int>
				<int id="PUVHB7KP49E202R">1352390189</int>
				<int id="PCR6L4VMU3N1H72">1352390347</int>
				<int id="PCR8C825C6N1BC2">1352390358</int>
				<int id="PHF8MHR920D2UTQ">1352390614</int>
				<int id="PCROPEN11OS1K51">1352390634</int>
				<int id="PUVNH75MGPC3R5B">1352390739</int>
				<int id="PUVSVALD06C3B9R">1352391031</int>
				<int id="PUV47KUT16C3RL1">1352391189</int>
				<int id="PUVPC6P6SA839RS">1352391455</int>
				<int id="PUVKVMUGQFC32NK">1352391794</int>
				<int id="PHV85UFRD082GAS">1352391869</int>
				<int id="PUV7DBINAS73IFR">1352391982</int>
				<int id="PUV8V97LK293SOU">1352392137</int>
				<int id="PUVSFSPLFNB3DHR">1352392396</int>
				<int id="PHFKA411RVC22P0">1352392484</int>
				<int id="PHFVN17DD0D2G3V">1352392494</int>
				<int id="PUVGV2K6PBG24Q2">1352392683</int>
				<int id="PCRDBVC21JL12OL">1352392804</int>
				<int id="PHF91JD8M2D2EAU">1352392875</int>
				<int id="PHV11H22PQA2JEL">1352392973</int>
				<int id="PIFPJ1R3BP53G67">1352393021</int>
				<int id="PUVSS7LVKEC318S">1352393102</int>
				<int id="PUVR4E5C8IB3G0B">1352393103</int>
				<int id="PHFS0IK652D2K0L">1352393300</int>
				<int id="PCRR6HQFR0U1SRC">1352393303</int>
				<int id="PUVB50SQBF93PVC">1352393422</int>
				<int id="PUV4HF8UOSC326L">1352393428</int>
				<int id="PUVBHA1C58C33PQ">1352393739</int>
				<int id="PUV9EUTOH6D2SD9">1352393739</int>
				<int id="PUV9TAHHD9G289O">1352393739</int>
				<int id="PUV18LEKGV83BT3">1352393797</int>
				<int id="PHFIDIHDU2D27C6">1352393835</int>
			</object>
			<object id="25-07-12">
				<int id="PA9U3JQ0CTD2448">1352394115</int>
				<int id="PUVGPGR6I6J2QDT">1352394246</int>
				<int id="PHFIPVH38TC2PIV">1352394686</int>
				<int id="PUVJIPPFIBD398T">1352394856</int>
				<int id="PUVL4LENIBD3AQQ">1352395200</int>
				<int id="PUV6L7AB0JH22K3">1352395280</int>
				<int id="PCR10H57OAV1816">1352395368</int>
				<int id="PUVDLL0ENLC3GCE">1352395653</int>
				<int id="PCRBFCINGUT15SD">1352395684</int>
				<int id="PUVOK86Q1NH22PA">1352395700</int>
				<int id="PA9FV3ID0HD22MP">1352395842</int>
				<int id="PUV5GM00M6D2HVS">1352395919</int>
				<int id="PUVHT82E1AP2E7H">1352395943</int>
				<int id="PUVV2191PIA34EO">1352396733</int>
				<int id="PUVHER8O0BA3OCL">1352396802</int>
				<int id="PUVP0UBER9C30DP">1352396808</int>
				<int id="PUVKJ8IP6LB39B1">1352396904</int>
				<int id="PUV7DBINAS73IFR">1352397128</int>
				<int id="PUV2JI34A1D30LC">1352397131</int>
				<int id="PUVVJ936BCA3M1E">1352397186</int>
				<int id="PUV9C064K4C352I">1352397186</int>
				<int id="PUV6KCLJ9FC3UGK">1352397385</int>
				<int id="PHFS0IK652D2K0L">1352397523</int>
				<int id="PUVDDSU75K73PHI">1352398128</int>
				<int id="PHVABLN44H22DKA">1352398301</int>
				<int id="PA9F3EHI36E2JIG">1352398409</int>
				<int id="PUVUEFJABRG2LND">1352398984</int>
				<int id="PUV21KAI91L201C">1352399053</int>
				<int id="PUV4HF8UOSC326L">1352399180</int>
				<int id="PHFL7P0N83D2P1R">1352399448</int>
				<int id="PUV82VIBQFE2L6U">1352399498</int>
				<int id="PUV42LEOBAF2MKD">1352399630</int>
				<int id="PHF7GOMJS1D24NC">1352399906</int>
				<int id="PUVJIQCTAIB304S">1352400068</int>
				<int id="PUV22S2QJIF2GFM">1352400339</int>
				<int id="PUVVU9MBBC93PS0">1352400350</int>
				<int id="PUVURDPJ76D2U81">1352400380</int>
				<int id="PUVT923UO1A340U">1352400442</int>
				<int id="PUV12F0B8QB3L9I">1352400559</int>
				<int id="PCR6L4VMU3N1H72">1352400607</int>
				<int id="PUV5E5K85LB37M1">1352400623</int>
				<int id="PUV1QK9Q61C3SF8">1352400702</int>
				<int id="PUV94MUVPHE2IQJ">1352400747</int>
				<int id="PUVCUCM4C8D2PLF">1352400902</int>
				<int id="PUV7ET6A07G2VK7">1352401167</int>
				<int id="PUVL0NBHFAC35NH">1352401326</int>
				<int id="PCR10CGI60N1LG6">1352401386</int>
				<int id="PUVCGSD5SHI2CS0">1352401551</int>
				<int id="PUVIQLROID83HIE">1352401702</int>
				<int id="PA92MJIOKQD2IMA">1352401813</int>
				<int id="PUVV5HJ6RD93NIJ">1352401832</int>
				<int id="PUVOIO5NTF93QO1">1352401832</int>
				<int id="PIFSHV34U0636F0">1352401873</int>
				<int id="PUV7RPO3O7C3HHP">1352401888</int>
				<int id="PA9O6A3F67E224V">1352401911</int>
				<int id="PCR3FFPN51N1SQD">1352402092</int>
				<int id="PUVMC9R45BM2O6U">1352402130</int>
				<int id="PCRHA593D1N1EB3">1352402196</int>
				<int id="PUV87SCA12C39H5">1352402331</int>
				<int id="PHF274E9E0D23V6">1352402361</int>
				<int id="PUVMAEO5BUC31VI">1352402371</int>
				<int id="PIF3Q9V7UV53GHM">1352402474</int>
				<int id="PUVKS32H9ID3C7O">1352402670</int>
				<int id="PUVS2L05QPF2N3H">1352402697</int>
				<int id="PHF43603F4D2I2C">1352402848</int>
				<int id="PUVPTF7N2DG203S">1352402859</int>
				<int id="PUVT8691EI93FIR">1352402859</int>
				<int id="PHVVO7CASCB21O5">1352402985</int>
				<int id="PUVSVDEIMTG26B0">1352403047</int>
				<int id="PUVFNV4N43Q2AD4">1352403204</int>
				<int id="PUVTMVI961G2PNI">1352403207</int>
				<int id="PUVHGT5JDLB30F7">1352403646</int>
				<int id="PUV6FUO75V93AII">1352403646</int>
				<int id="PUVHKHKSFDC3H9E">1352403646</int>
				<int id="PUVGV2K6PBG24Q2">1352403646</int>
				<int id="PUVPPE5CM583388">1352403647</int>
				<int id="PUV78MGI48C3NKP">1352403647</int>
				<int id="PUV7MROEEHD3BPR">1352403652</int>
				<int id="PIF14GJO15D1P84">1352403664</int>
				<int id="PA9SSH8TMRD2VN8">1352403719</int>
				<int id="PUV6CUQICFC3A75">1352403812</int>
				<int id="PHVFG0THJF827TB">1352404283</int>
				<int id="PUVGDDTPQMC3NJL">1352404341</int>
				<int id="PHV2N3G3AF825OC">1352404397</int>
				<int id="PIFHCQSRUS53B6M">1352404815</int>
				<int id="PHVCAFEPHL4277G">1352405197</int>
				<int id="PA9VG19QR2E2BA0">1352405366</int>
				<int id="PHFS39PTU4D2OTR">1352405391</int>
				<int id="PUV9QFOV3ME2DOV">1352405462</int>
				<int id="PUV36H4TQLC3BH7">1352405509</int>
				<int id="PUVAMQBU51D3DR7">1352405977</int>
				<int id="PUVANK930CC3FME">1352406052</int>
				<int id="PUVCLLJADHA3I84">1352406083</int>
				<int id="PUVUII6QVHF26B7">1352406243</int>
				<int id="PHFQ3QMFHVC281F">1352406291</int>
				<int id="PUVH5K5FGJA3TQU">1352406295</int>
				<int id="PHFRPBQSMBD2KL6">1352406302</int>
				<int id="PUVJGQE2GOC3G4J">1352406312</int>
				<int id="PHVMUHUM3N622HJ">1352406368</int>
				<int id="PHV80NGSGM727T9">1352406391</int>
				<int id="PA9AAQRSQ1E2VC8">1352406596</int>
				<int id="PHFQFJG5KCD2TET">1352406622</int>
				<int id="PHV19AFHTB922VQ">1352406629</int>
				<int id="PUVDD92A2JE2I8O">1352407121</int>
				<int id="PUVHDDQBDOI2NH0">1352407176</int>
				<int id="PHVJ14RPRN02Q0M">1352407183</int>
				<int id="PHFOSFVBC4D2JAT">1352407358</int>
				<int id="PUVEOLGEO6K2O7N">1352407358</int>
				<int id="PHV3SOHNMB52ELG">1352407422</int>
				<int id="PUVCBCBO7VC3IUR">1352407521</int>
				<int id="PHV3D8SBQM82UGE">1352407580</int>
				<int id="PHF65AU745D2LO9">1352407711</int>
				<int id="PUVAJK0ESSC3HNF">1352407718</int>
				<int id="PUV72LIAQGM22AJ">1352407808</int>
				<int id="PIF5FULJ8V53P8M">1352407892</int>
				<int id="PHVIKAFLJS62FVP">1352407968</int>
			</object>
			<object id="25-07-13">
				<int id="PHVO64TD9G825A5">1352408411</int>
				<int id="PUVVJ936BCA3M1E">1352408474</int>
				<int id="PUV12F0B8QB3L9I">1352408554</int>
				<int id="PHFSPUG0PTC2LBA">1352408602</int>
				<int id="PUVERNFNDQB3TAD">1352408708</int>
				<int id="PUV6A7K0QKD3BSC">1352408711</int>
				<int id="PUVCBCBO7VC3IUR">1352408728</int>
				<int id="PHFDBNU6E3D2PAK">1352408781</int>
				<int id="PUVA9MCI77D2D9F">1352408823</int>
				<int id="PHVCM54BMP72K56">1352408850</int>
				<int id="PUVDU6QF35D3B6F">1352409096</int>
				<int id="PUVUBU7O23D317B">1352409103</int>
				<int id="PUV4AHCDIDF25RF">1352409521</int>
				<int id="PUVDVCR2D3D375L">1352409620</int>
				<int id="PA9F3EHI36E2JIG">1352409775</int>
				<int id="PUV979L46IB3HEE">1352409939</int>
				<int id="PHVAVUNO6CC2MT5">1352410090</int>
				<int id="PIF73NQUM7634IP">1352410117</int>
				<int id="PUVHCH6SH3A30DK">1352410288</int>
				<int id="PUV7STN5V5D3P7F">1352410342</int>
				<int id="PUVT923UO1A340U">1352410413</int>
				<int id="PHFM0PHNTUC2S8E">1352410516</int>
				<int id="PUV2BIBPKHG27EA">1352410645</int>
				<int id="PA9FAS8AVOD28QF">1352410680</int>
				<int id="PHF43603F4D2I2C">1352410796</int>
				<int id="PUVI4EDKGAJ207T">1352410825</int>
				<int id="PUVDBC62NLB338E">1352411069</int>
				<int id="PA9MTNTQ1ND29LQ">1352411080</int>
				<int id="PUVQ5E7NNTE2BMF">1352411444</int>
				<int id="PUV3G7UGUF933VH">1352411504</int>
				<int id="PHV3SOHNMB52ELG">1352411620</int>
				<int id="PUVVQVKJH993IU1">1352411656</int>
				<int id="PUV58DRO99D38NV">1352412027</int>
				<int id="PHFT6U31UBD2A1I">1352412117</int>
				<int id="PUVT5TK2G6D28QU">1352412175</int>
				<int id="PUVNAEJ0PH936S7">1352412181</int>
				<int id="PHVRT17MLN527I4">1352412279</int>
				<int id="PUVKEU5V42A3CCQ">1352412411</int>
				<int id="PUV79OMQOAD3VBP">1352412533</int>
				<int id="PHV5NI0UGK42FR1">1352412786</int>
				<int id="PUVJ4DBJTKD37QR">1352412803</int>
				<int id="PUVCG72AQP93JFB">1352412836</int>
				<int id="PIFP6921PP53VO4">1352413033</int>
				<int id="PUVLF6M40R73D3D">1352413181</int>
				<int id="PUVISC96IQ83HJT">1352413213</int>
				<int id="PHF9BGSKEUC2HD7">1352413216</int>
				<int id="PHFT5IMBBTC2N16">1352413332</int>
				<int id="PIFN6FM97U53EAH">1352413674</int>
				<int id="PUVKR50JSQG2UIS">1352413765</int>
				<int id="PUV4QNVMORC354R">1352413812</int>
				<int id="PUV14N2LA8D2JIJ">1352413876</int>
				<int id="PHV80NGSGM727T9">1352413957</int>
				<int id="PUVEGG4T2FG2UCD">1352414356</int>
				<int id="PUV22H6M4NI2QLH">1352414356</int>
				<int id="PUV7PU7B5JH2OP2">1352414356</int>
				<int id="PUVTMVI961G2PNI">1352414415</int>
				<int id="PHF45DAP9AD2SN3">1352414582</int>
				<int id="PUVOD0NVMC931HR">1352414687</int>
				<int id="PUVB28QUNL93RU9">1352414699</int>
				<int id="PA96LR4D8CI2CCO">1352414921</int>
				<int id="PHVA4KMGON72S7L">1352415314</int>
				<int id="PDO2V71MMAR2SER">1352415584</int>
				<int id="PUV9QFOV3ME2DOV">1352415644</int>
				<int id="PUVCHOBQA6D3721">1352415878</int>
				<int id="PUV655DJ70B3J9R">1352416021</int>
				<int id="PUVP0UBER9C30DP">1352416039</int>
				<int id="PIF157VFN063CTQ">1352416062</int>
				<int id="PHFDI7L7D1D2BLA">1352416098</int>
				<int id="PIFIB286VS5338G">1352416116</int>
				<int id="PUV5E5K85LB37M1">1352416146</int>
				<int id="PUVAMQBU51D3DR7">1352416389</int>
				<int id="PIFE71FIF663BLR">1352416462</int>
				<int id="PUVN3VKS6OB3G65">1352416466</int>
				<int id="PUV436C3SBC3QNA">1352416563</int>
				<int id="PUVL0NBHFAC35NH">1352416619</int>
				<int id="PUVV2191PIA34EO">1352416931</int>
				<int id="PUVBJQLIQLB38JN">1352416956</int>
				<int id="PUVI7PM3SED3M90">1352417188</int>
				<int id="PHVHN86I5H228T6">1352417227</int>
				<int id="PHVVS8IQOM92U22">1352417418</int>
				<int id="PUVNRUQH83D3N7S">1352417437</int>
				<int id="PCRICS10PNS1LHA">1352417556</int>
				<int id="PA9O3QNPFID2ENR">1352417845</int>
				<int id="PUVDBF021HC31M4">1352418021</int>
				<int id="PHFMVJCKSVC2BRL">1352418080</int>
				<int id="PUVFJ07T04L2GD7">1352418390</int>
				<int id="PUVFSQD8LV93KN6">1352418547</int>
				<int id="PUVFCMR5UCD3PQ1">1352418942</int>
				<int id="PUVP6M2EH9G2Q22">1352418988</int>
				<int id="PUVFN2LHIHC3LN7">1352419075</int>
				<int id="PHFP13C56FD2BL8">1352419264</int>
				<int id="PUV5F8DU3KB3L24">1352419317</int>
				<int id="PM1EMRJKJ4027KO">1352419511</int>
				<int id="PCRR6HQFR0U1SRC">1352419511</int>
				<int id="PUV36R4JTGD3TJF">1352419628</int>
				<int id="PIFGD6890J63D16">1352419646</int>
				<int id="PHVKK3A7QN62IQP">1352419797</int>
				<int id="PIF2TA3RK563FSR">1352419798</int>
				<int id="PUVG7J5JMBD3PCN">1352419986</int>
				<int id="PUVC9PPFMA93ADI">1352420036</int>
				<int id="PUVQV3M0UDF22Q0">1352420104</int>
				<int id="PHFO9KEJ25D2MBL">1352420375</int>
				<int id="PHVNJ4LKTQ626HM">1352420565</int>
				<int id="PIF1RQODKF01DG2">1352420742</int>
				<int id="PUVASEM4FOC35UV">1352420753</int>
				<int id="PHV9N1HUDP52O02">1352420834</int>
				<int id="PUVESVJ9T3A3ROL">1352420946</int>
				<int id="PUVTJ95EO3A3J7V">1352420946</int>
				<int id="PUVGBDEJMDC329S">1352421142</int>
				<int id="PUV72LIAQGM22AJ">1352421211</int>
				<int id="PUV2UEH8VRC3684">1352421212</int>
				<int id="PUV82D053MC3M13">1352421586</int>
				<int id="PUV9L2ANGBG2NGO">1352421655</int>
				<int id="PUVRCMAEKLC3HGO">1352421766</int>
				<int id="PUVKV1JNB8D3BAD">1352422203</int>
				<int id="PUV6ERH6FUC3QJM">1352422528</int>
				<int id="PCRETDAKJNS1E7V">1352422538</int>
				<int id="PUVI9HTJCB83FMS">1352422680</int>
			</object>
			<object id="25-08-01">
				<int id="PUV1LJQR2GD3P65">1352423188</int>
				<int id="PHV9DPVLSJ22OL6">1352423756</int>
				<int id="PUV271CR6JF2S8J">1352424730</int>
				<int id="PUV3SLSTM1A3IN2">1352425136</int>
				<int id="PUVC9PPFMA93ADI">1352425158</int>
				<int id="PUVMQQRGT1A38Q5">1352432222</int>
				<int id="PUVT2NJVO9D36FT">1352433778</int>
			</object>
			<object id="25-08-02">
				<int id="PUV9L691CFI2GRM">1352437952</int>
				<int id="PUV12E0QUBD3N2G">1352442625</int>
			</object>
			<object id="25-08-03">
				<int id="PUV26OQ5GJD3SOV">1352456382</int>
				<int id="PUV2D2D4UDB35UB">1352464966</int>
			</object>
			<object id="25-08-04">
				<int id="PM1G1B33140297G">1352470273</int>
			</object>
			<object id="25-08-06">
				<int id="PUVSMVLI78D3VUD">1352506481</int>
			</object>
			<object id="25-08-07">
				<int id="PUV27HCU39B3HUV">1352519650</int>
				<int id="PA998GBOSJD2EDI">1352520616</int>
				<int id="PUVTHTTHFF93BKJ">1352521319</int>
			</object>
			<object id="25-08-12">
				<int id="PUV8S9J1PAD3RO7">1352588143</int>
				<int id="PHFIVEU4P4D2H9O">1352589904</int>
			</object>
			<object id="25-08-13">
				<int id="PA9N1FRNSFD2UKI">1352601149</int>
			</object>
			<object id="25-08-17">
				<int id="PUVAFFD08UC30D0">1352660828</int>
				<int id="PUV6LVN435B3IG4">1352665266</int>
				<int id="PUV79QJ22TB3F4O">1352666263</int>
			</object>
			<object id="25-08-18">
				<int id="PHV9OKQHBF82NDQ">1352674621</int>
			</object>
			<object id="25-08-19">
				<int id="PUV4BFTRRUC3RLF">1352687772</int>
			</object>
			<object id="25-08-21">
				<int id="PUVCB55Q85D2438">1352714339</int>
			</object>
			<object id="25-08-22">
				<int id="PA9SRFS850E2GJ0">1352737141</int>
			</object>
			<object id="25-08-28">
				<int id="PUV3LDPE1IC3SJT">1352820905</int>
			</object>
			<object id="25-08-32">
				<int id="PUVSNKTVQ2B3QMM">1352876711</int>
			</object>
			<object id="25-08-35">
				<int id="PUV9JMO5CVB3G24">1352924606</int>
			</object>
			<object id="25-08-37">
				<int id="PUV5UJTSU2C35KR">1352942916</int>
			</object>
			<object id="25-09-01">
				<int id="PUVIEPUBHMC3M0M">1352956495</int>
			</object>
			<object id="25-10-07">
				<int id="PUVTFBPUTVD3NPD">1353116044</int>
			</object>
			<object id="25-10-10">
				<int id="PUVB5F5VDPB3AKP">1353167811</int>
			</object>
			<object id="25-10-13">
				<int id="PUVFQFKLETB3V67">1353212153</int>
			</object>
			<object id="25-10-35">
				<int id="PUV4BFTRRUC3RLF">1353521010</int>
			</object>
			<object id="25-11-07">
				<int id="PUVDU6QF35D3B6F">1353799280</int>
			</object>
			<object id="26-01-01">
				<int id="PUVE1A6PIFE3QJ1">1353882317</int>
			</object>
			<object id="26-02-02">
				<int id="PUVDN5UO3L934L1">1354309374</int>
			</object>
			<object id="26-03-16">
				<int id="PUVDU6QF35D3B6F">1354567726</int>
			</object>
			<object id="26-03-35">
				<int id="PUVDVLGF40E38JT">1354833574</int>
			</object>
			<object id="26-03-42">
				<int id="PUVG4P4NOG83FO0">1354933079</int>
			</object>
			<object id="26-03-44">
				<int id="PA99P57G76E2KT7">1354963270</int>
			</object>
			<object id="26-04-01">
				<int id="PUVG2FNSD2C3H3P">1355105055</int>
				<int id="PUVBIVECL7C3TI7">1355110531</int>
			</object>
		</object>
		<object id="hi_sign_evasion_record_history">
			<object id="version_0">
				<str id="pc_tsid">PUVN628F70D3JO7</str>
				<str id="pc_label">Nadre</str>
				<int id="secs">5</int>
				<int id="when">1351722836</int>
				<int id="version">0</int>
			</object>
		</object>
		<object id="hi_sign_daily_evasion_record">
			<str id="pc_tsid">PA9TE01R56E25RU</str>
			<str id="pc_label">Sare</str>
			<int id="secs">15</int>
			<int id="when">1352500431</int>
			<int id="version">10</int>
			<str id="day_key">25-08-06</str>
		</object>
		<object id="hi_sign_evasion_record">
			<str id="pc_tsid">PA9TE01R56E25RU</str>
			<str id="pc_label">Sare</str>
			<int id="secs">15</int>
			<int id="when">1352500431</int>
			<int id="version">10</int>
			<str id="day_key">25-08-06</str>
		</object>
		<object id="incantations_redux">
			<object id="PUVI79TPFEC36S0">
				<int id="step">1</int>
				<int id="ts">1354917386</int>
			</object>
			<object id="PHF14ABLCTC2U52">
				<int id="step">2</int>
				<int id="ts">1354917387</int>
			</object>
			<object id="PHVROH851L22Q5T">
				<int id="step">3</int>
				<int id="ts">1354917389</int>
			</object>
			<object id="PHFMI32SK4D2U1L">
				<int id="step">1</int>
				<int id="ts">1354917420</int>
			</object>
			<object id="PHVQ5D15EK42F9U">
				<int id="step">1</int>
				<int id="ts">1354923094</int>
			</object>
			<object id="PUVM6Q60R9D2HIC">
				<int id="step">2</int>
				<int id="ts">1354923096</int>
			</object>
			<object id="PCR11792JRL10T9">
				<int id="step">3</int>
				<int id="ts">1354923097</int>
			</object>
			<object id="PHF3EMI4JDD2EUU">
				<int id="step">1</int>
				<int id="ts">1354923557</int>
			</object>
			<object id="PUVG6IV8J5F28N1">
				<int id="step">1</int>
				<int id="ts">1354925574</int>
			</object>
			<object id="PUVI4EDKGAJ207T">
				<int id="step">2</int>
				<int id="ts">1354925746</int>
			</object>
			<object id="PUVTVRH3K1A30EQ">
				<int id="step">3</int>
				<int id="ts">1354926732</int>
			</object>
			<object id="PUV42LEOBAF2MKD">
				<int id="step">1</int>
				<int id="ts">1354931311</int>
			</object>
			<object id="PUVR66N0OVE2BLN">
				<int id="step">1</int>
				<int id="ts">1354931326</int>
			</object>
			<object id="PUV5DGRMO4H2DNG">
				<int id="step">1</int>
				<int id="ts">1354931597</int>
			</object>
			<object id="PCRLR85EFDV1F9B">
				<int id="step">2</int>
				<int id="ts">1354931601</int>
			</object>
			<object id="PHFTE76HQ4D2CLU">
				<int id="step">1</int>
				<int id="ts">1354932804</int>
			</object>
			<object id="PUVG4P4NOG83FO0">
				<int id="step">1</int>
				<int id="ts">1354933056</int>
			</object>
			<object id="PA9BOM42OVD28JC">
				<int id="step">2</int>
				<int id="ts">1354934510</int>
			</object>
			<object id="PIFB7QP3SH63DL7">
				<int id="step">3</int>
				<int id="ts">1354934515</int>
			</object>
			<object id="PUVFT2DM44G2VBP">
				<int id="step">1</int>
				<int id="ts">1354935136</int>
			</object>
			<object id="PUVFCSC45C937DP">
				<int id="step">1</int>
				<int id="ts">1354939429</int>
			</object>
			<object id="PM1DM7LBVA02ABN">
				<int id="step">2</int>
				<int id="ts">1354939449</int>
			</object>
			<object id="PUVU0H1NB7E3U57">
				<int id="step">3</int>
				<int id="ts">1354939454</int>
			</object>
			<object id="PUVF5CIS8UE2209">
				<int id="step">1</int>
				<int id="ts">1354945437</int>
			</object>
			<object id="PHF624MH10D2RFE">
				<int id="step">2</int>
				<int id="ts">1354945438</int>
			</object>
			<object id="PUVI9N9CSSI2JSM">
				<int id="step">1</int>
				<int id="ts">1354946014</int>
			</object>
			<object id="PHF3SVTUB3D2MGO">
				<int id="step">2</int>
				<int id="ts">1354946015</int>
			</object>
			<object id="PUVN67TRKMC3N0V">
				<int id="step">3</int>
				<int id="ts">1354946017</int>
			</object>
			<object id="PUV6JPAODNB3FOK">
				<int id="step">1</int>
				<int id="ts">1354949959</int>
			</object>
			<object id="PUV8ROTVQC93BP5">
				<int id="step">2</int>
				<int id="ts">1354950357</int>
			</object>
			<object id="PUVJGMGHIIA388B">
				<int id="step">1</int>
				<int id="ts">1354955520</int>
			</object>
			<object id="PUVUTSGV5JB37FB">
				<int id="step">2</int>
				<int id="ts">1354955523</int>
			</object>
			<object id="PA95UHHMLID28OO">
				<int id="step">3</int>
				<int id="ts">1354955532</int>
			</object>
			<object id="PUVN6CPQEC73TB0">
				<int id="step">1</int>
				<int id="ts">1354962209</int>
			</object>
			<object id="PHVKRTT1FM52HVG">
				<int id="step">2</int>
				<int id="ts">1354962211</int>
			</object>
			<object id="PA99P57G76E2KT7">
				<int id="step">1</int>
				<int id="ts">1354963246</int>
			</object>
			<object id="PUVFLODI6EL2FC5">
				<int id="step">2</int>
				<int id="ts">1354963250</int>
			</object>
			<object id="PUVG9BPQG5D221T">
				<int id="step">1</int>
				<int id="ts">1354963598</int>
			</object>
			<object id="PUV50NR5NV93OO1">
				<int id="step">1</int>
				<int id="ts">1354967026</int>
			</object>
			<object id="PHF11QGRI3D2KLQ">
				<int id="step">1</int>
				<int id="ts">1354968605</int>
			</object>
			<object id="PUVJ86DSLSM2BDC">
				<int id="step">1</int>
				<int id="ts">1354971580</int>
			</object>
			<object id="PDOQHB9V1AR2F84">
				<int id="step">2</int>
				<int id="ts">1354971583</int>
			</object>
			<object id="PUV4M2F46LL2DPA">
				<int id="step">1</int>
				<int id="ts">1354975603</int>
			</object>
			<object id="PUVC3QVT90H2E1H">
				<int id="step">1</int>
				<int id="ts">1354990297</int>
			</object>
			<object id="PUV8UJR6O7C3S6U">
				<int id="step">1</int>
				<int id="ts">1354990820</int>
			</object>
			<object id="PCR3M6A0A0N1KVG">
				<int id="step">1</int>
				<int id="ts">1354990826</int>
			</object>
			<object id="PUVR861LOJC33QV">
				<int id="step">1</int>
				<int id="ts">1354994638</int>
			</object>
			<object id="PUVKMVKGUCG2PM3">
				<int id="step">2</int>
				<int id="ts">1354994832</int>
			</object>
			<object id="PUV112Q33KC3BVF">
				<int id="step">1</int>
				<int id="ts">1354997966</int>
			</object>
			<object id="PUVIC40CG9D2V6M">
				<int id="step">1</int>
				<int id="ts">1354999727</int>
			</object>
			<object id="PHFMGAVRMAD2DGU">
				<int id="step">2</int>
				<int id="ts">1354999732</int>
			</object>
			<object id="PUV29EQBK5D2GI0">
				<int id="step">3</int>
				<int id="ts">1354999733</int>
			</object>
		</object>
	</object>
	<objrefs id="items">
		<objref tsid="IHF89F8PEL83LIH" label="Coin"/>
		<objref tsid="IHV4A7L2RH42HS3" label="Quoin"/>
		<objref tsid="IHV15BIQID6256S" label="Street Spirit"/>
		<objref tsid="IHV13S7V0F42A2L" label="Dirt Pile"/>
		<objref tsid="IHVLOKJ147B2FOU" label="Quest Spawner"/>
		<objref tsid="IDOSS8KNAJQ2H6B" label="Qurazy marker"/>
		<objref tsid="IHV142P11F4275G" label="Dirt Pile"/>
		<objref tsid="IHV46RO1RH420NL" label="Quoin"/>
		<objref tsid="IHF89E8PEL83LH1" label="Coin"/>
		<objref tsid="IHV144521F420Q3" label="Dirt Pile"/>
		<objref tsid="IHV45FB1RH42R2V" label="Quoin"/>
		<objref tsid="IHV141U01F42AJN" label="Shrine to Alph"/>
		<objref tsid="IHV48132RH42Q7J" label="Quoin"/>
		<objref tsid="IHF5S884BQE3O97" label="Egg Plant"/>
		<objref tsid="IHV13TMV0F426RP" label="Dirt Pile"/>
		<objref tsid="IHV48O92RH42LEN" label="Quoin"/>
		<objref tsid="IHV48G62RH429H9" label="Quoin"/>
	</objrefs>
	<objrefs id="players">
		<objref tsid="PUV7CLFGU5D2SRD" label="Azix"/>
		<objref tsid="PUV409KBEK93479" label="Ewereka"/>
		<objref tsid="PUVBQGUFF9D2MUS" label="Anna Keye"/>
		<objref tsid="PA9IEOPU6VD286O" label="Pechenye"/>
		<objref tsid="PUV747OH7LE27H1" label="The 11th Doctor"/>
		<objref tsid="PUVGMU4IO683OF6" label="Lemmie"/>
		<objref tsid="PUVRB0EUP683BK4" label="emmasaur"/>
		<objref tsid="PUVGV2KUU7D20SH" label="MorrisDew"/>
		<objref tsid="PHFHAQEH15D2FH4" label="flooky"/>
		<objref tsid="PUVFHFV74BF2CNM" label="Miss Mag"/>
		<objref tsid="PUV8I1U94VL2GEV" label="Cadorna Elindale"/>
		<objref tsid="PUVT65T0FVD34E5" label="Papagelos"/>
		<objref tsid="PHVAN48UQQA2H2I" label="Hydrazine"/>
		<objref tsid="PIFMJNIFKR533V3" label="Diego3Ke"/>
		<objref tsid="PUVPN8HTBNI248I" label="GlendaCute"/>
		<objref tsid="PHFK2E7EBCD29TH" label="Tomatte"/>
		<objref tsid="PHFTDN6L6FD22OR" label="Wenchman"/>
		<objref tsid="PHFAMOBV9ED2B14" label="Sporty Shorty"/>
		<objref tsid="PHFD86D7TAD2PDA" label="Callipygea"/>
		<objref tsid="PA9VR3LCNRD265R" label="Coffeerage"/>
		<objref tsid="PHFDRA1LEFD2MBV" label="Crudi"/>
		<objref tsid="PUVSMLSBAB83I44" label="Adolet"/>
		<objref tsid="PA95U62DKPD2KPK" label="Little Bo Burnham"/>
		<objref tsid="PDO76S95T1U22OU" label="LadyLigeia"/>
		<objref tsid="PUVSPL88GFP2H1I" label="InsomanicRena"/>
		<objref tsid="PUV34V31D0H27SJ" label="GlitchedMaster"/>
		<objref tsid="PUVMBALN70F277Q" label="Vavs"/>
		<objref tsid="PHFSF9MAA3D2RFJ" label="Zarf Monoid"/>
		<objref tsid="PUV1070BFFC32MQ" label="Acidline"/>
		<objref tsid="PUVKAKAF0PG21DJ" label="kittenmewmew"/>
		<objref tsid="PHFN2KVFK1D2UIM" label="Kefa"/>
		<objref tsid="PUVU2IG6Q9G22HJ" label="El Kabo the Unseen"/>
		<objref tsid="PHVM4UGDPPA2U86" label="Punkinberry"/>
		<objref tsid="PUV4QT928MB3D2R" label="Caelyn"/>
		<objref tsid="PUVSVUV6USI2F3P" label="maobao"/>
		<objref tsid="PUV988TBLB839A4" label="Meulin"/>
		<objref tsid="PUVC7IJTBF93UJ9" label="Jaza"/>
		<objref tsid="PHFGKCV4I2D2LRR" label="Larry Llama"/>
		<objref tsid="PUV6L2RJ19G2O3O" label="seagullette"/>
		<objref tsid="PUVAC42KDR93ADN" label="CricketJihad"/>
		<objref tsid="PUVMV9RH0S73SGA" label="Aaron5010"/>
		<objref tsid="PUV1AHV5O0G20IL" label="ShushMuffin"/>
		<objref tsid="PUVKA5VAV7D27Q5" label="horrivel"/>
		<objref tsid="PUVH1CBBLJF2CKS" label="Adroc the Destroyer"/>
		<objref tsid="PA9TURMLKID2HI5" label="Pine Siskin"/>
		<objref tsid="PIF5CQV04P53UBD" label="Reve"/>
		<objref tsid="PIFKB3R8QL534TA" label="Beadfairy"/>
	</objrefs>
</game_object>
