<game_object tsid="LCR111KI08O1HLB" ts="1364245756617" label="Langden Abbey" class_tsid="town" hubid="58" moteid="9" letime="3i0a45g6" rbtime="25h9u6j4" upd_gs="gs6" load_time="2013-03-25 13:58:38.000">
	<object id="dynamic">
		<int id="upgrade_level">3</int>
		<str id="upgrade_template">LLI16PL3GFJ15VP</str>
		<str id="template">LLI16PL3GFJ15VP</str>
		<bool id="jobs_is_locked">false</bool>
		<object id="loading_image">
			<str id="url">streets/2012-06-09/LCR111KI08O1HLB_loading_1339298004.jpg</str>
			<int id="w">840</int>
			<int id="h">160</int>
		</object>
		<object id="jobs">
			<object id="140">
				<object id="street_info">
					<int id="type">1</int>
					<int id="is_hidden">0</int>
					<object id="connecting_streets">
						<str id="0">LCR11DNA3EL10TD</str>
					</object>
				</object>
				<object id="class_ids">
					<object id="job_standard6_for_new_streets">
						<int id="in_order">1</int>
						<int id="delay_seconds">0</int>
						<str id="delay_text"></str>
						<str id="class_id">job_standard6_for_new_streets</str>
					</object>
				</object>
			</object>
			<object id="139">
				<object id="street_info">
					<int id="type">1</int>
					<int id="is_hidden">0</int>
				</object>
				<object id="class_ids">
					<object id="job_street_upgrade_1">
						<int id="in_order">1</int>
						<int id="delay_seconds">0</int>
						<str id="delay_text"></str>
						<objref id="instance" tsid="QCR120536AO1S1I"/>
						<str id="class_id">job_street_upgrade_1</str>
						<str id="label">Upgrade Langden Abbey To Level 1</str>
					</object>
				</object>
			</object>
			<object id="144">
				<object id="street_info">
					<int id="type">1</int>
					<int id="is_hidden">0</int>
					<int id="required_street_level">1</int>
				</object>
				<object id="class_ids">
					<object id="job_street_upgrade_2">
						<int id="in_order">1</int>
						<int id="delay_seconds">0</int>
						<str id="delay_text"></str>
						<objref id="instance" tsid="QCR121K46AO170U"/>
						<str id="class_id">job_street_upgrade_2</str>
						<str id="label">Upgrade Langden Abbey To Level 2</str>
					</object>
				</object>
			</object>
			<object id="152">
				<object id="street_info">
					<int id="type">1</int>
					<int id="is_hidden">0</int>
				</object>
				<object id="class_ids">
					<object id="job_street_upgrade_3">
						<int id="in_order">1</int>
						<int id="delay_seconds">0</int>
						<str id="delay_text"></str>
						<objref id="instance" tsid="QCR124PO6AO131R"/>
						<str id="class_id">job_street_upgrade_3</str>
						<str id="label">Upgrade Langden Abbey To Level 3</str>
					</object>
				</object>
			</object>
		</object>
		<object id="image">
			<str id="url">streets/2012-06-09/LCR111KI08O1HLB_main_1339298006.jpg</str>
			<int id="w">720</int>
			<int id="h">120</int>
		</object>
		<object id="action_requests">
		</object>
		<object id="rook_status">
			<bool id="rooked">false</bool>
		</object>
		<object id="delayed_sounds">
		</object>
		<object id="stun_orbs">
		</object>
		<object id="keys">
		</object>
		<str id="old_upgrade_tree">gm150</str>
		<object id="edit_history">
			<str id="1334179534">PIF5NL12S3D1BH3:Jade:locodeco-replace</str>
			<str id="1339297982">PIF5NL12S3D1BH3:Jade:locodeco-replace</str>
			<str id="1339298056">PIF5NL12S3D1BH3:Jade:locodeco-replace</str>
		</object>
		<object id="qurazy">
		</object>
		<object id="incantations">
			<object id="PUVVS958KF93KSJ">
				<int id="step">1</int>
				<int id="ts">1350436219</int>
			</object>
			<object id="PCRJNG7VCDV1MVM">
				<int id="step">1</int>
				<int id="ts">1350436399</int>
			</object>
			<object id="PUVTC1FB87934NS">
				<int id="step">1</int>
				<int id="ts">1350436840</int>
			</object>
			<object id="PHF7RE2505D2ILG">
				<int id="step">1</int>
				<int id="ts">1350437217</int>
			</object>
			<object id="PHVTIPH9I5A2DJI">
				<int id="step">2</int>
				<int id="ts">1350437218</int>
			</object>
			<object id="PIFQHNFJ1M634GJ">
				<int id="step">3</int>
				<int id="ts">1350437231</int>
			</object>
			<object id="PCRE15VHINS1RJI">
				<int id="step">1</int>
				<int id="ts">1350437362</int>
			</object>
			<object id="PUVPJIH5OGA3EL4">
				<int id="step">2</int>
				<int id="ts">1350437380</int>
			</object>
			<object id="PUVH4JOK59G2BM3">
				<int id="step">1</int>
				<int id="ts">1350437453</int>
			</object>
			<object id="PUVBFKGAR9G2SOQ">
				<int id="step">1</int>
				<int id="ts">1350437579</int>
			</object>
			<object id="PHF9FNI392D21TP">
				<int id="step">1</int>
				<int id="ts">1350437629</int>
			</object>
			<object id="PIFKV75KG163LL9">
				<int id="step">1</int>
				<int id="ts">1350437663</int>
			</object>
			<object id="PIFQ02JTJP536F9">
				<int id="step">2</int>
				<int id="ts">1350437669</int>
			</object>
			<object id="PIFGT09D8N53OPA">
				<int id="step">3</int>
				<int id="ts">1350437673</int>
			</object>
			<object id="PUVI45UO8LF292D">
				<int id="step">1</int>
				<int id="ts">1350437935</int>
			</object>
			<object id="PUVTHG227MB3KK8">
				<int id="step">2</int>
				<int id="ts">1350437952</int>
			</object>
			<object id="PUVLE608CNB3GA3">
				<int id="step">1</int>
				<int id="ts">1350438511</int>
			</object>
			<object id="PUV70B01CBG27J4">
				<int id="step">1</int>
				<int id="ts">1350439117</int>
			</object>
			<object id="PUVMD4ISJA93B18">
				<int id="step">2</int>
				<int id="ts">1350439602</int>
			</object>
			<object id="PHFUUK25CTC2CMM">
				<int id="step">1</int>
				<int id="ts">1350440179</int>
			</object>
			<object id="PHVR3SACH38205T">
				<int id="step">1</int>
				<int id="ts">1350441688</int>
			</object>
			<object id="PIFV8NHUC063V2D">
				<int id="step">2</int>
				<int id="ts">1350441695</int>
			</object>
			<object id="PIFB597LSS530B1">
				<int id="step">1</int>
				<int id="ts">1350442566</int>
			</object>
			<object id="PHF2VPV503D26FE">
				<int id="step">1</int>
				<int id="ts">1350443358</int>
			</object>
			<object id="PUVICMAK8SJ2MAS">
				<int id="step">2</int>
				<int id="ts">1350443361</int>
			</object>
			<object id="PHVA4KMGON72S7L">
				<int id="step">3</int>
				<int id="ts">1350443363</int>
			</object>
			<object id="PUVS5VR33483TPK">
				<int id="step">1</int>
				<int id="ts">1350444002</int>
			</object>
			<object id="PHF154A801D2A0H">
				<int id="step">1</int>
				<int id="ts">1350444991</int>
			</object>
			<object id="PUVG72OVNF93L6L">
				<int id="step">2</int>
				<int id="ts">1350445018</int>
			</object>
			<object id="PHVPD72CABA2UCJ">
				<int id="step">1</int>
				<int id="ts">1350445103</int>
			</object>
			<object id="PCRDMHR3NDO1FVT">
				<int id="step">2</int>
				<int id="ts">1350445104</int>
			</object>
			<object id="PA9NJ72CFKD2B40">
				<int id="step">3</int>
				<int id="ts">1350445106</int>
			</object>
			<object id="PIFSKN34E4D1JUL">
				<int id="step">1</int>
				<int id="ts">1350445423</int>
			</object>
			<object id="PDOD9O86IKT26I0">
				<int id="step">1</int>
				<int id="ts">1350445888</int>
			</object>
			<object id="PUVB2NLKMA83L4I">
				<int id="step">1</int>
				<int id="ts">1350447495</int>
			</object>
			<object id="PUVHN5UJ40B33BV">
				<int id="step">1</int>
				<int id="ts">1350447886</int>
			</object>
			<object id="PHV1RMA6M512IRQ">
				<int id="step">2</int>
				<int id="ts">1350447892</int>
			</object>
			<object id="PCRH9GALMUT1VSB">
				<int id="step">3</int>
				<int id="ts">1350447899</int>
			</object>
			<object id="PUVMQQRGT1A38Q5">
				<int id="step">1</int>
				<int id="ts">1350448303</int>
			</object>
			<object id="PHFDJEV6N2D2U7L">
				<int id="step">1</int>
				<int id="ts">1350449416</int>
			</object>
			<object id="PUVNJCEML7P2ES0">
				<int id="step">1</int>
				<int id="ts">1350449450</int>
			</object>
			<object id="PUVN8LR3HQ63GE4">
				<int id="step">1</int>
				<int id="ts">1350449595</int>
			</object>
			<object id="PHFCOIG9VTC2A2Q">
				<int id="step">1</int>
				<int id="ts">1350449903</int>
			</object>
			<object id="PIF1AB3PVG63M4B">
				<int id="step">2</int>
				<int id="ts">1350450355</int>
			</object>
			<object id="PHF9I9M891D271B">
				<int id="step">1</int>
				<int id="ts">1350451877</int>
			</object>
			<object id="PUVN8RFT0J73V4A">
				<int id="step">1</int>
				<int id="ts">1350452050</int>
			</object>
			<object id="PUVH8BKNG483KAK">
				<int id="step">1</int>
				<int id="ts">1350452068</int>
			</object>
			<object id="PUVV4633I983A05">
				<int id="step">2</int>
				<int id="ts">1350452070</int>
			</object>
			<object id="PUV7785IM1835GI">
				<int id="step">1</int>
				<int id="ts">1350452249</int>
			</object>
			<object id="PHFODCHB93D2L7K">
				<int id="step">1</int>
				<int id="ts">1350455363</int>
			</object>
			<object id="PUVGV2K6PBG24Q2">
				<int id="step">2</int>
				<int id="ts">1350455364</int>
			</object>
			<object id="PUVDSDIGE1A391G">
				<int id="step">3</int>
				<int id="ts">1350455365</int>
			</object>
			<object id="PHFL6F66UAD2Q0K">
				<int id="step">1</int>
				<int id="ts">1350455664</int>
			</object>
			<object id="PIFLF93LOD63T7I">
				<int id="step">1</int>
				<int id="ts">1350456168</int>
			</object>
			<object id="PIF9573ICE63AGC">
				<int id="step">2</int>
				<int id="ts">1350456171</int>
			</object>
			<object id="PM11J0LUK902GQV">
				<int id="step">1</int>
				<int id="ts">1350456308</int>
			</object>
			<object id="PHF9L3JP5BD2R6D">
				<int id="step">1</int>
				<int id="ts">1350458720</int>
			</object>
			<object id="PUV78NOA0G73MM9">
				<int id="step">2</int>
				<int id="ts">1350458722</int>
			</object>
			<object id="PA9QA8RBRPD22NK">
				<int id="step">3</int>
				<int id="ts">1350458723</int>
			</object>
			<object id="PHFCA0VG30D2LVR">
				<int id="step">1</int>
				<int id="ts">1350462421</int>
			</object>
			<object id="PUVT527JACG2A1Q">
				<int id="step">2</int>
				<int id="ts">1350462422</int>
			</object>
			<object id="PUVCAJTDPFH203K">
				<int id="step">3</int>
				<int id="ts">1350462423</int>
			</object>
			<object id="PUV7AN9J7483RAD">
				<int id="step">1</int>
				<int id="ts">1350463570</int>
			</object>
			<object id="PHFKSMF765D2A4C">
				<int id="step">2</int>
				<int id="ts">1350472707</int>
			</object>
			<object id="PHVNM0KT2B921LT">
				<int id="step">1</int>
				<int id="ts">1350472896</int>
			</object>
			<object id="PUVKF3K8M483LRV">
				<int id="step">1</int>
				<int id="ts">1350479442</int>
			</object>
			<object id="PUVTVHBGAB83HBI">
				<int id="step">2</int>
				<int id="ts">1350479444</int>
			</object>
			<object id="PHFT6U31UBD2A1I">
				<int id="step">3</int>
				<int id="ts">1350479445</int>
			</object>
			<object id="PUV2O7J6I9D207V">
				<int id="step">1</int>
				<int id="ts">1350482308</int>
			</object>
			<object id="PHFLC1SRO2D2KJP">
				<int id="step">1</int>
				<int id="ts">1350482728</int>
			</object>
			<object id="PUVRSDA9PIB3RNN">
				<int id="step">2</int>
				<int id="ts">1350484441</int>
			</object>
			<object id="PUVHAPU7VUE2B94">
				<int id="step">3</int>
				<int id="ts">1350484461</int>
			</object>
			<object id="PIF12MTPPQH5L">
				<int id="step">1</int>
				<int id="ts">1350486598</int>
			</object>
			<object id="PHV129UF5G32V98">
				<int id="step">2</int>
				<int id="ts">1350487297</int>
			</object>
			<object id="PHV6C84JR2821C3">
				<int id="step">1</int>
				<int id="ts">1350488304</int>
			</object>
			<object id="PA9VHKNCKQD2LUN">
				<int id="step">2</int>
				<int id="ts">1350488305</int>
			</object>
			<object id="PHF7GOMJS1D24NC">
				<int id="step">3</int>
				<int id="ts">1350488305</int>
			</object>
			<object id="PIF96KP89K53KRF">
				<int id="step">1</int>
				<int id="ts">1350488751</int>
			</object>
			<object id="PNVK4E8SE8E2NH0">
				<int id="step">1</int>
				<int id="ts">1350488839</int>
			</object>
			<object id="PHF43603F4D2I2C">
				<int id="step">1</int>
				<int id="ts">1350491549</int>
			</object>
			<object id="PHFGMBJBA4D21EG">
				<int id="step">2</int>
				<int id="ts">1350491828</int>
			</object>
			<object id="PUVUCJ1BR4A3NOC">
				<int id="step">1</int>
				<int id="ts">1350492822</int>
			</object>
			<object id="PHFIS28II2D239P">
				<int id="step">1</int>
				<int id="ts">1350493795</int>
			</object>
			<object id="PUVHO6AR0KB3BD2">
				<int id="step">2</int>
				<int id="ts">1350493795</int>
			</object>
			<object id="PHFOOG9DL1D2M0S">
				<int id="step">3</int>
				<int id="ts">1350493796</int>
			</object>
			<object id="PA93VP2554E2H3R">
				<int id="step">1</int>
				<int id="ts">1350496095</int>
			</object>
			<object id="PA9F3EHI36E2JIG">
				<int id="step">2</int>
				<int id="ts">1350496097</int>
			</object>
			<object id="PUVFQGQET5A3HAV">
				<int id="step">3</int>
				<int id="ts">1350496098</int>
			</object>
			<object id="PUVA82F85D73SQ2">
				<int id="step">1</int>
				<int id="ts">1350497141</int>
			</object>
			<object id="PUV8ROTVQC93BP5">
				<int id="step">2</int>
				<int id="ts">1350497659</int>
			</object>
			<object id="PUVBTTFKSVE2QNB">
				<int id="step">1</int>
				<int id="ts">1350498459</int>
			</object>
			<object id="PHF1NIIAP1D2RI3">
				<int id="step">1</int>
				<int id="ts">1350498882</int>
			</object>
			<object id="PHVUL3BGS3A2DQO">
				<int id="step">2</int>
				<int id="ts">1350498889</int>
			</object>
			<object id="PHFFIBQRICD28H9">
				<int id="step">3</int>
				<int id="ts">1350501100</int>
			</object>
			<object id="PUV1J3A7QIH2TFF">
				<int id="step">1</int>
				<int id="ts">1350504325</int>
			</object>
			<object id="PUVVPQ3V7KA3DCO">
				<int id="step">2</int>
				<int id="ts">1350504699</int>
			</object>
			<object id="PIFG7LQVTG6356J">
				<int id="step">1</int>
				<int id="ts">1350506205</int>
			</object>
			<object id="PUVSHRPB27G21GO">
				<int id="step">1</int>
				<int id="ts">1350507030</int>
			</object>
			<object id="PUVUTSGV5JB37FB">
				<int id="step">1</int>
				<int id="ts">1350507099</int>
			</object>
			<object id="PUVF9LL0KDE209S">
				<int id="step">1</int>
				<int id="ts">1350507687</int>
			</object>
			<object id="PUVTNI1FJH93NPE">
				<int id="step">1</int>
				<int id="ts">1350508495</int>
			</object>
			<object id="PHVK2FSFOT22C3I">
				<int id="step">1</int>
				<int id="ts">1350508553</int>
			</object>
			<object id="PUV6IQVVOKB3TI3">
				<int id="step">1</int>
				<int id="ts">1350509004</int>
			</object>
			<object id="PHF7NSKA3AD2PU5">
				<int id="step">1</int>
				<int id="ts">1350509315</int>
			</object>
			<object id="PUVEV4TIGDE2EJG">
				<int id="step">1</int>
				<int id="ts">1350509976</int>
			</object>
			<object id="PA9U8326U8I29KM">
				<int id="step">2</int>
				<int id="ts">1350509979</int>
			</object>
			<object id="PUVJ9R0NOAJ23LH">
				<int id="step">3</int>
				<int id="ts">1350509980</int>
			</object>
			<object id="PUVFUD1UJRE26GD">
				<int id="step">1</int>
				<int id="ts">1350512578</int>
			</object>
			<object id="PUVT97ESA7D2MN0">
				<int id="step">1</int>
				<int id="ts">1350512874</int>
			</object>
			<object id="PHFAM2DUH4D23RG">
				<int id="step">1</int>
				<int id="ts">1350513990</int>
			</object>
			<object id="PCRGJNCNF0U1VCE">
				<int id="step">1</int>
				<int id="ts">1350515025</int>
			</object>
			<object id="PUVFLODI6EL2FC5">
				<int id="step">2</int>
				<int id="ts">1350515026</int>
			</object>
			<object id="PCR101KU5UP1EAG">
				<int id="step">3</int>
				<int id="ts">1350515028</int>
			</object>
			<object id="PHVSCM4AFS627EF">
				<int id="step">1</int>
				<int id="ts">1350515134</int>
			</object>
			<object id="PIFCOFRPRO53K91">
				<int id="step">1</int>
				<int id="ts">1350515930</int>
			</object>
			<object id="PUVI4EDKGAJ207T">
				<int id="step">2</int>
				<int id="ts">1350516072</int>
			</object>
			<object id="PUV19GCAVGE2KI9">
				<int id="step">1</int>
				<int id="ts">1350516081</int>
			</object>
			<object id="PUVEKDKR79839P1">
				<int id="step">2</int>
				<int id="ts">1350516083</int>
			</object>
			<object id="PHVP2R52TKB2HHK">
				<int id="step">3</int>
				<int id="ts">1350516084</int>
			</object>
			<object id="PHF20O01HRC21FP">
				<int id="step">1</int>
				<int id="ts">1350517587</int>
			</object>
			<object id="PHFM0PHNTUC2S8E">
				<int id="step">1</int>
				<int id="ts">1350518424</int>
			</object>
			<object id="PDOL4F1IM8R26LN">
				<int id="step">2</int>
				<int id="ts">1350518430</int>
			</object>
			<object id="PUVLFPT60BB3COT">
				<int id="step">1</int>
				<int id="ts">1350518712</int>
			</object>
			<object id="PUVS0VLJ9G93E96">
				<int id="step">2</int>
				<int id="ts">1350518713</int>
			</object>
			<object id="PHV5G682DP82HK9">
				<int id="step">3</int>
				<int id="ts">1350518715</int>
			</object>
			<object id="PUVFDNPQBFF2FLN">
				<int id="step">1</int>
				<int id="ts">1350520371</int>
			</object>
			<object id="PUVERCUHFK93090">
				<int id="step">2</int>
				<int id="ts">1350520921</int>
			</object>
			<object id="PUVEGG4T2FG2UCD">
				<int id="step">1</int>
				<int id="ts">1350521262</int>
			</object>
			<object id="PHF91JD8M2D2EAU">
				<int id="step">2</int>
				<int id="ts">1350521846</int>
			</object>
			<object id="PUV4QBL03D9394L">
				<int id="step">1</int>
				<int id="ts">1354914264</int>
			</object>
			<object id="PHFPBUKK93D26VU">
				<int id="step">1</int>
				<int id="ts">1354914876</int>
			</object>
			<object id="PUVU0H1NB7E3U57">
				<int id="step">2</int>
				<int id="ts">1354914878</int>
			</object>
			<object id="PUV7DBINAS73IFR">
				<int id="step">3</int>
				<int id="ts">1354914885</int>
			</object>
			<object id="PCRE9GAUINS1F64">
				<int id="step">1</int>
				<int id="ts">1354915976</int>
			</object>
			<object id="PCRAFRDJFUT1PGB">
				<int id="step">2</int>
				<int id="ts">1354915977</int>
			</object>
			<object id="PUVNCT5TL5D2BB4">
				<int id="step">3</int>
				<int id="ts">1354915982</int>
			</object>
		</object>
		<object id="emotes">
			<object id="25-05-26">
				<int id="PA9AAQRSQ1E2VC8">1351271319</int>
				<int id="PUVN01KGTTF2OOC">1351271582</int>
				<int id="PUV7DBINAS73IFR">1351271678</int>
				<int id="PUVAMOV6GLB312J">1351271698</int>
				<int id="PHF2VPV503D26FE">1351271915</int>
				<int id="PCRNH6RCVNS1072">1351271916</int>
				<int id="PUV4I22BOHG20KB">1351271938</int>
				<int id="PUV7AN9J7483RAD">1351272083</int>
				<int id="PUVA2RGKSPK263G">1351272268</int>
				<int id="PUVJSKMEME93KQD">1351272309</int>
				<int id="PUV473G116D2GUS">1351272368</int>
				<int id="PHFJ325470D2H70">1351272370</int>
				<int id="PUVDH6PNO9G2H6L">1351272417</int>
				<int id="PUV2FJ85U993DDV">1351272574</int>
				<int id="PUVSVMTPFIJ2M6B">1351272578</int>
				<int id="PHFKGTOEK4D24VC">1351272612</int>
				<int id="PUV2QJOJLQ63INJ">1351272620</int>
				<int id="PUVQEFLSU9C3SN2">1351272625</int>
				<int id="PCRD007C83N19S4">1351272782</int>
				<int id="PA9GNHK5C0E23D8">1351272783</int>
				<int id="PHFKVVPRI2D2CGO">1351272795</int>
				<int id="PCRE15VHINS1RJI">1351273142</int>
				<int id="PUVSRKDKT993SB7">1351273153</int>
				<int id="PHVV591MRV524E4">1351273154</int>
				<int id="PA9K8H9L9RD2ISS">1351273158</int>
				<int id="PUVBJ5MA9VA36PP">1351273272</int>
				<int id="PUVS00IIIJ932CP">1351273368</int>
				<int id="PUVBUB7PT9E2HLL">1351273368</int>
				<int id="PUVEC3IR9MB3PHK">1351273434</int>
				<int id="PA9K4D8K8MD27JH">1351273449</int>
				<int id="PUVQSKCT62F29GL">1351273519</int>
				<int id="PHVEAEQ55F72KLU">1351273524</int>
				<int id="PHVGU398LM52OEL">1351273551</int>
				<int id="PUVEKO5CFNH2BLE">1351273619</int>
				<int id="PUVRSHGF4IQ21VO">1351273667</int>
				<int id="PIFSMKNBOG63N0R">1351273725</int>
				<int id="PCR14AIGQJO1V4O">1351273726</int>
				<int id="PUVJHQ3QV6C3SEQ">1351273726</int>
				<int id="PUV91D8F1NB3VMH">1351273748</int>
				<int id="PCR6L4VMU3N1H72">1351273783</int>
				<int id="PUVQLUPAAVB3G4Q">1351273818</int>
				<int id="PCR4R99KAUT1JQ7">1351273820</int>
				<int id="PUV49PF4QVF2OMB">1351274016</int>
				<int id="PUVH597T7DC32E1">1351274044</int>
				<int id="PA9TLH9T15E2EVD">1351274064</int>
				<int id="PHV3SOHNMB52ELG">1351274080</int>
				<int id="PUVJU69IKJC3BOE">1351274185</int>
				<int id="PUV750ROV3C3V32">1351274318</int>
				<int id="PCR1B40C2RL1V0V">1351274318</int>
				<int id="PA984LGOCKD26UK">1351274844</int>
				<int id="PHFVJO6A4BD2VKU">1351274845</int>
				<int id="PUVOV284NNA3T07">1351274911</int>
				<int id="PHVR0962PO02QFU">1351274943</int>
				<int id="PHFINSK9JCD29H5">1351275201</int>
				<int id="PUVNP7L5BQ937N8">1351275359</int>
				<int id="PCR42DQMSCV1P9O">1351275478</int>
				<int id="PUV77FCFC8N26V4">1351275479</int>
				<int id="PHFESC8FE1D211V">1351275560</int>
				<int id="PHVKV68PC4A2ASU">1351275611</int>
				<int id="PUVHQ4O5C7D2953">1351275628</int>
				<int id="PHFU73UKQ2D2SH5">1351275645</int>
				<int id="PHFUEM2NQ4D2BA4">1351275670</int>
				<int id="PHF6Q76POED2L4A">1351275726</int>
				<int id="PM13FQ40B60241T">1351275729</int>
				<int id="PA9PPLUHPJD24UQ">1351275737</int>
				<int id="PCR4KMJVCAO1OQ7">1351275815</int>
				<int id="PUV6M92FD0H2KGM">1351275912</int>
				<int id="PUVP8I9JKEC3VHE">1351275949</int>
				<int id="PUVS0VLJ9G93E96">1351275950</int>
				<int id="PUV13H7I2OA3SER">1351277173</int>
				<int id="PHFK48ANI2D2F12">1351277281</int>
				<int id="PUV771P9IME25MS">1351277284</int>
				<int id="PUVD4DHLMQ63C16">1351277295</int>
				<int id="PIF6FQ8JCE21N4B">1351277298</int>
				<int id="PUVFEHU904J2T3U">1351277326</int>
				<int id="PA9VHKNCKQD2LUN">1351277404</int>
				<int id="PUV6C087F3C3KKN">1351277458</int>
				<int id="PUVE2C8P6PG2RA3">1351277724</int>
				<int id="PHFKA411RVC22P0">1351277800</int>
				<int id="PUVVFBRVAF936V8">1351278239</int>
				<int id="PUVFDC083PE2F30">1351278275</int>
				<int id="PHV3J76JGS62RF5">1351278403</int>
				<int id="PCR44OG2AUT12IH">1351278429</int>
				<int id="PUV5J9CJOTE26LL">1351278452</int>
				<int id="PHFGJ20K02D2C6J">1351278465</int>
				<int id="PUVL6USMVQB3NCF">1351278497</int>
				<int id="PCRE77SPB0U14V3">1351279632</int>
				<int id="PHV129UF5G32V98">1351279633</int>
				<int id="PUVU760TM4H2155">1351279664</int>
				<int id="PHV4GARNOH829R0">1351279726</int>
				<int id="PDO2V71MMAR2SER">1351279727</int>
				<int id="PUVSIIO6L9D2OBN">1351279730</int>
				<int id="PUVHCH6SH3A30DK">1351279869</int>
				<int id="PHFA302213D2GRI">1351280056</int>
				<int id="PHF5OTALG4D2QME">1351280125</int>
				<int id="PUVS2JC7BKB37II">1351280134</int>
				<int id="PUVAQ5O39JA35P0">1351280150</int>
				<int id="PIF9R57T8P53I85">1351280163</int>
				<int id="PHVABLN44H22DKA">1351280349</int>
				<int id="PUVISC96IQ83HJT">1351280392</int>
				<int id="PUV9IQOTQH931R1">1351280829</int>
				<int id="PUV2KCFCITG2H3Q">1351280835</int>
				<int id="PHFG6RUSF1D2GQU">1351281758</int>
				<int id="PM110TOUEB02TGO">1351281773</int>
				<int id="PIF82R4LQF01ISK">1351281866</int>
				<int id="PCRK8DVCPHV1A44">1351282111</int>
				<int id="PUVDS38PNF93JF4">1351282112</int>
				<int id="PIF17RS00KKUSJ">1351282116</int>
				<int id="PCRVKO1CTGV1S99">1351282136</int>
				<int id="PHVNM0KT2B921LT">1351282177</int>
				<int id="PUV6CUQICFC3A75">1351282691</int>
				<int id="PHFLMIVO2UC2HK7">1351282792</int>
				<int id="PHV6C84JR2821C3">1351283095</int>
				<int id="PUVUFSA7CTH254G">1351283101</int>
				<int id="PCRHFVUMNNS11OP">1351283112</int>
				<int id="PUV6OIGRG9C3JLA">1351283924</int>
				<int id="PHFLE9R8TUC2MHR">1351284097</int>
				<int id="PUVHT82E1AP2E7H">1351284558</int>
				<int id="PCR7T82R11K14AP">1351284617</int>
				<int id="PUV9ME0E8HB3I12">1351285104</int>
			</object>
			<object id="25-05-27">
				<int id="PUV8PBHEH5K2E9N">1351285622</int>
				<int id="PCR4KMJVCAO1OQ7">1351285623</int>
				<int id="PUVCC56TLB7395A">1351285685</int>
				<int id="PUV39DUPENE2ATB">1351285890</int>
				<int id="PUV48P9E7VB3BB9">1351285891</int>
				<int id="PUV6QB9A35C31SG">1351286261</int>
				<int id="PUVIB6F3R6D28O1">1351286334</int>
				<int id="PHVH3D3KFJ92PUJ">1351286340</int>
				<int id="PCR44OG2AUT12IH">1351286550</int>
				<int id="PUV4MAIL2873TVV">1351286554</int>
				<int id="PHV44MT5SE729HK">1351286565</int>
				<int id="PHV336U8K792MR4">1351286609</int>
				<int id="PHF2CSR1OCD2E6B">1351286612</int>
				<int id="PCRIMC1IPNS1PKK">1351286664</int>
				<int id="PA9PPLUHPJD24UQ">1351286722</int>
				<int id="PA919M9204E2I4C">1351287199</int>
				<int id="PUVTEISFLLB38P4">1351287201</int>
				<int id="PHV7FR190MB2I9S">1351287234</int>
				<int id="PUVCUCM4C8D2PLF">1351287273</int>
				<int id="PA95OL41KGD267A">1351287412</int>
				<int id="PUVII91M9DH2QVN">1351287427</int>
				<int id="PHFIN187QVC224H">1351287438</int>
				<int id="PUVILRU9JF93UUO">1351288386</int>
				<int id="PHVIBHO8RN02DFH">1351288404</int>
				<int id="PCR9E5GQJSM1GDF">1351288590</int>
				<int id="PUVHT82E1AP2E7H">1351288793</int>
				<int id="PHFPPJFJTVC2RK0">1351289330</int>
				<int id="PUV95LJVTHF26QI">1351289330</int>
				<int id="PA9KQKS9Q6E2LCJ">1351289863</int>
				<int id="PUV384FRQ4B3RPN">1351289864</int>
				<int id="PHV7MNV1VO62BC4">1351289931</int>
				<int id="PHV1J1D0OB92FPP">1351290788</int>
				<int id="PUVG6IV8J5F28N1">1351290790</int>
				<int id="PUV3KH2MQSB3LR9">1351290885</int>
				<int id="PHVFEI2BI3A2VEB">1351290886</int>
				<int id="PUV8726GUNH2L21">1351290893</int>
				<int id="PUVBIORRBF93J9R">1351291854</int>
				<int id="PUVFPTBQU7D2GI3">1351291854</int>
				<int id="PUVJU69IKJC3BOE">1351291977</int>
				<int id="PUVV5HJ6RD93NIJ">1351291980</int>
				<int id="PUVE2C8P6PG2RA3">1351292037</int>
				<int id="PUV2EGMNAHS2OQC">1351292083</int>
				<int id="PHV64IE9NF82R1H">1351292086</int>
				<int id="PUVP5UD3C9G2JBI">1351292189</int>
				<int id="PUVTTIURKLC3B30">1351292303</int>
				<int id="PHV2N3G3AF825OC">1351292585</int>
				<int id="PHFK5DVI8DD22EP">1351293717</int>
				<int id="PHFVB7UGK2D283T">1351293825</int>
				<int id="PUVDVQE3LBC3KFR">1351293834</int>
				<int id="PUVRE4886UF2224">1351293853</int>
				<int id="PUV19VMMNC93GKF">1351294977</int>
				<int id="PHF192Q2E4D200I">1351294978</int>
				<int id="PUVNJCEML7P2ES0">1351295004</int>
				<int id="PUVHPAD7L5N292B">1351295896</int>
				<int id="PHFK48ANI2D2F12">1351295898</int>
				<int id="PCRGJNCNF0U1VCE">1351295904</int>
				<int id="PHV743NBODC2PRG">1351295999</int>
				<int id="PUVFR38J3UI26C5">1351296001</int>
				<int id="PUVHOL349JJ22U4">1351296006</int>
				<int id="PHF624MH10D2RFE">1351296525</int>
				<int id="PUVFBDCTH1G2UH9">1351297508</int>
				<int id="PCR4U07B1UJ1FBQ">1351297508</int>
				<int id="PA9SGIV1AUD2PNL">1351298012</int>
				<int id="PUV111PD2AC3RM6">1351298019</int>
				<int id="PHFKA411RVC22P0">1351298057</int>
				<int id="PHVINVIN7792C8I">1351298078</int>
				<int id="PIFPA79J3N53E40">1351298141</int>
				<int id="PHFEKECS94D2STE">1351298272</int>
				<int id="PIF5NL12S3D1BH3">1351298386</int>
				<int id="PUVQMCE3D9D2K8E">1351298422</int>
				<int id="PA9EH9EPF4E2HEF">1351298445</int>
				<int id="PCRSVJC3CFV19J7">1351298490</int>
			</object>
			<object id="25-05-28">
				<int id="PUVQC85P4U73FTO">1351299852</int>
				<int id="PUVG6IV8J5F28N1">1351299882</int>
				<int id="PHVVO70T9S62CQJ">1351300295</int>
				<int id="PCR7T82R11K14AP">1351300557</int>
				<int id="PUVKI6O4OCC30P5">1351300557</int>
				<int id="PIF9R57T8P53I85">1351300936</int>
				<int id="PUVJU69IKJC3BOE">1351300937</int>
				<int id="PIFKV75KG163LL9">1351301325</int>
				<int id="PUVC77TNAEC356A">1351301359</int>
				<int id="PHF624MH10D2RFE">1351301866</int>
				<int id="PUVP5UD3C9G2JBI">1351302146</int>
				<int id="PA9SEU1KQ5E2M49">1351302150</int>
				<int id="PIF4AHJ8CR53BDF">1351302287</int>
				<int id="PCRNH6RCVNS1072">1351302293</int>
				<int id="PHF1VMDO9DD2AK3">1351302322</int>
				<int id="PHVVO7CASCB21O5">1351302655</int>
				<int id="PA9ADGI5MND20Q0">1351302657</int>
				<int id="PUVR7DBV7JG2E14">1351304713</int>
				<int id="PUVC1JELAKC3R33">1351304714</int>
				<int id="PHF76FGJ7FD2QP4">1351304715</int>
				<int id="PUVV32CJNBC3NRD">1351305160</int>
				<int id="PUVVH2I5C8F2F9E">1351305189</int>
				<int id="PIF1AB3PVG63M4B">1351305193</int>
				<int id="PCRC6VPO4DV199B">1351305314</int>
				<int id="PHVVGEUKEA52530">1351305337</int>
				<int id="PUVO7EKBSC93K41">1351305670</int>
				<int id="PCR42DQMSCV1P9O">1351305676</int>
				<int id="PUV7PU7B5JH2OP2">1351306047</int>
				<int id="PUV6KRQBN7D2IKA">1351306049</int>
				<int id="PUV9V6FRA8C3J0T">1351306151</int>
				<int id="PHV3J76JGS62RF5">1351306158</int>
				<int id="PHFLMIVO2UC2HK7">1351306162</int>
				<int id="PUVRO6CA60I2RT3">1351306203</int>
				<int id="PCR101KU5UP1EAG">1351306227</int>
				<int id="PHV7MNV1VO62BC4">1351306359</int>
				<int id="PA9PPLUHPJD24UQ">1351306937</int>
				<int id="PHV47UC3OL72KBN">1351307445</int>
				<int id="PM1AT9Q3K502RPF">1351307563</int>
				<int id="PCRDBVC21JL12OL">1351307823</int>
				<int id="PHFP13C56FD2BL8">1351307908</int>
				<int id="PCRIELI3PNS1E5L">1351308978</int>
				<int id="PUV5FLF16L935CN">1351308987</int>
				<int id="PHFINSK9JCD29H5">1351309243</int>
				<int id="PCR14AIGQJO1V4O">1351310009</int>
				<int id="PUV1D62CP6D2M64">1351310172</int>
				<int id="PUV2IHARV7F2GRE">1351310683</int>
				<int id="PHVT7Q4O4O0236A">1351311137</int>
				<int id="PCRDFPF4INS1J1N">1351311219</int>
				<int id="PCRE9GAUINS1F64">1351311498</int>
				<int id="PUV2T1MGQ9G2B9J">1351311559</int>
				<int id="PUVSGG1ULJE2EBJ">1351312867</int>
			</object>
			<object id="25-05-29">
				<int id="PHV4CH2GBG82DBC">1351315514</int>
				<int id="PHFKH28R6CD2FRJ">1351315520</int>
				<int id="PHF20O01HRC21FP">1351315802</int>
				<int id="PM11J0LUK902GQV">1351315933</int>
				<int id="PHFJVIL04RC2ULD">1351316317</int>
				<int id="PUV5J9CJOTE26LL">1351316319</int>
				<int id="PHVO66M3K3A2N7R">1351316882</int>
				<int id="PUV8GAJPDAC38MT">1351316882</int>
				<int id="PUVFQDGJS5D2KP6">1351318231</int>
				<int id="PUVM586HP7C35NG">1351318232</int>
				<int id="PHVKC1MCF792I7I">1351318422</int>
				<int id="PUVNJCEML7P2ES0">1351318752</int>
				<int id="PUV4DE6TGQB3AE8">1351319095</int>
				<int id="PUVN43KAO6D2EQU">1351319333</int>
				<int id="PIF3OCMOP251AKC">1351320099</int>
				<int id="PUVSBITHB7I24U6">1351320130</int>
				<int id="PA984LGOCKD26UK">1351320715</int>
				<int id="PIFUFPSQ4J63MC2">1351320787</int>
				<int id="PHF624MH10D2RFE">1351321311</int>
				<int id="PUVCNHA3SRA3DSU">1351321802</int>
				<int id="PUVKTS44N2C3KDO">1351323130</int>
				<int id="PHVEQLLACJ32T3A">1351323792</int>
				<int id="PUVOQGDCFTH21UN">1351325581</int>
				<int id="PA96LR4D8CI2CCO">1351325779</int>
				<int id="PUVU3OIE4UE2U9S">1351325779</int>
			</object>
			<object id="25-05-30">
				<int id="PUVG4MMHQEC3K5I">1351331383</int>
				<int id="PUVUCKR0LKB3IN1">1351334282</int>
				<int id="PCR4KMJVCAO1OQ7">1351338583</int>
				<int id="PUV5FLF16L935CN">1351339489</int>
				<int id="PUVUEFJABRG2LND">1351341497</int>
				<int id="PCRICS10PNS1LHA">1351341922</int>
				<int id="PUVG9QRETKH25QB">1351342492</int>
				<int id="PCRIELI3PNS1E5L">1351342633</int>
				<int id="PCROM6AT0OS14BM">1351342797</int>
			</object>
			<object id="25-05-31">
				<int id="PUVJGMGHIIA388B">1351343678</int>
				<int id="PA9K4D8K8MD27JH">1351344028</int>
				<int id="PUV3BSFB8683J6F">1351344350</int>
				<int id="PUVJU69IKJC3BOE">1351344592</int>
				<int id="PUV334M99H83606">1351344606</int>
				<int id="PCRE2VRLINS18V4">1351346277</int>
				<int id="PUV5U05UFFC3152">1351347153</int>
				<int id="PHVSOLK71682QVK">1351347154</int>
				<int id="PDO95R1QA2R2RJG">1351347158</int>
				<int id="PHVE5USE9P62UL5">1351349120</int>
				<int id="PUVFDPFU2IC3M94">1351349120</int>
				<int id="PUVARN7AG3C3M4T">1351350035</int>
				<int id="PCRMKIMIUNS1S1G">1351350035</int>
				<int id="PHF43603F4D2I2C">1351350692</int>
				<int id="PUVG9VDGPRE2FJ3">1351350693</int>
				<int id="PHFP7684P3D2ATH">1351352776</int>
				<int id="PCREFFQ3JNS15CM">1351352977</int>
				<int id="PUVMS9VOKLB35UB">1351352978</int>
				<int id="PUV766GM4TE2A3Q">1351353058</int>
				<int id="PUVNL8P6R7F26RP">1351354427</int>
				<int id="PA9E1LMNLSD2EOO">1351354976</int>
				<int id="PUVPSJ7IMOI2QVU">1351354977</int>
				<int id="PUVFR38J3UI26C5">1351356191</int>
				<int id="PUV1QK9Q61C3SF8">1351356193</int>
			</object>
			<object id="25-05-32">
			</object>
			<object id="25-05-33">
			</object>
			<object id="25-05-34">
			</object>
			<object id="25-05-37">
			</object>
			<object id="25-05-38">
			</object>
			<object id="25-05-39">
			</object>
			<object id="25-05-40">
			</object>
		</object>
		<object id="streaking_increments">
			<object id="25-07-08">
				<int id="PUVCGISE9MB3TH2">1352337941</int>
				<int id="PUVDRHOGR9G26PU">1352338092</int>
				<int id="PUVFQDGJS5D2KP6">1352338134</int>
				<int id="PHVERIL4RP626NI">1352338137</int>
				<int id="PHVVO7CASCB21O5">1352338147</int>
				<int id="PA9JM8MCJKD21BM">1352338254</int>
				<int id="PUV22S2QJIF2GFM">1352338268</int>
				<int id="PUVI4EDKGAJ207T">1352338337</int>
				<int id="PUV6M92FD0H2KGM">1352338391</int>
				<int id="PA9JU3J1S1E2OQH">1352338525</int>
				<int id="PUVG6IV8J5F28N1">1352338529</int>
				<int id="PUVCGSD5SHI2CS0">1352338583</int>
				<int id="PHV2N3G3AF825OC">1352338639</int>
				<int id="PUVQLJ8LIDD35J2">1352338684</int>
				<int id="PHFPBUKK93D26VU">1352338716</int>
				<int id="PUV597GK3RC3SCU">1352338739</int>
				<int id="PUVJMUGHVLN2761">1352338882</int>
				<int id="PCRNTG9RVNS1O4I">1352338890</int>
				<int id="PUV1MD34M9C315H">1352339015</int>
				<int id="PUVNQPF8V793A3I">1352339221</int>
				<int id="PUVMBM6UPP732P9">1352339242</int>
				<int id="PUV7RPO3O7C3HHP">1352339288</int>
				<int id="PCRJNG7VCDV1MVM">1352339379</int>
				<int id="PCRT0VFI6OS14VF">1352339486</int>
				<int id="PUV8SBMSATQ2RSI">1352339585</int>
				<int id="PUVEHJQG89N2LRV">1352339716</int>
				<int id="PHFGMBJBA4D21EG">1352339731</int>
				<int id="PUVRPFMR7A93S58">1352339844</int>
				<int id="PUV7HG7UG9C35EM">1352340161</int>
				<int id="PUVO4DC282A3502">1352340169</int>
				<int id="PHVERH6QNU621I8">1352340238</int>
				<int id="PUVNK0QP52936BH">1352340314</int>
				<int id="PHFIS28II2D239P">1352340447</int>
				<int id="PA9KQKS9Q6E2LCJ">1352340660</int>
				<int id="PUVTARTIND830E8">1352340690</int>
				<int id="PUV7K08N17C36FO">1352340871</int>
				<int id="PUVNQ0KFSGB3BTA">1352340903</int>
				<int id="PUV88HJU7OB3B8Q">1352341074</int>
				<int id="PUV5LK3PK7C3F93">1352341190</int>
				<int id="PHV8FFNSUB9254U">1352341201</int>
				<int id="PHFKVVPRI2D2CGO">1352341391</int>
				<int id="PHFFO3VALUC2TAP">1352341744</int>
				<int id="PUVAKHID8B839A6">1352341811</int>
				<int id="PUVH5K5FGJA3TQU">1352341883</int>
				<int id="PUV6ERH6FUC3QJM">1352341960</int>
				<int id="PUVQEFLSU9C3SN2">1352342003</int>
				<int id="PUVKO81C8JC37NG">1352342033</int>
				<int id="PUVUMCDF3VC38C9">1352342051</int>
				<int id="PHVPL6K28F7295D">1352342351</int>
				<int id="PUV682PVF5D23FH">1352342493</int>
				<int id="PUVSLPFE06D2FMT">1352343087</int>
				<int id="PUVP5UD3C9G2JBI">1352343321</int>
				<int id="PUV2PCFUPSF2NBE">1352343548</int>
				<int id="PCRG9CKLLNS1KTS">1352343889</int>
				<int id="PHFM0PHNTUC2S8E">1352344166</int>
				<int id="PA92MJIOKQD2IMA">1352344171</int>
				<int id="PUVFDC083PE2F30">1352344502</int>
				<int id="PHF624MH10D2RFE">1352344686</int>
				<int id="PUVVH2I5C8F2F9E">1352344769</int>
				<int id="PUVOQVJ074A3F6S">1352344797</int>
				<int id="PUVEBH3OUV93KUL">1352344938</int>
				<int id="PHV129UF5G32V98">1352344971</int>
				<int id="PUV89GGJIEC3P2I">1352345022</int>
				<int id="PA9TIP55P1E2QDL">1352345080</int>
				<int id="PA98EALDUKD2CR9">1352345087</int>
				<int id="PUV98URITEE2A67">1352345763</int>
				<int id="PCRAFRDJFUT1PGB">1352345862</int>
				<int id="PUVH3TQBJS63O8M">1352345918</int>
				<int id="PA9QA8RBRPD22NK">1352346013</int>
				<int id="PUVMULPHU9C3I2F">1352346259</int>
				<int id="PUV3UVBHPJC31JM">1352346326</int>
				<int id="PHFINSK9JCD29H5">1352346877</int>
				<int id="PA9N1FRNSFD2UKI">1352347025</int>
				<int id="PUVBUB7PT9E2HLL">1352347163</int>
				<int id="PCR45R93AUT1EMH">1352347429</int>
				<int id="PUVL6SNU4FC3EBM">1352347475</int>
				<int id="PUVUIJROI5D3C91">1352347545</int>
				<int id="PUVQG3VUCFG2LHH">1352347560</int>
				<int id="PUVAE6KTHG73HCU">1352347752</int>
				<int id="PHVG2J362992RNS">1352347791</int>
				<int id="PM1B73SDG602CVK">1352347791</int>
				<int id="PIFGCNAO5663GCP">1352348155</int>
				<int id="PIFCOFRPRO53K91">1352348401</int>
				<int id="PHV1AV0JOP62IOS">1352348452</int>
				<int id="PUVDML8BPK93CKI">1352348690</int>
				<int id="PHFT66IJV2D29PS">1352348779</int>
				<int id="PUVGMSFUPBO22O7">1352348819</int>
				<int id="PUVGPDJ4TFF2QG9">1352349180</int>
				<int id="PUVR7DBV7JG2E14">1352349404</int>
				<int id="PUVLFPT60BB3COT">1352349917</int>
				<int id="PA9SI3EOAND2BDK">1352350608</int>
				<int id="PUVSNKTVQ2B3QMM">1352350718</int>
			</object>
			<object id="25-07-09">
				<int id="PHF624MH10D2RFE">1352351111</int>
				<int id="PHVQRJ67Q742FCG">1352351111</int>
				<int id="PUVSFSPLFNB3DHR">1352351137</int>
				<int id="PUVFICB3E7D2UAI">1352351137</int>
				<int id="PUV7D9O544C3NRT">1352351137</int>
				<int id="PUVL88N12R93662">1352351520</int>
				<int id="PHV7FR190MB2I9S">1352351535</int>
				<int id="PHVU651LED82STP">1352351694</int>
				<int id="PUV1S8K1OAD3GDS">1352351777</int>
				<int id="PUVVH2I5C8F2F9E">1352351815</int>
				<int id="PHV89FL42742GGO">1352352603</int>
				<int id="PA9SI3EOAND2BDK">1352352849</int>
				<int id="PA9MTNTQ1ND29LQ">1352352981</int>
				<int id="PUVAL7U6GLB3K6V">1352353316</int>
				<int id="PUVTEISFLLB38P4">1352354086</int>
				<int id="PIF14GJO15D1P84">1352354300</int>
				<int id="PA960DP081E28ET">1352354307</int>
				<int id="PUVNIED25Q93D4F">1352354743</int>
				<int id="PUVSHL8QREC34AG">1352354751</int>
				<int id="PIF8JLTPE57F7">1352354996</int>
				<int id="PCR42DQMSCV1P9O">1352355469</int>
				<int id="PUVER2ENULH2DBE">1352355485</int>
				<int id="PHVPU1P96F22BP0">1352355503</int>
				<int id="PHVJR6H2J652Q9K">1352355601</int>
				<int id="PUV2PAADR773LO4">1352355704</int>
				<int id="PCRE15VHINS1RJI">1352355787</int>
				<int id="PUVGQEAFEH93H51">1352355862</int>
				<int id="PUVA2G38QIF2RTR">1352355941</int>
				<int id="PUV49PF4QVF2OMB">1352355941</int>
				<int id="PUVMPLH02C83FM9">1352356049</int>
				<int id="PCREQ9LEJFO1JBG">1352356272</int>
				<int id="PUV68RBT5AC32VU">1352356296</int>
				<int id="PUVJUGDN26A3QKR">1352356300</int>
				<int id="PUV7366F1ED36R5">1352356532</int>
				<int id="PHVLEE66STA2M50">1352356533</int>
				<int id="PUV38HK9V4D32N1">1352356596</int>
				<int id="PA9IG1OCQUD2DLT">1352356865</int>
				<int id="PIFC9L6RU463IE3">1352357520</int>
				<int id="PUVHV8ARRBD3A3I">1352357803</int>
				<int id="PM1EMRJKJ4027KO">1352357938</int>
				<int id="PUVIJILB95D21G5">1352358320</int>
				<int id="PUV9Q6DO08B38DG">1352358540</int>
				<int id="PUVQH2QDE1D3S74">1352358869</int>
				<int id="PIFAVSBAJR538UD">1352358953</int>
				<int id="PHV3SOHNMB52ELG">1352359296</int>
				<int id="PM1A4MDNG402AR4">1352360638</int>
				<int id="PUVV5HJ6RD93NIJ">1352361332</int>
				<int id="PUVOIO5NTF93QO1">1352361332</int>
				<int id="PCRAFRDJFUT1PGB">1352361500</int>
				<int id="PUVEH5J81UC3JJG">1352362371</int>
				<int id="PHFTTPBQ52D2EAM">1352362427</int>
				<int id="PUVR4MQSVE8394R">1352363386</int>
				<int id="PUVI9DR31TC3VEU">1352363386</int>
				<int id="PUV2K42RBQ632D8">1352363473</int>
				<int id="PHFL2MQMU2D2GE4">1352364746</int>
				<int id="PA9N3O7N5PD2BP8">1352364977</int>
				<int id="PCRNH6RCVNS1072">1352365028</int>
			</object>
			<object id="25-07-10">
				<int id="PA9N3O7N5PD2BP8">1352365644</int>
				<int id="PUVMRHDRT483OEH">1352366067</int>
				<int id="PIFVT48DPS53G9V">1352366091</int>
				<int id="PUVVLIPFM5D2UC5">1352366126</int>
				<int id="PUVSLPFE06D2FMT">1352366665</int>
				<int id="PUVDML8BPK93CKI">1352366935</int>
				<int id="PUV38HK9V4D32N1">1352367094</int>
				<int id="PUV7JB00JKB3KR5">1352367329</int>
				<int id="PUVHPAD7L5N292B">1352367701</int>
				<int id="PDO2D0ITH7R207V">1352371200</int>
				<int id="PUVEGG4T2FG2UCD">1352372173</int>
				<int id="PCR29ABNEOS178K">1352372481</int>
				<int id="PUVNAL5LJF93DLV">1352373116</int>
				<int id="PHFBMADAEAD2JND">1352373219</int>
				<int id="PUVL92I9TBG2H4O">1352373720</int>
				<int id="PCRLV5SPL0U1F91">1352374156</int>
				<int id="PCR1EB543VS1GVO">1352374843</int>
				<int id="PUVG0RDUHUL2RVJ">1352375482</int>
				<int id="PUV677JNM993DLO">1352376231</int>
				<int id="PUVJG2MDAQA32CE">1352376268</int>
				<int id="PA9DNN7MF4E2AAV">1352376326</int>
				<int id="PHF31BRLV4D27G0">1352376588</int>
				<int id="PUVOKQV3ONC3V43">1352377017</int>
				<int id="PUVTARTIND830E8">1352377576</int>
				<int id="PUVQOVN59ME2QM9">1352377954</int>
				<int id="PUV22S2QJIF2GFM">1352378031</int>
				<int id="PUV5L7HCIF8378N">1352378227</int>
				<int id="PIF82R4LQF01ISK">1352378324</int>
				<int id="PUVO4DC282A3502">1352379372</int>
			</object>
			<object id="25-07-11">
				<int id="PHF624MH10D2RFE">1352379970</int>
				<int id="PUV50C46PKF2MOK">1352380006</int>
				<int id="PUVITB8GICG24NJ">1352380295</int>
				<int id="PHFIN187QVC224H">1352380331</int>
				<int id="PUV22S2QJIF2GFM">1352380692</int>
				<int id="PUV38HK9V4D32N1">1352380799</int>
				<int id="PUVOKQV3ONC3V43">1352381073</int>
				<int id="PHVFSV9R04A2DO9">1352381658</int>
				<int id="PHVSGKDV7SA2FK8">1352381956</int>
				<int id="PUVIN1LIDOB3ANK">1352382107</int>
				<int id="PUVA2RGKSPK263G">1352383090</int>
				<int id="PUVEOLGEO6K2O7N">1352383166</int>
				<int id="PCR2K80QGPS1J5K">1352383278</int>
				<int id="PUV4DS19B7D2FDH">1352383729</int>
				<int id="PIF487P35R614M3">1352384508</int>
				<int id="PUVK4347KHE2JL8">1352385468</int>
				<int id="PHFU9TB1JVC2JE6">1352385821</int>
				<int id="PA9UFDR4JJD224N">1352385821</int>
				<int id="PUVEDIHK8N930OM">1352385880</int>
				<int id="PHVRFSUBBDC2QD9">1352386449</int>
				<int id="PHV7FR190MB2I9S">1352386876</int>
				<int id="PUVS76IBB0S2R71">1352386902</int>
				<int id="PUV7281593F2747">1352387010</int>
				<int id="PHFM0PHNTUC2S8E">1352387084</int>
				<int id="PUVUEFJABRG2LND">1352387464</int>
				<int id="PUVBVF0T4G93C1B">1352387773</int>
				<int id="PCRR6HQFR0U1SRC">1352387853</int>
				<int id="PUVR8CQDK2I2PUF">1352387875</int>
				<int id="PHFODCHB93D2L7K">1352389160</int>
				<int id="PHVBOLSE8TA2U48">1352389693</int>
				<int id="PCRNBUJSCJL1SOG">1352389730</int>
				<int id="PUVAQ4JEIS632UC">1352390137</int>
				<int id="PHV4UNDQ9Q02PDK">1352390480</int>
				<int id="PHV3LKT28Q02QPK">1352390480</int>
				<int id="PUV7J6LKDUF2NS8">1352390543</int>
				<int id="PUVBS2U9OTC3BEJ">1352390585</int>
				<int id="PUV9E4JDSTA3253">1352390625</int>
				<int id="PUVHGT5JDLB30F7">1352390766</int>
				<int id="PUV6FUO75V93AII">1352390766</int>
				<int id="PUVHKHKSFDC3H9E">1352390766</int>
				<int id="PUVPPE5CM583388">1352390766</int>
				<int id="PA93VP2554E2H3R">1352390766</int>
				<int id="PUVTEISFLLB38P4">1352390766</int>
				<int id="PUVHCH6SH3A30DK">1352392276</int>
				<int id="PHFJAE8FQVC2RNH">1352392307</int>
				<int id="PHFQF61M2CD2DOI">1352392307</int>
				<int id="PUVP3PO8T3H21UN">1352392362</int>
				<int id="PHFAM2DUH4D23RG">1352392500</int>
				<int id="PUVOSKG9QRE2KK7">1352392853</int>
				<int id="PUVI45UO8LF292D">1352392854</int>
			</object>
			<object id="25-07-12">
				<int id="PUVQ9JTUGOB3FA9">1352394234</int>
				<int id="PHFINSK9JCD29H5">1352394498</int>
				<int id="PIF5ERQF5R61H5F">1352394629</int>
				<int id="PUVFDNPQBFF2FLN">1352394722</int>
				<int id="PHVK2FSFOT22C3I">1352394749</int>
				<int id="PUVQAVTGUBC3QUV">1352394929</int>
				<int id="PHFOSFVBC4D2JAT">1352395053</int>
				<int id="PUVEOLGEO6K2O7N">1352395053</int>
				<int id="PCR5A28ARIL1DJS">1352395173</int>
				<int id="PUVUPA3B18D3VNL">1352395197</int>
				<int id="PIF6FQ8JCE21N4B">1352396591</int>
				<int id="PHVCIHQ7LN0268R">1352396667</int>
				<int id="PUVTTIURKLC3B30">1352397043</int>
				<int id="PIFSMKNBOG63N0R">1352397552</int>
				<int id="PUVHL9FSGF93U3Q">1352397748</int>
				<int id="PCR6QLN3RVT1329">1352397895</int>
				<int id="PUVGPL53G5D3L5P">1352397920</int>
				<int id="PHVFSV9R04A2DO9">1352398430</int>
				<int id="PUVUTHHQPUB3VB1">1352398633</int>
				<int id="PUVR9F4VTIC3SNB">1352399369</int>
				<int id="PHVFG0THJF827TB">1352399824</int>
				<int id="PHFIN187QVC224H">1352399987</int>
				<int id="PHVVO7CASCB21O5">1352400216</int>
				<int id="PHF248O600D2SNR">1352400435</int>
				<int id="PUVSCJHRTVS280U">1352400886</int>
				<int id="PHV2N3G3AF825OC">1352400907</int>
				<int id="PUVMULPHU9C3I2F">1352400958</int>
				<int id="PUVJU69IKJC3BOE">1352401088</int>
				<int id="PUV611DPFLE2TKH">1352401753</int>
				<int id="PHF624MH10D2RFE">1352401866</int>
				<int id="PUV8KRHK6EG25DT">1352402282</int>
				<int id="PHFNCFTVB4D2DNN">1352402491</int>
				<int id="PUVTM5AUBIB32RQ">1352402638</int>
				<int id="PHVV591MRV524E4">1352402944</int>
				<int id="PCRMKIMIUNS1S1G">1352402958</int>
				<int id="PUVETOAC09D3VCT">1352403218</int>
				<int id="PIF53TPCNF01COP">1352403240</int>
				<int id="PHFPPJFJTVC2RK0">1352403292</int>
				<int id="PCR3ECHFUTJ13V2">1352403407</int>
				<int id="PUVLC1FVGH739H1">1352403635</int>
				<int id="PUVDBDVD0E73TCC">1352403942</int>
				<int id="PUVKM4SM3993AGR">1352404110</int>
				<int id="PHVMQ71H0082G9H">1352404478</int>
				<int id="PUVKEAA1P2J28QC">1352404478</int>
				<int id="PUVUEFJABRG2LND">1352405226</int>
				<int id="PUVF9LL0KDE209S">1352405653</int>
				<int id="PUVHLNOLHVB3CIT">1352405660</int>
				<int id="PHV19AFHTB922VQ">1352405691</int>
				<int id="PHFM0PHNTUC2S8E">1352405832</int>
				<int id="PHVSFAS9ED82TBC">1352405877</int>
				<int id="PM1LOQ518N129RP">1352405910</int>
				<int id="PM1DM7LBVA02ABN">1352406125</int>
				<int id="PA9F3EHI36E2JIG">1352406159</int>
				<int id="PCRNTG9RVNS1O4I">1352406459</int>
				<int id="PA93S1AM4RD29RK">1352406595</int>
				<int id="PHVCM51J3542LH9">1352406724</int>
				<int id="PCRU680J7UM14HN">1352406755</int>
				<int id="PUV22S2QJIF2GFM">1352406796</int>
				<int id="PHFIS28II2D239P">1352406997</int>
				<int id="PUVFUD1UJRE26GD">1352407061</int>
				<int id="PIF6HVTEMHA17HQ">1352407456</int>
				<int id="PUVTBBTJFSG2NC1">1352407591</int>
				<int id="PIFOC6038Q53T2J">1352407680</int>
				<int id="PIFCN0H01L638B9">1352407680</int>
				<int id="PCR14AIGQJO1V4O">1352407815</int>
				<int id="PHFSSK0KN1D2MJL">1352407974</int>
				<int id="PHFQFJG5KCD2TET">1352408123</int>
				<int id="PUVA2RGKSPK263G">1352408215</int>
				<int id="PA9C0M15E7E2HBV">1352408353</int>
			</object>
			<object id="25-07-13">
				<int id="PIF3Q9V7UV53GHM">1352408478</int>
				<int id="PHV1B2H65452BKB">1352408591</int>
				<int id="PCRR6HQFR0U1SRC">1352408938</int>
				<int id="PHF9BGSKEUC2HD7">1352409199</int>
				<int id="PUV4UO1A0FB3VQ1">1352409235</int>
				<int id="PUVOP728SEE2BQE">1352409553</int>
				<int id="PHFAVDEGUTC2N71">1352409765</int>
				<int id="PUVQ3FG2SGD391H">1352410140</int>
				<int id="PHV3SOHNMB52ELG">1352410206</int>
				<int id="PHFJAE8FQVC2RNH">1352410259</int>
				<int id="PUVCAJTDPFH203K">1352410261</int>
				<int id="PUVVE7C5HV93LDE">1352410324</int>
				<int id="PUV42LEOBAF2MKD">1352410559</int>
				<int id="PIFSMKNBOG63N0R">1352410586</int>
				<int id="PUVU2IND1GB3UOL">1352410958</int>
				<int id="PUVHH62HCPE2TQ5">1352410959</int>
				<int id="PHF6LNTTT3D2PLQ">1352411082</int>
				<int id="PUVA1JND5373D20">1352411188</int>
				<int id="PUVVTCN5RUC37TL">1352411197</int>
				<int id="PUVSLPFE06D2FMT">1352411370</int>
				<int id="PUVRHCHA89E23J6">1352411551</int>
				<int id="PUVHCFH35MG2UOI">1352411963</int>
				<int id="PUV9H4HP7PL2SLO">1352412171</int>
				<int id="PIF73NQUM7634IP">1352412373</int>
				<int id="PHV7FR190MB2I9S">1352412665</int>
				<int id="PUVG9DO5E6C3PV1">1352412769</int>
				<int id="PUVA2RGKSPK263G">1352412779</int>
				<int id="PUVG9PRB1KC3GEA">1352412844</int>
				<int id="PUV39DUPENE2ATB">1352412978</int>
				<int id="PHFO9KEJ25D2MBL">1352413526</int>
				<int id="PA9D6L6HEVD234S">1352413651</int>
				<int id="PUVDML8BPK93CKI">1352414896</int>
				<int id="PUV36S8ACFC3ESM">1352415182</int>
				<int id="PUVSVDEIMTG26B0">1352415233</int>
				<int id="PUV4DAEQGTH2M1R">1352415774</int>
				<int id="PUVF6C9CUNB3RKF">1352415840</int>
				<int id="PUVSRKDKT993SB7">1352415912</int>
				<int id="PUVA9MCI77D2D9F">1352416070</int>
				<int id="PUV77CBGEL836KM">1352416477</int>
				<int id="PUV3Q3PFL0Q2ON5">1352416702</int>
				<int id="PUV4AHCDIDF25RF">1352416889</int>
				<int id="PUVFDC083PE2F30">1352417145</int>
				<int id="PUV6M92FD0H2KGM">1352417273</int>
				<int id="PUVJFL92V8H27T1">1352417324</int>
				<int id="PUVG9QRETKH25QB">1352417444</int>
				<int id="PUVS01MGFEH2MAJ">1352417501</int>
				<int id="PCRT0VFI6OS14VF">1352417816</int>
				<int id="PHF45DAP9AD2SN3">1352418128</int>
				<int id="PHFU4OO79AD2ENQ">1352418365</int>
				<int id="PUVA0B6GOHC37S1">1352418397</int>
				<int id="PUVJU69IKJC3BOE">1352418412</int>
				<int id="PIF6LVBP7L53SOB">1352418525</int>
				<int id="PUV78MGI48C3NKP">1352418997</int>
				<int id="PUVFEHU904J2T3U">1352419080</int>
				<int id="PHFIS28II2D239P">1352419159</int>
				<int id="PCRP8GQE1OS1AJH">1352419253</int>
				<int id="PHFT66IJV2D29PS">1352419370</int>
				<int id="PUVRIARH04D3M95">1352419419</int>
				<int id="PUVTQUVF60B31ET">1352419846</int>
				<int id="PUVLRCU4RAD3PKB">1352420150</int>
				<int id="PUV979L46IB3HEE">1352420339</int>
				<int id="PUVJA2IREO83T33">1352420422</int>
				<int id="PA9BE3UF1VD2HR0">1352420422</int>
				<int id="PUV6LK2KR4G2RGC">1352420439</int>
				<int id="PUVSS7LVKEC318S">1352420538</int>
				<int id="PUV6JMHQ8QB32DL">1352420609</int>
				<int id="PUV4U37MK7C34S6">1352420716</int>
				<int id="PA9SI3EOAND2BDK">1352420919</int>
				<int id="PUV8DVRO19G2VCP">1352421334</int>
				<int id="PUV2BIBPKHG27EA">1352421395</int>
				<int id="PUVOJOU72UG25U6">1352421603</int>
				<int id="PUVDRHOGR9G26PU">1352421618</int>
				<int id="PHVCFTGJKT723Q0">1352421639</int>
				<int id="PCRBFCINGUT15SD">1352421655</int>
				<int id="PUVPC6P6SA839RS">1352421784</int>
				<int id="PCR101KU5UP1EAG">1352421902</int>
				<int id="PUVK1O2UN6D3479">1352422094</int>
				<int id="PHFRDC7RL4D2N6Q">1352422110</int>
				<int id="PUV6GUJ9FSH2EUV">1352422479</int>
				<int id="PUVG81UCRAB3LF0">1352422502</int>
				<int id="PUVVEUBT0KE20IO">1352422571</int>
				<int id="PHV7G2H1M642RO4">1352422756</int>
			</object>
			<object id="25-08-01">
				<int id="PA9SI3EOAND2BDK">1352423124</int>
				<int id="PUVH21G381736TR">1352424241</int>
			</object>
			<object id="25-08-05">
				<int id="PHVF1FRMV9929LG">1352491830</int>
			</object>
			<object id="25-08-15">
				<int id="PUVVPQ3V7KA3DCO">1352635346</int>
			</object>
			<object id="25-08-17">
				<int id="PUV1EQL5J783SNV">1352662553</int>
			</object>
			<object id="25-08-27">
				<int id="PHVF1FRMV9929LG">1352806424</int>
			</object>
			<object id="25-08-28">
				<int id="PUVV2L108LB3DGG">1352817808</int>
			</object>
			<object id="25-10-19">
				<int id="PA9SEU1KQ5E2M49">1353287162</int>
			</object>
			<object id="25-10-23">
				<int id="PCRNH6RCVNS1072">1353358118</int>
			</object>
			<object id="25-10-36">
				<int id="PUVN43KAO6D2EQU">1353541696</int>
			</object>
			<object id="25-10-37">
				<int id="PHVG5OB69952VP5">1353556608</int>
			</object>
			<object id="25-11-09">
				<int id="PCRNH6RCVNS1072">1353825035</int>
			</object>
			<object id="25-11-10">
				<int id="PUVCIOJLOC93UKT">1353834796</int>
			</object>
			<object id="26-03-04">
				<int id="PA9TIG5TT8I2V6C">1354390812</int>
			</object>
			<object id="26-03-13">
				<int id="PUVTMVI961G2PNI">1354514396</int>
			</object>
			<object id="26-03-42">
				<int id="PUVLMA7JSQH265B">1354935340</int>
				<int id="PUVCE3RNDIB340P">1354937296</int>
			</object>
			<object id="26-04-01">
				<int id="PUV766GM4TE2A3Q">1355103021</int>
				<int id="PUVUTSGV5JB37FB">1355103021</int>
				<int id="PUVB13LSIRI2JVO">1355103021</int>
				<int id="PHFIS28II2D239P">1355103021</int>
				<int id="PUVBPAVNEQJ2IOM">1355103021</int>
				<int id="PUV8C6CRE3F2RU3">1355103022</int>
				<int id="PHV4T5FLFC42GP7">1355103022</int>
				<int id="PUVTC68TKTE2VKV">1355103022</int>
				<int id="PHVF66LO2RA20PQ">1355103022</int>
				<int id="PUVBTTFKSVE2QNB">1355103029</int>
				<int id="PIFT94292L53H76">1355111816</int>
			</object>
		</object>
		<object id="hi_sign_evasion_record_history">
			<object id="version_9">
				<str id="pc_tsid">PUVM0NPD3QC3EDD</str>
				<str id="pc_label">Zauberbergy</str>
				<int id="secs">11</int>
				<int id="when">1352354607</int>
				<int id="version">9</int>
				<str id="day_key">25-07-09</str>
			</object>
		</object>
		<object id="hi_sign_evasion_record">
			<str id="pc_tsid">PUVN43KAO6D2EQU</str>
			<str id="pc_label">Jendaline</str>
			<int id="secs">12</int>
			<int id="when">1352922958</int>
			<int id="version">10</int>
			<str id="day_key">25-08-35</str>
		</object>
		<object id="hi_sign_daily_evasion_record">
			<str id="pc_tsid">PUVN43KAO6D2EQU</str>
			<str id="pc_label">Jendaline</str>
			<int id="secs">10</int>
			<int id="when">1354484455</int>
			<int id="version">10</int>
			<str id="day_key">26-03-11</str>
		</object>
		<object id="incantations_redux">
			<object id="PUV3TM3OVAF27P9">
				<int id="step">1</int>
				<int id="ts">1354917250</int>
			</object>
			<object id="PUVLQBGCGSM26QB">
				<int id="step">1</int>
				<int id="ts">1354918631</int>
			</object>
			<object id="PHVK1TJ1MP62FCS">
				<int id="step">2</int>
				<int id="ts">1354918646</int>
			</object>
			<object id="PUVS4SP1UHI26UI">
				<int id="step">3</int>
				<int id="ts">1354918648</int>
			</object>
			<object id="PA9TLH9T15E2EVD">
				<int id="step">1</int>
				<int id="ts">1354919268</int>
			</object>
			<object id="PUVNIBP02EE2L04">
				<int id="step">2</int>
				<int id="ts">1354919274</int>
			</object>
			<object id="PUV3EGIE8GG2CSM">
				<int id="step">3</int>
				<int id="ts">1354919275</int>
			</object>
			<object id="PUVF5CIS8UE2209">
				<int id="step">1</int>
				<int id="ts">1354920249</int>
			</object>
			<object id="PHF624MH10D2RFE">
				<int id="step">2</int>
				<int id="ts">1354920251</int>
			</object>
			<object id="PHF9LSI6S4D2FTF">
				<int id="step">3</int>
				<int id="ts">1354920270</int>
			</object>
			<object id="PA9JM8MCJKD21BM">
				<int id="step">1</int>
				<int id="ts">1354921386</int>
			</object>
			<object id="PIFQHBL4S563QJT">
				<int id="step">2</int>
				<int id="ts">1354921644</int>
			</object>
			<object id="PHVVPUDC4H72BRE">
				<int id="step">1</int>
				<int id="ts">1354922480</int>
			</object>
			<object id="PUV6JPAODNB3FOK">
				<int id="step">1</int>
				<int id="ts">1354923506</int>
			</object>
			<object id="PUVE1NGB27C36PP">
				<int id="step">2</int>
				<int id="ts">1354923521</int>
			</object>
			<object id="PUVE0P38UUC3P2O">
				<int id="step">1</int>
				<int id="ts">1354923669</int>
			</object>
			<object id="PUVCGKMH58C3E1E">
				<int id="step">2</int>
				<int id="ts">1354923670</int>
			</object>
			<object id="PA95UHHMLID28OO">
				<int id="step">3</int>
				<int id="ts">1354923671</int>
			</object>
			<object id="PCR6L4VMU3N1H72">
				<int id="step">1</int>
				<int id="ts">1354925531</int>
			</object>
			<object id="PM1A3P8FSA0242M">
				<int id="step">2</int>
				<int id="ts">1354925534</int>
			</object>
			<object id="PCR4R99KAUT1JQ7">
				<int id="step">3</int>
				<int id="ts">1354925535</int>
			</object>
			<object id="PHFINSK9JCD29H5">
				<int id="step">1</int>
				<int id="ts">1354926183</int>
			</object>
			<object id="PUVOSJVQQFD3OUB">
				<int id="step">1</int>
				<int id="ts">1354927162</int>
			</object>
			<object id="PUV9NCGHN0Q2QAO">
				<int id="step">2</int>
				<int id="ts">1354927163</int>
			</object>
			<object id="PUVKSMIKR8L2A6S">
				<int id="step">1</int>
				<int id="ts">1354928292</int>
			</object>
			<object id="PUVJ2IDUJ4G2MKF">
				<int id="step">2</int>
				<int id="ts">1354928295</int>
			</object>
			<object id="PUVTIP2E8F930BB">
				<int id="step">3</int>
				<int id="ts">1354928296</int>
			</object>
			<object id="PUVCE3RNDIB340P">
				<int id="step">1</int>
				<int id="ts">1354934766</int>
			</object>
			<object id="PUVLMA7JSQH265B">
				<int id="step">1</int>
				<int id="ts">1354935316</int>
			</object>
			<object id="PUVGUSBSUSF297H">
				<int id="step">2</int>
				<int id="ts">1354935320</int>
			</object>
			<object id="PUVFH6OPFTF2LF6">
				<int id="step">3</int>
				<int id="ts">1354935322</int>
			</object>
			<object id="PUV8QE0JLNR2DEH">
				<int id="step">1</int>
				<int id="ts">1354936762</int>
			</object>
			<object id="PUVCI5AC1SC3HR3">
				<int id="step">1</int>
				<int id="ts">1354941413</int>
			</object>
			<object id="PIFHIBOVJ6632DF">
				<int id="step">2</int>
				<int id="ts">1354942701</int>
			</object>
			<object id="PM1B73SDG602CVK">
				<int id="step">3</int>
				<int id="ts">1354945564</int>
			</object>
			<object id="PHFKGTOEK4D24VC">
				<int id="step">1</int>
				<int id="ts">1354967785</int>
			</object>
			<object id="PCR4KMJVCAO1OQ7">
				<int id="step">1</int>
				<int id="ts">1354970098</int>
			</object>
			<object id="PUVN43KAO6D2EQU">
				<int id="step">2</int>
				<int id="ts">1354972999</int>
			</object>
			<object id="PUVTTIURKLC3B30">
				<int id="step">1</int>
				<int id="ts">1354974018</int>
			</object>
			<object id="PA9TADD9FPD233C">
				<int id="step">1</int>
				<int id="ts">1354976223</int>
			</object>
			<object id="PHVR7F201F72EUM">
				<int id="step">2</int>
				<int id="ts">1354977801</int>
			</object>
			<object id="PA9SSH8TMRD2VN8">
				<int id="step">1</int>
				<int id="ts">1354978404</int>
			</object>
			<object id="PCRKFODORUT188S">
				<int id="step">2</int>
				<int id="ts">1354986280</int>
			</object>
			<object id="PUVVILGJCUF27V0">
				<int id="step">1</int>
				<int id="ts">1354987818</int>
			</object>
			<object id="PUVAK5P8TQ63FJO">
				<int id="step">1</int>
				<int id="ts">1354989407</int>
			</object>
			<object id="PUV3O4O76GB3392">
				<int id="step">2</int>
				<int id="ts">1354989409</int>
			</object>
			<object id="PUVGE0QBTOB3PJC">
				<int id="step">3</int>
				<int id="ts">1354989412</int>
			</object>
			<object id="PUVKMVKGUCG2PM3">
				<int id="step">1</int>
				<int id="ts">1354992628</int>
			</object>
			<object id="PIF101U0QF7SM">
				<int id="step">2</int>
				<int id="ts">1354995680</int>
			</object>
			<object id="PHVM8V6IJOB2QQB">
				<int id="step">1</int>
				<int id="ts">1354995837</int>
			</object>
			<object id="PUV6AO8NDP73I4V">
				<int id="step">2</int>
				<int id="ts">1354995881</int>
			</object>
			<object id="PUV112Q33KC3BVF">
				<int id="step">1</int>
				<int id="ts">1354996451</int>
			</object>
			<object id="PUVOS88N9N9342Q">
				<int id="step">1</int>
				<int id="ts">1354997870</int>
			</object>
			<object id="PUVNT5NRGM836NM">
				<int id="step">1</int>
				<int id="ts">1354998272</int>
			</object>
			<object id="PUV5FLF16L935CN">
				<int id="step">2</int>
				<int id="ts">1354998274</int>
			</object>
			<object id="PUVOQGDCFTH21UN">
				<int id="step">1</int>
				<int id="ts">1354998474</int>
			</object>
			<object id="PUVUTSGV5JB37FB">
				<int id="step">2</int>
				<int id="ts">1354998477</int>
			</object>
			<object id="PUVNQ08H15C3F2V">
				<int id="step">3</int>
				<int id="ts">1354998480</int>
			</object>
			<object id="PUV9TAHHD9G289O">
				<int id="step">1</int>
				<int id="ts">1354999683</int>
			</object>
			<object id="PCRHHQ7QNNS1J1S">
				<int id="step">1</int>
				<int id="ts">1355000026</int>
			</object>
			<object id="PUVTI5R3R4E3567">
				<int id="step">2</int>
				<int id="ts">1355000050</int>
			</object>
		</object>
	</object>
	<objrefs id="items">
		<objref tsid="ICRJORE36CO1VBT" label="Quoin"/>
		<objref tsid="ICRJOVE36CO1VCD" label="Shrine to Pot"/>
		<objref tsid="ICRJOUE36CO1VC9" label="Quoin"/>
		<objref tsid="ICRJP0E36CO1VC5" label="Quoin"/>
		<objref tsid="ICRJONE36CO1VA9" label="Quoin"/>
		<objref tsid="IA910BC1A0I3DG3" label="Piggy"/>
		<objref tsid="ICRJP6E36CO1VEK" label="Quoin"/>
		<objref tsid="ICRJP1E36CO1VDJ" label="Quoin"/>
		<objref tsid="ICRJOIE36CO1V89" label="Quoin"/>
		<objref tsid="IDOR2T9VBLQ233P" label="Qurazy marker"/>
		<objref tsid="ICRJP2E36CO1VD0" label="spawner"/>
		<objref tsid="IA5102U8T972UND" label="Street Spirit"/>
		<objref tsid="IDOE2V23LOF3MS9" label="Fruit Tree"/>
		<objref tsid="ICRJOEE36CO1V6S" label="Quoin"/>
		<objref tsid="IDOCM2VC4EF3RU4" label="Fruit Tree"/>
		<objref tsid="ICRJP5E36CO1VE8" label="Quoin"/>
		<objref tsid="IA9FQ3BMOTF3GEJ" label="Bean Tree"/>
		<objref tsid="ICRJOOE36CO1VA1" label="Quoin"/>
		<objref tsid="IA9GEQK778G3H1K" label="Fruit Tree"/>
		<objref tsid="ICRJOJE36CO1V8R" label="Quoin"/>
		<objref tsid="ICRJOPE36CO1VA5" label="Quoin"/>
		<objref tsid="ICRJOFE36CO1V74" label="Quoin"/>
		<objref tsid="ICRJOSE36CO1VBJ" label="Quoin"/>
	</objrefs>
	<objrefs id="players">
		<objref tsid="PUVLRU32M6A392S" label="KyraCakez"/>
		<objref tsid="PUV495J1E1E3QR1" label="Hijuna"/>
		<objref tsid="PUV4TKEBD5D2K8C" label="ukeunidork"/>
		<objref tsid="PUVQKM59KCC34DA" label="Agent 80"/>
		<objref tsid="PUVPC9KAONC38T5" label="New Glitch 163393"/>
		<objref tsid="PHV5CCQTGS624VI" label="Ragsk"/>
		<objref tsid="PUVUUJAD3483748" label="Shadhar"/>
		<objref tsid="PHFL85KMBAD263R" label="ZiggyIggy"/>
		<objref tsid="PUV35CD860E3PUJ" label="abel145"/>
		<objref tsid="PA95AKF8H1E2Q58" label="meeblie"/>
		<objref tsid="PUV17QI45TD333O" label="New Glitch 179141"/>
		<objref tsid="PA9VMML1VHD2R9N" label="Kageneko"/>
		<objref tsid="PUV4EN57HGC3RIB" label="New Glitch 160826"/>
		<objref tsid="PUVVDV9J2CC3P7O" label="clacorat"/>
		<objref tsid="PUVFKH6IIGC3S5C" label="New Glitch 160934"/>
		<objref tsid="PUV61R810SC33MA" label="New Glitch 165318"/>
		<objref tsid="PHFSLS8OB0D2PM5" label="Luna Halo"/>
		<objref tsid="PUVUA49HDCB3UM5" label="New Glitch 145302"/>
		<objref tsid="PUV6NHE2RUD3MTF" label="New Glitch 182023"/>
		<objref tsid="PUVVVFSN1TD3HA8" label="New Glitch 178221"/>
		<objref tsid="PUVBURT8IGC3864" label="New Glitch 160888"/>
		<objref tsid="PUVF6FC1BUB3405" label="New Glitch 152980"/>
		<objref tsid="PUVRJCLG36H28DG" label="Anwyn"/>
		<objref tsid="PHF2A0N8S3D2PDF" label="Heinrich Von Chaos"/>
		<objref tsid="PUV3Q7PFVUD3V67" label="New Glitch 182347"/>
		<objref tsid="PUVH6RR3S6C34FN" label="Pip...x"/>
		<objref tsid="PUVDKE4NTDH27T5" label="Haras"/>
		<objref tsid="PUVSAS3T6UA334O" label="BetaBat"/>
		<objref tsid="PIF8BRDL8P535UT" label="Applefrog"/>
		<objref tsid="PUV82ADNCFC3578" label="Al-dabaran"/>
		<objref tsid="PA5OPDOM3SF3D6Q" label="New Glitch 191747"/>
		<objref tsid="PHF1V24FQTC2J6N" label="nicebento"/>
		<objref tsid="PUVES4LQ7GC3O78" label="New Glitch 159990"/>
		<objref tsid="PUVJB850F2D3Q65" label="Lee Chan"/>
		<objref tsid="PUV8A9PJAGC3CJ5" label="New Glitch 160254"/>
		<objref tsid="PHFNKCEPG3D22LD" label="Moop Mobley"/>
		<objref tsid="PHF4ERCIJ3D2DBD" label="The God of Biscuits"/>
		<objref tsid="PHFCR2VC94D25VF" label="wazapc"/>
		<objref tsid="PHFIBIV1QVC22S7" label="Zer0Cool"/>
		<objref tsid="PUVG7JK1NLD3SSS" label="Dothal"/>
		<objref tsid="PHVIM751RB92S2F" label="Xerthok"/>
		<objref tsid="PHFNELA2MTC22L7" label="Djfuzion"/>
		<objref tsid="PCR1502FBKV14TQ" label="Fuzzie"/>
		<objref tsid="PUVERCC9N1F3GGN" label="New Glitch 192274"/>
		<objref tsid="PUVJU9NSJEB30RP" label="New Glitch 145669"/>
		<objref tsid="PA9VQ31F0TD2NV7" label="Fancy Feast"/>
		<objref tsid="PHV444MT7RA2KDC" label="Master Mo"/>
		<objref tsid="PUV4JQVQI8B304S" label="Ravizant"/>
		<objref tsid="PHVPC198LF828HP" label="AlexLoveJulia"/>
		<objref tsid="PUVJ2TE4UEC3II0" label="New Glitch 158923"/>
		<objref tsid="PUVOR3L5Q1B3DES" label="Meenmee"/>
		<objref tsid="PUV5P0UKJQB311J" label="Barren"/>
		<objref tsid="PUVMI0K9RBE205E" label="LemonadeDeath"/>
		<objref tsid="PUVTF384C6A3SE2" label="Victory"/>
		<objref tsid="PHVI8A6R9K8274A" label="Barney Stinson"/>
		<objref tsid="PHFUNSS5JVC2APK" label="Ovidius"/>
		<objref tsid="PA9ESIAM0OD2E3P" label="lilikoi"/>
		<objref tsid="PA9IL98ASND2J36" label="Dick McPickles"/>
		<objref tsid="PHVJ23UBKI72FGV" label="Big Mike"/>
		<objref tsid="PUVUH02OLGP2N6C" label="Zelda Trixibelle"/>
		<objref tsid="PUVDFCMMPT83BTT" label="michaelneal"/>
		<objref tsid="PUVMHTDSM5D3LI9" label="Crow_anon"/>
		<objref tsid="PUVE4SCC3IB3OEM" label="Britt95"/>
		<objref tsid="PUV2CH239IB3N83" label="New Glitch 146787"/>
		<objref tsid="PUVTJ6OSDJH2070" label="arctiras"/>
		<objref tsid="PHFMN4FHUUC2EEQ" label="Gatsu80"/>
		<objref tsid="PA9ITG63A7E2D19" label="Shy Violet"/>
		<objref tsid="PUVSOK3E1LB355T" label="sinead.go.boom"/>
		<objref tsid="PHFNISRNP0D2KR1" label="Grimful"/>
		<objref tsid="PUVG8DUOLID3LDD" label="New Glitch 172926"/>
		<objref tsid="PUVDAN7N2RD354N" label="ProjectShade"/>
		<objref tsid="PUVNQ18V28D2QN3" label="PopTartCat"/>
		<objref tsid="PUVBPNDBUAD3JA4" label="New Glitch 170188"/>
		<objref tsid="PIF68J4G4663CTF" label="Merciless Cupcake"/>
		<objref tsid="PA9RP53CK1E2C41" label="Madame Kat"/>
		<objref tsid="PUV3LUHR3J83357" label="topas"/>
		<objref tsid="PUV1S0RU0OD3SC7" label="New Glitch 174089"/>
		<objref tsid="PUVT99RBI2D3CCQ" label="New Glitch 166897"/>
		<objref tsid="PUV68SPRI5C3J0C" label="Theotherguy"/>
		<objref tsid="PUVCUCSR85D26KF" label="Airlia"/>
		<objref tsid="PUVTMQ5AF9G2OUN" label="tsanth"/>
		<objref tsid="PUV553IETLB3FRD" label="eZalb"/>
		<objref tsid="PUVSCK0FOOC3TID" label="Octie"/>
	</objrefs>
</game_object>
