<game_object tsid="LDOF15642S031VN" ts="1364242993746" label="Sabelli Ochre" class_tsid="town" hubid="126" moteid="9" letime="3g8ef11e" rbtime="30s24620" upd_gs="gs6" load_time="2013-03-25 13:12:42.000">
	<object id="dynamic">
		<bool id="jobs_is_locked">false</bool>
		<null id="events"/>
		<object id="edit_history">
			<str id="1339648090">PHVBRQR0A192RSM:MrConkin:locodeco-replace</str>
			<str id="1339648131">PHVBRQR0A192RSM:MrConkin:locodeco-replace</str>
			<str id="1339648283">PHVBRQR0A192RSM:MrConkin:locodeco-replace</str>
			<str id="1339648365">PHVBRQR0A192RSM:MrConkin:locodeco-replace</str>
			<str id="1339648619">PHVBRQR0A192RSM:MrConkin:locodeco-replace</str>
			<str id="1339648855">PHVBRQR0A192RSM:MrConkin:locodeco-replace</str>
			<str id="1339648873">PHVBRQR0A192RSM:MrConkin:locodeco-replace</str>
			<str id="1339648962">PHVBRQR0A192RSM:MrConkin:locodeco-replace</str>
			<str id="1339808009">tsauth-gyoza:edit_street_meta</str>
			<str id="1339896173">PIF5NL12S3D1BH3:Jade:locodeco-replace</str>
			<str id="1339896393">PIF5NL12S3D1BH3:Jade:locodeco-replace</str>
			<str id="1339896648">PIF5NL12S3D1BH3:Jade:locodeco-replace</str>
			<str id="1339896774">PIF5NL12S3D1BH3:Jade:locodeco-replace</str>
			<str id="1339898367">PIF5NL12S3D1BH3:Jade:locodeco-replace</str>
			<str id="1339898780">PIF5NL12S3D1BH3:Jade:locodeco-replace</str>
			<str id="1339900471">PIF5NL12S3D1BH3:Jade:locodeco-replace</str>
			<str id="1339902266">PIF5NL12S3D1BH3:Jade:locodeco-replace</str>
			<str id="1339902660">PIF5NL12S3D1BH3:Jade:locodeco-replace</str>
			<str id="1339903346">PIF5NL12S3D1BH3:Jade:locodeco-replace</str>
			<str id="1339983690">tsauth-mackenzie:modify_street_obj-signposts-signpost_1</str>
		</object>
		<object id="loading_image">
			<str id="url">streets/2012-06-16/LDOF15642S031VN_loading_1339903432.jpg</str>
			<int id="w">840</int>
			<int id="h">160</int>
		</object>
		<object id="image">
			<str id="url">streets/2012-06-16/LDOF15642S031VN_main_1339903436.jpg</str>
			<int id="w">720</int>
			<int id="h">216</int>
		</object>
		<object id="qurazy">
		</object>
		<bool id="jobs_auto_unlock">false</bool>
		<bool id="no_teleportation">false</bool>
		<bool id="disallow_animals">true</bool>
		<bool id="no_rook">false</bool>
		<object id="delayed_sounds">
		</object>
		<object id="incantations">
			<object id="PUVH4JOK59G2BM3">
				<int id="step">1</int>
				<int id="ts">1350438173</int>
			</object>
			<object id="PUVMKOE91A83I21">
				<int id="step">1</int>
				<int id="ts">1350439394</int>
			</object>
			<object id="PUVRM21FD983JNO">
				<int id="step">2</int>
				<int id="ts">1350439395</int>
			</object>
			<object id="PUVUCJ1BR4A3NOC">
				<int id="step">3</int>
				<int id="ts">1350439396</int>
			</object>
			<object id="PUVB2IMODM93SQE">
				<int id="step">1</int>
				<int id="ts">1350439633</int>
			</object>
			<object id="PUVKF3S6U5A3PC4">
				<int id="step">2</int>
				<int id="ts">1350439642</int>
			</object>
			<object id="PHVT7Q4O4O0236A">
				<int id="step">1</int>
				<int id="ts">1350439768</int>
			</object>
			<object id="PHF15LT8QTC294Q">
				<int id="step">1</int>
				<int id="ts">1350440976</int>
			</object>
			<object id="PUVRD9TTKNH2D3K">
				<int id="step">2</int>
				<int id="ts">1350440989</int>
			</object>
			<object id="PHFB49NBS4D2KSK">
				<int id="step">3</int>
				<int id="ts">1350440997</int>
			</object>
			<object id="PA9VHKNCKQD2LUN">
				<int id="step">1</int>
				<int id="ts">1350441555</int>
			</object>
			<object id="PHF20O01HRC21FP">
				<int id="step">2</int>
				<int id="ts">1350441557</int>
			</object>
			<object id="PA9QA8RBRPD22NK">
				<int id="step">3</int>
				<int id="ts">1350441558</int>
			</object>
			<object id="PHVI9O7ARR623NK">
				<int id="step">1</int>
				<int id="ts">1350444041</int>
			</object>
			<object id="PHV3J76JGS62RF5">
				<int id="step">2</int>
				<int id="ts">1350444043</int>
			</object>
			<object id="PUVCAJTDPFH203K">
				<int id="step">3</int>
				<int id="ts">1350444055</int>
			</object>
			<object id="PA9252IP5UD21NG">
				<int id="step">1</int>
				<int id="ts">1350445295</int>
			</object>
			<object id="PHV129UF5G32V98">
				<int id="step">1</int>
				<int id="ts">1350448356</int>
			</object>
			<object id="PUVT0ELSEMJ2UHR">
				<int id="step">2</int>
				<int id="ts">1350448544</int>
			</object>
			<object id="PUVS0VLJ9G93E96">
				<int id="step">1</int>
				<int id="ts">1350449428</int>
			</object>
			<object id="PUVR4MQSVE8394R">
				<int id="step">2</int>
				<int id="ts">1350449430</int>
			</object>
			<object id="PUVLFPT60BB3COT">
				<int id="step">3</int>
				<int id="ts">1350449431</int>
			</object>
			<object id="PUV97O41DPI28GS">
				<int id="step">1</int>
				<int id="ts">1350449794</int>
			</object>
			<object id="PHF1F9L003D2HLF">
				<int id="step">1</int>
				<int id="ts">1350450086</int>
			</object>
			<object id="PUVSVKNTM7B3H4G">
				<int id="step">2</int>
				<int id="ts">1350450092</int>
			</object>
			<object id="PM120IAKPK123LN">
				<int id="step">1</int>
				<int id="ts">1350452237</int>
			</object>
			<object id="PHF624MH10D2RFE">
				<int id="step">2</int>
				<int id="ts">1350452239</int>
			</object>
			<object id="PHF6EM6551D2OGQ">
				<int id="step">3</int>
				<int id="ts">1350452240</int>
			</object>
			<object id="PUVPMQG5849388A">
				<int id="step">1</int>
				<int id="ts">1350455523</int>
			</object>
			<object id="PIF8QJI7RF01K91">
				<int id="step">1</int>
				<int id="ts">1350457727</int>
			</object>
			<object id="PM1GBN2Q1H12041">
				<int id="step">1</int>
				<int id="ts">1350458893</int>
			</object>
			<object id="PA9UP7RCAUD2PD6">
				<int id="step">2</int>
				<int id="ts">1350458894</int>
			</object>
			<object id="PUVRESL85SE2FP5">
				<int id="step">1</int>
				<int id="ts">1350462159</int>
			</object>
			<object id="PHVO3NBD2N522CI">
				<int id="step">2</int>
				<int id="ts">1350462160</int>
			</object>
			<object id="PIF1AB3PVG63M4B">
				<int id="step">3</int>
				<int id="ts">1350466294</int>
			</object>
			<object id="PHVSCM4AFS627EF">
				<int id="step">1</int>
				<int id="ts">1350470661</int>
			</object>
			<object id="PUV82ERU1HG2V7D">
				<int id="step">2</int>
				<int id="ts">1350470857</int>
			</object>
			<object id="PUVJMEF10BB3SHV">
				<int id="step">1</int>
				<int id="ts">1350474626</int>
			</object>
			<object id="PIFB4T727T534N8">
				<int id="step">2</int>
				<int id="ts">1350475718</int>
			</object>
			<object id="PUVBTTFKSVE2QNB">
				<int id="step">1</int>
				<int id="ts">1350475795</int>
			</object>
			<object id="PUVOUB9V65D2IT0">
				<int id="step">1</int>
				<int id="ts">1350479631</int>
			</object>
			<object id="PUV71H8A57B3S15">
				<int id="step">2</int>
				<int id="ts">1350479632</int>
			</object>
			<object id="PUVI8F427GF2E9J">
				<int id="step">3</int>
				<int id="ts">1350479637</int>
			</object>
			<object id="PHVF60VGU952KIM">
				<int id="step">1</int>
				<int id="ts">1350479793</int>
			</object>
			<object id="PUVQMCK0GOI2CE3">
				<int id="step">2</int>
				<int id="ts">1350481940</int>
			</object>
			<object id="PUV2JU76I9D2LI5">
				<int id="step">1</int>
				<int id="ts">1350481956</int>
			</object>
			<object id="PHF2VPV503D26FE">
				<int id="step">2</int>
				<int id="ts">1350485033</int>
			</object>
			<object id="PUVEQ7MDMGJ2JKD">
				<int id="step">1</int>
				<int id="ts">1350485075</int>
			</object>
			<object id="PHFV299PGAD2OB9">
				<int id="step">1</int>
				<int id="ts">1350489386</int>
			</object>
			<object id="PUVFUGQFQ9D2JV0">
				<int id="step">2</int>
				<int id="ts">1350489390</int>
			</object>
			<object id="PUV6HKMGTNB3VOJ">
				<int id="step">1</int>
				<int id="ts">1350495882</int>
			</object>
			<object id="PIF101U0QF7SM">
				<int id="step">2</int>
				<int id="ts">1350499913</int>
			</object>
			<object id="PUVS00IIIJ932CP">
				<int id="step">1</int>
				<int id="ts">1350503545</int>
			</object>
			<object id="PHV6C84JR2821C3">
				<int id="step">1</int>
				<int id="ts">1350505721</int>
			</object>
			<object id="PHF7GOMJS1D24NC">
				<int id="step">2</int>
				<int id="ts">1350505722</int>
			</object>
			<object id="PUVFUD1UJRE26GD">
				<int id="step">3</int>
				<int id="ts">1350505723</int>
			</object>
			<object id="PHVK2FSFOT22C3I">
				<int id="step">1</int>
				<int id="ts">1350505898</int>
			</object>
			<object id="PCR14AIGQJO1V4O">
				<int id="step">1</int>
				<int id="ts">1350505998</int>
			</object>
			<object id="PIFSMKNBOG63N0R">
				<int id="step">1</int>
				<int id="ts">1350506043</int>
			</object>
			<object id="PUV2O7J6I9D207V">
				<int id="step">2</int>
				<int id="ts">1350506275</int>
			</object>
			<object id="PUVT8691EI93FIR">
				<int id="step">1</int>
				<int id="ts">1350506691</int>
			</object>
			<object id="PUV70B01CBG27J4">
				<int id="step">2</int>
				<int id="ts">1350508743</int>
			</object>
			<object id="PHVB44TB7992134">
				<int id="step">1</int>
				<int id="ts">1350509872</int>
			</object>
			<object id="PHFVCCQDR3D2FIQ">
				<int id="step">2</int>
				<int id="ts">1350510607</int>
			</object>
			<object id="PHFAPDJUQQC23Q6">
				<int id="step">3</int>
				<int id="ts">1350511493</int>
			</object>
			<object id="PHFBJB377AD29TL">
				<int id="step">1</int>
				<int id="ts">1350512580</int>
			</object>
			<object id="PUV6LGDLQ5B36J3">
				<int id="step">1</int>
				<int id="ts">1350513948</int>
			</object>
			<object id="PIFIPU7QSO53BHU">
				<int id="step">2</int>
				<int id="ts">1350514257</int>
			</object>
			<object id="PHFFIBQRICD28H9">
				<int id="step">1</int>
				<int id="ts">1350514964</int>
			</object>
			<object id="PUVTARTIND830E8">
				<int id="step">2</int>
				<int id="ts">1350515878</int>
			</object>
			<object id="PUVPOBK0AB83DS9">
				<int id="step">1</int>
				<int id="ts">1350516022</int>
			</object>
			<object id="PHVIBHO8RN02DFH">
				<int id="step">1</int>
				<int id="ts">1350518353</int>
			</object>
			<object id="PCRE15VHINS1RJI">
				<int id="step">2</int>
				<int id="ts">1350518356</int>
			</object>
			<object id="PUVBS7F720G25LP">
				<int id="step">1</int>
				<int id="ts">1350518404</int>
			</object>
			<object id="PUVGUSBSUSF297H">
				<int id="step">2</int>
				<int id="ts">1350518405</int>
			</object>
			<object id="PUVFH6OPFTF2LF6">
				<int id="step">3</int>
				<int id="ts">1350518407</int>
			</object>
			<object id="PUV19GCAVGE2KI9">
				<int id="step">1</int>
				<int id="ts">1350518502</int>
			</object>
			<object id="PUVI9K99OSF2GOV">
				<int id="step">2</int>
				<int id="ts">1350518505</int>
			</object>
			<object id="PUVGPGR6I6J2QDT">
				<int id="step">3</int>
				<int id="ts">1350518507</int>
			</object>
			<object id="PUV3ICHODBM2GKL">
				<int id="step">1</int>
				<int id="ts">1350520251</int>
			</object>
			<object id="PUVHPAD7L5N292B">
				<int id="step">2</int>
				<int id="ts">1350520254</int>
			</object>
			<object id="PUVEGG4T2FG2UCD">
				<int id="step">1</int>
				<int id="ts">1350520856</int>
			</object>
			<object id="PM1B73SDG602CVK">
				<int id="step">1</int>
				<int id="ts">1350521441</int>
			</object>
			<object id="PUV79AKJQ8E28K4">
				<int id="step">1</int>
				<int id="ts">1350521922</int>
			</object>
			<object id="PIF9R57T8P53I85">
				<int id="step">2</int>
				<int id="ts">1350521924</int>
			</object>
			<object id="PUV7VJDLN8D2E6S">
				<int id="step">3</int>
				<int id="ts">1350521925</int>
			</object>
			<object id="PUVUCMK66OE2S7S">
				<int id="step">1</int>
				<int id="ts">1354915093</int>
			</object>
			<object id="PUV42LEOBAF2MKD">
				<int id="step">2</int>
				<int id="ts">1354915097</int>
			</object>
		</object>
		<object id="emotes">
			<object id="25-05-26">
				<int id="PUV8BML177K28HU">1351283348</int>
			</object>
			<object id="25-05-27">
				<int id="PUVC9ICJR6C3Q8M">1351298133</int>
				<int id="PUVUU7MCM6833H2">1351298172</int>
			</object>
			<object id="25-05-28">
				<int id="PUV1D4ULDP93KON">1351306134</int>
				<int id="PUVHV1J9EJ833AL">1351306137</int>
			</object>
			<object id="25-05-32">
			</object>
			<object id="25-05-33">
			</object>
			<object id="25-05-34">
			</object>
			<object id="25-05-38">
			</object>
			<object id="25-05-39">
			</object>
		</object>
		<object id="streaking_increments">
			<object id="25-07-08">
				<int id="PHFG6RUSF1D2GQU">1352337933</int>
				<int id="PUVP2EOLH583U8I">1352338088</int>
				<int id="PA9F3EHI36E2JIG">1352338451</int>
				<int id="PUVK4347KHE2JL8">1352338847</int>
				<int id="PUVEQ7MDMGJ2JKD">1352339184</int>
				<int id="PUVMGK6V6D732VR">1352339427</int>
				<int id="PNV32HKO7SD26UH">1352339439</int>
				<int id="PHVERH6QNU621I8">1352339953</int>
				<int id="PHV1RMA6M512IRQ">1352340162</int>
				<int id="PUVHN5UJ40B33BV">1352340178</int>
				<int id="PCRH9GALMUT1VSB">1352340178</int>
				<int id="PA9SFRR0AHD272S">1352340390</int>
				<int id="PUV74JAUJAD3283">1352340442</int>
				<int id="PHFAQB5VH4D2OSK">1352341214</int>
				<int id="PHFQ8BJAR0D28JI">1352341260</int>
				<int id="PUVO3ML08IB38DL">1352341322</int>
				<int id="PUV4UO1A0FB3VQ1">1352341792</int>
				<int id="PUVBJQLIQLB38JN">1352341870</int>
				<int id="PUV6AN3ENFD36C7">1352343510</int>
				<int id="PUV3VPC59MC3DLK">1352343567</int>
				<int id="PUVLFPT60BB3COT">1352344474</int>
				<int id="PUV597GK3RC3SCU">1352344686</int>
				<int id="PUV377T8M9C32F3">1352346116</int>
				<int id="PCRDURAIHUM1915">1352346467</int>
				<int id="PHVSGKDV7SA2FK8">1352347384</int>
				<int id="PUV8NS4TK9E2AOC">1352347745</int>
				<int id="PUVGPNV7OUC3IGQ">1352347846</int>
				<int id="PIF5NT2POK53OQ3">1352348186</int>
				<int id="PIFLC6T4UK63AKI">1352350644</int>
			</object>
			<object id="25-07-09">
				<int id="PUV94S89Q8D3ECC">1352351137</int>
				<int id="PUV1QK9Q61C3SF8">1352351773</int>
				<int id="PUVVE7C5HV93LDE">1352351991</int>
				<int id="PIFCK7G7SH63VO2">1352352191</int>
				<int id="PUVFM30SUAD3SCK">1352352377</int>
				<int id="PHFCUUMNT2D2O0A">1352353370</int>
				<int id="PUV12F0B8QB3L9I">1352353903</int>
				<int id="PUV72P84RQC35AF">1352354009</int>
				<int id="PUVP35P228C3BHL">1352354033</int>
				<int id="PUV2BIBPKHG27EA">1352354128</int>
				<int id="PHFOAB4LPDD2P36">1352355320</int>
				<int id="PHF624MH10D2RFE">1352355526</int>
				<int id="PHVQRJ67Q742FCG">1352355526</int>
				<int id="PUVDML8BPK93CKI">1352355897</int>
				<int id="PCRD62JRHNS185D">1352356247</int>
				<int id="PHV3SOHNMB52ELG">1352357312</int>
				<int id="PUV1CKELDTF2QHB">1352357428</int>
				<int id="PUV50NR5NV93OO1">1352357840</int>
				<int id="PHFTTPBQ52D2EAM">1352359166</int>
				<int id="PUVFQFKLETB3V67">1352359219</int>
				<int id="PUVD1R35GNC3PP0">1352362320</int>
				<int id="PCRF91L4KNS1SSI">1352363861</int>
				<int id="PHF31BRLV4D27G0">1352364244</int>
			</object>
			<object id="25-07-10">
				<int id="PA97KGQJJ7E2G6P">1352365754</int>
				<int id="PHF9QO09H2D2A9L">1352365941</int>
				<int id="PHF8PVSS03D2DRQ">1352366271</int>
				<int id="PHVO2VL5MP02ONH">1352366465</int>
				<int id="PUVH7H58HMC3MF3">1352366599</int>
				<int id="PUV7ABN059B3ATB">1352368866</int>
				<int id="PUVTHU6747D2T1K">1352368871</int>
				<int id="PUV85FBN2DD31B7">1352369235</int>
				<int id="PUV3S0D8N6F2VAH">1352373313</int>
				<int id="PA9G8I2SEJD27U9">1352376264</int>
				<int id="PHFRJ945A3D2FMO">1352376486</int>
				<int id="PUVHPAD7L5N292B">1352377182</int>
				<int id="PHFN8I5UBCD2C6Q">1352377182</int>
				<int id="PUVLC2BEDDE2MGD">1352377695</int>
			</object>
			<object id="25-07-11">
				<int id="PUV750ROV3C3V32">1352379754</int>
				<int id="PHVBQSO3LG22530">1352382052</int>
				<int id="PCR1EB543VS1GVO">1352382159</int>
				<int id="PHFINSK9JCD29H5">1352383149</int>
				<int id="PUV8SJUV3FE2NFN">1352383170</int>
				<int id="PUV22S2QJIF2GFM">1352384871</int>
				<int id="PIF14GJO15D1P84">1352385162</int>
				<int id="PUVHOFNNILC3SMC">1352386767</int>
				<int id="PUVM7T4MH6D3I97">1352387749</int>
				<int id="PHVVO7CASCB21O5">1352389731</int>
				<int id="PHFSL9FTTBD2JQM">1352390154</int>
				<int id="PUVBHQ89NBM2HAR">1352391619</int>
				<int id="PA9TS1I877E2TF3">1352391736</int>
				<int id="PUV7EHQA6SC3P1N">1352391777</int>
				<int id="PHV19SAUGH72GB8">1352392417</int>
				<int id="PHFCANBCI4D289E">1352393324</int>
				<int id="PUVLQGI8HRA3O57">1352393940</int>
			</object>
			<object id="25-07-12">
				<int id="PHFCANBCI4D289E">1352394426</int>
				<int id="PHFVB7UGK2D283T">1352394841</int>
				<int id="PUVSJA5RBIB3N23">1352395255</int>
				<int id="PUVAMQBU51D3DR7">1352396819</int>
				<int id="PUVAQP010NG2DA4">1352397813</int>
				<int id="PUVARJUIHLC324D">1352398531</int>
				<int id="PHFSE0A9D4D2NDB">1352398652</int>
				<int id="PCRD007C83N19S4">1352398859</int>
				<int id="PHVNHAJEDK42187">1352398877</int>
				<int id="PUVUTSGV5JB37FB">1352399859</int>
				<int id="PUVFHVAN48B3FQ4">1352400928</int>
				<int id="PM1DHDD57702U68">1352401296</int>
				<int id="PUVTFJUHH9E22QH">1352402029</int>
				<int id="PUVC50UP84C39AK">1352402541</int>
				<int id="PUV7J6LKDUF2NS8">1352403474</int>
				<int id="PUVS76IBB0S2R71">1352403722</int>
				<int id="PUVKR1NNJ893GSE">1352403777</int>
				<int id="PUV473G116D2GUS">1352405773</int>
				<int id="PUVHFLDEJ7F2LPV">1352405810</int>
				<int id="PA9GRIVLPRD2662">1352406432</int>
				<int id="PUVGK8HBCJB36GN">1352407781</int>
			</object>
			<object id="25-07-13">
				<int id="PHVF1FRMV9929LG">1352408543</int>
				<int id="PUV6DHOV77C347U">1352410474</int>
				<int id="PUVNRUQH83D3N7S">1352410839</int>
				<int id="PUVARN7AG3C3M4T">1352410888</int>
				<int id="PUVJNEJQ6EE2C1E">1352410997</int>
				<int id="PCRP78AI7FV117T">1352411223</int>
				<int id="PHVERH6QNU621I8">1352411249</int>
				<int id="PCR14AIGQJO1V4O">1352411384</int>
				<int id="PHFPIMCPFFD28GR">1352412132</int>
				<int id="PUVSVDEIMTG26B0">1352412422</int>
				<int id="PUV3L1O4G7G2ISS">1352414683</int>
				<int id="PUV3S0D8N6F2VAH">1352415020</int>
				<int id="PA9VHKNCKQD2LUN">1352415831</int>
				<int id="PHFAQB5VH4D2OSK">1352415831</int>
				<int id="PHV3SOHNMB52ELG">1352416016</int>
				<int id="PUV9BBKR19G2T3T">1352416590</int>
				<int id="PUV4DE6TGQB3AE8">1352417031</int>
				<int id="PUVKPDRN60D3H9S">1352417475</int>
				<int id="PHFFAI36B2D228O">1352417830</int>
				<int id="PHFBEJTLUTC22GE">1352418843</int>
				<int id="PHVKVH6RCK42C3J">1352418989</int>
				<int id="PUVD3SLJ12A361Q">1352419073</int>
				<int id="PHFFIBQRICD28H9">1352419201</int>
				<int id="PHV7FR190MB2I9S">1352419886</int>
				<int id="PUVIJ9L2QDE23GC">1352420867</int>
				<int id="PUVJOTQN4DA3PM0">1352421899</int>
				<int id="PUV5FLF16L935CN">1352421954</int>
				<int id="PUV7U3V812C3S7H">1352422243</int>
			</object>
			<object id="25-08-01">
				<int id="PUV9E4JDSTA3253">1352424628</int>
				<int id="PHVEJ3PNVJ8255P">1352424733</int>
				<int id="PUV9JMO5CVB3G24">1352425311</int>
				<int id="PUV9HHGK4G93DRT">1352432662</int>
				<int id="PUVCBVTSC3B3H2M">1352436349</int>
			</object>
			<object id="25-08-03">
				<int id="PUVAK0UTOD8384B">1352457255</int>
			</object>
			<object id="25-08-10">
				<int id="PCRPVFMF8FV1TD1">1352558603</int>
			</object>
			<object id="25-08-16">
				<int id="PHVL1LRBAD92ENO">1352642728</int>
			</object>
			<object id="25-08-20">
				<int id="PUVCBVTSC3B3H2M">1352696525</int>
			</object>
			<object id="25-08-22">
				<int id="PUV8BML177K28HU">1352737066</int>
			</object>
			<object id="25-08-23">
				<int id="PUV8BML177K28HU">1352753157</int>
			</object>
			<object id="25-08-35">
				<int id="PCR2CQ0NIOS1BSK">1352914526</int>
			</object>
			<object id="25-08-36">
				<int id="PUV719FK49G2H7I">1352932870</int>
				<int id="PUVH4JOK59G2BM3">1352936660</int>
			</object>
			<object id="25-08-37">
				<int id="PCR2CQ0NIOS1BSK">1352952928</int>
			</object>
			<object id="25-10-01">
				<int id="PCR2CQ0NIOS1BSK">1353038311</int>
			</object>
			<object id="25-10-11">
				<int id="PCR2CQ0NIOS1BSK">1353177561</int>
			</object>
			<object id="25-10-29">
				<int id="PUV24HS1UHC3H00">1353432677</int>
			</object>
			<object id="25-10-47">
				<int id="PUVB5F5VDPB3AKP">1353697059</int>
			</object>
			<object id="26-03-16">
				<int id="PUV27HCU39B3HUV">1354566423</int>
			</object>
			<object id="26-03-41">
				<int id="PUVJHQIDICJ263U">1354921988</int>
			</object>
			<object id="26-03-46">
				<int id="PUVFEHU904J2T3U">1354991899</int>
			</object>
			<object id="26-03-47">
				<int id="PUVJHQIDICJ263U">1355008687</int>
			</object>
			<object id="26-03-49">
				<int id="PUVJHQIDICJ263U">1355037368</int>
			</object>
			<object id="26-04-01">
				<int id="PIF5NT2POK53OQ3">1355104512</int>
			</object>
		</object>
		<object id="hi_sign_evasion_record">
			<str id="pc_tsid">PHFGMBJBA4D21EG</str>
			<str id="pc_label">Gwyn</str>
			<int id="secs">13</int>
			<int id="when">1353262691</int>
			<int id="version">10</int>
			<str id="day_key">25-10-17</str>
		</object>
		<object id="hi_sign_daily_evasion_record">
			<str id="pc_tsid">PHFGMBJBA4D21EG</str>
			<str id="pc_label">Gwyn</str>
			<int id="secs">13</int>
			<int id="when">1353262691</int>
			<int id="version">10</int>
			<str id="day_key">25-10-17</str>
		</object>
		<object id="incantations_redux">
			<object id="PCR6L4VMU3N1H72">
				<int id="step">1</int>
				<int id="ts">1354918607</int>
			</object>
			<object id="PM1A3P8FSA0242M">
				<int id="step">2</int>
				<int id="ts">1354918608</int>
			</object>
			<object id="PCR4R99KAUT1JQ7">
				<int id="step">3</int>
				<int id="ts">1354918610</int>
			</object>
			<object id="PCRAFRDJFUT1PGB">
				<int id="step">1</int>
				<int id="ts">1354918769</int>
			</object>
			<object id="PUVNCT5TL5D2BB4">
				<int id="step">2</int>
				<int id="ts">1354918785</int>
			</object>
			<object id="PHF6RRQFSTC2DA8">
				<int id="step">1</int>
				<int id="ts">1354919396</int>
			</object>
			<object id="PUVLDBAAO673ORE">
				<int id="step">1</int>
				<int id="ts">1354920647</int>
			</object>
			<object id="PUVTTIURKLC3B30">
				<int id="step">2</int>
				<int id="ts">1354920720</int>
			</object>
			<object id="PHF43603F4D2I2C">
				<int id="step">1</int>
				<int id="ts">1354920816</int>
			</object>
			<object id="PUVPPE5CM583388">
				<int id="step">2</int>
				<int id="ts">1354920832</int>
			</object>
			<object id="PCR31L66BAO1BOV">
				<int id="step">1</int>
				<int id="ts">1354921727</int>
			</object>
			<object id="PUVJHQIDICJ263U">
				<int id="step">1</int>
				<int id="ts">1354921916</int>
			</object>
			<object id="PUV2HGN6GFF2BCL">
				<int id="step">1</int>
				<int id="ts">1354924549</int>
			</object>
			<object id="PUVDU0VDQ0K27IN">
				<int id="step">2</int>
				<int id="ts">1354924556</int>
			</object>
			<object id="PUVR7DBV7JG2E14">
				<int id="step">1</int>
				<int id="ts">1354926127</int>
			</object>
			<object id="PCRE15VHINS1RJI">
				<int id="step">2</int>
				<int id="ts">1354927083</int>
			</object>
			<object id="PA9SGIV1AUD2PNL">
				<int id="step">1</int>
				<int id="ts">1354927121</int>
			</object>
			<object id="PUVTNI1FJH93NPE">
				<int id="step">1</int>
				<int id="ts">1354927509</int>
			</object>
			<object id="PHFINSK9JCD29H5">
				<int id="step">2</int>
				<int id="ts">1354929949</int>
			</object>
			<object id="PUV771P9IME25MS">
				<int id="step">1</int>
				<int id="ts">1354936015</int>
			</object>
			<object id="PUV42LEOBAF2MKD">
				<int id="step">2</int>
				<int id="ts">1354937881</int>
			</object>
			<object id="PUVDP005IKG2P8J">
				<int id="step">1</int>
				<int id="ts">1354943431</int>
			</object>
			<object id="PUVF5CIS8UE2209">
				<int id="step">1</int>
				<int id="ts">1354949389</int>
			</object>
			<object id="PIFLC6T4UK63AKI">
				<int id="step">2</int>
				<int id="ts">1354949390</int>
			</object>
			<object id="PHF624MH10D2RFE">
				<int id="step">3</int>
				<int id="ts">1354949392</int>
			</object>
			<object id="PUVUT9BTUF73Q21">
				<int id="step">1</int>
				<int id="ts">1354952295</int>
			</object>
			<object id="PUVF19AM5H73GDF">
				<int id="step">2</int>
				<int id="ts">1354952297</int>
			</object>
			<object id="PUVLFPVQPP734S4">
				<int id="step">3</int>
				<int id="ts">1354952300</int>
			</object>
			<object id="PUV4TQTEMAH2OIS">
				<int id="step">1</int>
				<int id="ts">1354962957</int>
			</object>
			<object id="PHFVCCQDR3D2FIQ">
				<int id="step">1</int>
				<int id="ts">1354970302</int>
			</object>
			<object id="PHV19OKESO62P13">
				<int id="step">2</int>
				<int id="ts">1354976032</int>
			</object>
			<object id="PUVONSK33OB3H64">
				<int id="step">1</int>
				<int id="ts">1354982939</int>
			</object>
			<object id="PUVVH9UE34837KI">
				<int id="step">2</int>
				<int id="ts">1354982940</int>
			</object>
			<object id="PUVAJKHV28G2BQR">
				<int id="step">3</int>
				<int id="ts">1354982941</int>
			</object>
			<object id="PUVFEHU904J2T3U">
				<int id="step">1</int>
				<int id="ts">1354991831</int>
			</object>
			<object id="PUVFNR598OD3VBH">
				<int id="step">2</int>
				<int id="ts">1354991835</int>
			</object>
			<object id="PUVGMTKO1UC3N7S">
				<int id="step">3</int>
				<int id="ts">1354991838</int>
			</object>
			<object id="PUVJ86DSLSM2BDC">
				<int id="step">1</int>
				<int id="ts">1354995685</int>
			</object>
			<object id="PUVU4M0CBQL20P9">
				<int id="step">2</int>
				<int id="ts">1354995690</int>
			</object>
			<object id="PDOQHB9V1AR2F84">
				<int id="step">3</int>
				<int id="ts">1354995691</int>
			</object>
			<object id="PUVKMVKGUCG2PM3">
				<int id="step">1</int>
				<int id="ts">1354996207</int>
			</object>
			<object id="PIFG988P1S53EGC">
				<int id="step">2</int>
				<int id="ts">1354996256</int>
			</object>
			<object id="PUVUBPJHDUC3HI1">
				<int id="step">3</int>
				<int id="ts">1354996682</int>
			</object>
			<object id="PUV9A16GNTC32U6">
				<int id="step">1</int>
				<int id="ts">1354996686</int>
			</object>
			<object id="PUV7ABN059B3ATB">
				<int id="step">2</int>
				<int id="ts">1354997462</int>
			</object>
			<object id="PUVJGMGHIIA388B">
				<int id="step">1</int>
				<int id="ts">1354998587</int>
			</object>
			<object id="PIF16S80DT53O2K">
				<int id="step">2</int>
				<int id="ts">1354998589</int>
			</object>
			<object id="PA95UHHMLID28OO">
				<int id="step">3</int>
				<int id="ts">1354998590</int>
			</object>
			<object id="PHVP4B1U0H22UNL">
				<int id="step">1</int>
				<int id="ts">1354999308</int>
			</object>
			<object id="PHFK48ANI2D2F12">
				<int id="step">1</int>
				<int id="ts">1355000341</int>
			</object>
		</object>
		<int id="incantations_redux_step">1</int>
	</object>
	<objrefs id="items">
		<objref tsid="IDO5UEPFF31341O" label="Coin"/>
		<objref tsid="IHV38F2HEO83S6P" label="Coin"/>
		<objref tsid="IHV367EGEO83B66" label="Coin"/>
		<objref tsid="IDO5B999F313HL5" label="Coin"/>
		<objref tsid="IHV33HVFEO836R4" label="Coin"/>
		<objref tsid="IHVCA385T723H3L" label="Coin"/>
		<objref tsid="IDO5JRACF3131LJ" label="Coin"/>
		<objref tsid="IHVC7BD4T723GDI" label="Coin"/>
		<objref tsid="IHVC44F3T723SJO" label="Coin"/>
		<objref tsid="IDO5LASCF313J6S" label="Coin"/>
		<objref tsid="IHV31SJFEO83LA0" label="Coin"/>
		<objref tsid="IHV32BMFEO83OL8" label="Coin"/>
		<objref tsid="IDO54CC6F313H36" label="Coin"/>
		<objref tsid="IHV371KGEO83KTN" label="Coin"/>
		<objref tsid="IHV3422GEO831RF" label="Coin"/>
		<objref tsid="IDO5A8N8F3131ES" label="Coin"/>
		<objref tsid="IHV3918HEO832IC" label="Coin"/>
		<objref tsid="IDO59278F3133G7" label="Coin"/>
		<objref tsid="IDO521M5F313C1D" label="Qurazy marker"/>
		<objref tsid="IDO59QF8F313T2T" label="Coin"/>
		<objref tsid="IDO5BOG9F313IS9" label="Coin"/>
		<objref tsid="IHV34J5GEO83FR0" label="Coin"/>
		<objref tsid="IDO57LN7F3133A2" label="Coin"/>
		<objref tsid="IDO56L47F313KPQ" label="Coin"/>
		<objref tsid="IDO5ILSBF313QUH" label="Coin"/>
		<objref tsid="IHV37GOGEO83AIK" label="Coin"/>
		<objref tsid="IHV32VRFEO83K9E" label="Coin"/>
		<objref tsid="IDO5HNDBF313M6P" label="Coin"/>
		<objref tsid="IDO5EJBAF3134LO" label="Coin"/>
		<objref tsid="IDO5F5EAF313N0N" label="Coin"/>
		<objref tsid="IDO586T7F3135C1" label="Coin"/>
		<objref tsid="IDO5N2FDF31345F" label="Coin"/>
		<objref tsid="IHV382VGEO83EQC" label="Coin"/>
		<objref tsid="IDO5ALT8F3131KR" label="Coin"/>
		<objref tsid="IHV36IHGEO83AUU" label="Coin"/>
		<objref tsid="IHV3598GEO83N0N" label="Coin"/>
		<objref tsid="IDO5DDV9F313V1L" label="Coin"/>
		<objref tsid="IHV39TGHEO83FE1" label="Coin"/>
		<objref tsid="IHVC5QV3T723E7O" label="Coin"/>
		<objref tsid="IDO573B7F313U1S" label="Coin"/>
	</objrefs>
	<objrefs id="players">
		<objref tsid="PUVLDBAAO673ORE" label="The Mog"/>
		<objref tsid="PUVU0QOL8MC3LOP" label="sky ninja"/>
		<objref tsid="PDOBV1L0R4U2BF3" label="Fluffy Orange"/>
	</objrefs>
</game_object>
