<game_object tsid="LUVDU3H5COS2S4O" ts="1364234173896" label="Fasena Preserve" class_tsid="town" hubid="120" moteid="9" letime="3g8emq20" rbtime="2soc5hs5" upd_gs="gs6" load_time="2013-03-25 10:45:57.000">
	<object id="dynamic">
		<bool id="jobs_is_locked">false</bool>
		<object id="loading_image">
			<str id="url">streets/2012-04-14/LUVDU3H5COS2S4O_loading_1334451817.jpg</str>
			<int id="w">840</int>
			<int id="h">160</int>
		</object>
		<object id="image">
			<str id="url">streets/2012-04-14/LUVDU3H5COS2S4O_main_1334451819.jpg</str>
			<int id="w">720</int>
			<int id="h">120</int>
		</object>
		<object id="edit_history">
			<str id="1334171000">PIFB7EKKN321MEN:gyoza:locodeco-replace</str>
			<str id="1334255866">tsauth-gyoza:add_street_obj-signposts</str>
			<str id="1334255892">tsauth-gyoza:modify_street_obj-signposts-signpost_1</str>
			<str id="1334256313">PIFB7EKKN321MEN:gyoza:locodeco-replace</str>
			<str id="1334256415">PIFB7EKKN321MEN:gyoza:locodeco-replace</str>
			<str id="1334263586">PCR11BHHPVN1AIQ:Lisa:locodeco-replace</str>
			<str id="1334354751">PCR11BHHPVN1AIQ:Lisa:locodeco-replace</str>
			<str id="1334451501">PIF5NL12S3D1BH3:Jade:locodeco-replace</str>
			<str id="1334451506">PIF5NL12S3D1BH3:Jade:locodeco-replace</str>
			<str id="1334451593">PIF5NL12S3D1BH3:Jade:locodeco-replace</str>
			<str id="1334451661">PIF5NL12S3D1BH3:Jade:locodeco-replace</str>
			<str id="1334451731">PIF5NL12S3D1BH3:Jade:locodeco-replace</str>
			<str id="1334451740">PIF5NL12S3D1BH3:Jade:locodeco-replace</str>
			<str id="1334793211">tsauth-lisa:edit_street_meta</str>
		</object>
		<object id="qurazy">
		</object>
		<bool id="jobs_auto_unlock">false</bool>
		<bool id="no_teleportation">false</bool>
		<bool id="disallow_animals">true</bool>
		<bool id="no_rook">true</bool>
		<object id="delayed_sounds">
		</object>
		<object id="incantations">
			<object id="PUV24RND2U83B75">
				<int id="step">1</int>
				<int id="ts">1350438483</int>
			</object>
			<object id="PHVOMQ3KNQA2QGE">
				<int id="step">1</int>
				<int id="ts">1350439565</int>
			</object>
			<object id="PHVERIL4RP626NI">
				<int id="step">2</int>
				<int id="ts">1350439567</int>
			</object>
			<object id="PHFU9TB1JVC2JE6">
				<int id="step">3</int>
				<int id="ts">1350439570</int>
			</object>
			<object id="PUVNIED25Q93D4F">
				<int id="step">1</int>
				<int id="ts">1350439787</int>
			</object>
			<object id="PA9UEVCBM4E2797">
				<int id="step">1</int>
				<int id="ts">1350440239</int>
			</object>
			<object id="PUVJF5AVKQB3MQ7">
				<int id="step">2</int>
				<int id="ts">1350440242</int>
			</object>
			<object id="PA9MJN05L4E2BUP">
				<int id="step">3</int>
				<int id="ts">1350440243</int>
			</object>
			<object id="PHF7GOMJS1D24NC">
				<int id="step">1</int>
				<int id="ts">1350440591</int>
			</object>
			<object id="PUVFUD1UJRE26GD">
				<int id="step">2</int>
				<int id="ts">1350440594</int>
			</object>
			<object id="PUVI4EDKGAJ207T">
				<int id="step">3</int>
				<int id="ts">1350440596</int>
			</object>
			<object id="PUVDSDFE2JA34CB">
				<int id="step">1</int>
				<int id="ts">1350441242</int>
			</object>
			<object id="PCR91B3UB8N1O3S">
				<int id="step">2</int>
				<int id="ts">1350441244</int>
			</object>
			<object id="PA9JU3J1S1E2OQH">
				<int id="step">3</int>
				<int id="ts">1350441248</int>
			</object>
			<object id="PCRAK4N00CN18NM">
				<int id="step">1</int>
				<int id="ts">1350441913</int>
			</object>
			<object id="PUV2EGMNAHS2OQC">
				<int id="step">1</int>
				<int id="ts">1350443726</int>
			</object>
			<object id="PUVQDDMBDK93H76">
				<int id="step">1</int>
				<int id="ts">1350444645</int>
			</object>
			<object id="PUVEHJQG89N2LRV">
				<int id="step">2</int>
				<int id="ts">1350444648</int>
			</object>
			<object id="PUV72LIAQGM22AJ">
				<int id="step">3</int>
				<int id="ts">1350444654</int>
			</object>
			<object id="PUVG890R54L2CF4">
				<int id="step">1</int>
				<int id="ts">1350446559</int>
			</object>
			<object id="PUVN8LR3HQ63GE4">
				<int id="step">1</int>
				<int id="ts">1350446660</int>
			</object>
			<object id="PIF5ERQF5R61H5F">
				<int id="step">1</int>
				<int id="ts">1350449790</int>
			</object>
			<object id="PHFJAE8FQVC2RNH">
				<int id="step">1</int>
				<int id="ts">1350452125</int>
			</object>
			<object id="PHFCA0VG30D2LVR">
				<int id="step">2</int>
				<int id="ts">1350452128</int>
			</object>
			<object id="PUVCAJTDPFH203K">
				<int id="step">3</int>
				<int id="ts">1350452129</int>
			</object>
			<object id="PUVEJE60JF93OGC">
				<int id="step">1</int>
				<int id="ts">1350453089</int>
			</object>
			<object id="PUVITTM2DA93114">
				<int id="step">1</int>
				<int id="ts">1350453408</int>
			</object>
			<object id="PHFODCHB93D2L7K">
				<int id="step">2</int>
				<int id="ts">1350453412</int>
			</object>
			<object id="PUVGV2K6PBG24Q2">
				<int id="step">3</int>
				<int id="ts">1350453414</int>
			</object>
			<object id="PUVQ0V5KF4H2DL4">
				<int id="step">1</int>
				<int id="ts">1350464296</int>
			</object>
			<object id="PHF9L3JP5BD2R6D">
				<int id="step">1</int>
				<int id="ts">1350464697</int>
			</object>
			<object id="PUV78NOA0G73MM9">
				<int id="step">2</int>
				<int id="ts">1350464701</int>
			</object>
			<object id="PA9QA8RBRPD22NK">
				<int id="step">3</int>
				<int id="ts">1350464705</int>
			</object>
			<object id="PIFB817PKB634JI">
				<int id="step">1</int>
				<int id="ts">1350465537</int>
			</object>
			<object id="PUVB2QOCAGG2LF5">
				<int id="step">2</int>
				<int id="ts">1350474870</int>
			</object>
			<object id="PUVF5CIS8UE2209">
				<int id="step">1</int>
				<int id="ts">1350476659</int>
			</object>
			<object id="PHF624MH10D2RFE">
				<int id="step">2</int>
				<int id="ts">1350476661</int>
			</object>
			<object id="PHFIS28II2D239P">
				<int id="step">3</int>
				<int id="ts">1350476662</int>
			</object>
			<object id="PCRB61FH9SJ1VC4">
				<int id="step">1</int>
				<int id="ts">1350477118</int>
			</object>
			<object id="PUV70B01CBG27J4">
				<int id="step">1</int>
				<int id="ts">1350479460</int>
			</object>
			<object id="PUVJGMGHIIA388B">
				<int id="step">1</int>
				<int id="ts">1350481070</int>
			</object>
			<object id="PHFVN17DD0D2G3V">
				<int id="step">2</int>
				<int id="ts">1350481072</int>
			</object>
			<object id="PHFLM7KOU2D24PL">
				<int id="step">3</int>
				<int id="ts">1350481073</int>
			</object>
			<object id="PUVMCPKNL0F22UT">
				<int id="step">1</int>
				<int id="ts">1350481138</int>
			</object>
			<object id="PHFT6U31UBD2A1I">
				<int id="step">1</int>
				<int id="ts">1350483232</int>
			</object>
			<object id="PIF1AB3PVG63M4B">
				<int id="step">2</int>
				<int id="ts">1350483268</int>
			</object>
			<object id="PA9P7M83LMD2FAO">
				<int id="step">3</int>
				<int id="ts">1350483270</int>
			</object>
			<object id="PA9K8H9L9RD2ISS">
				<int id="step">1</int>
				<int id="ts">1350483391</int>
			</object>
			<object id="PUVTVRH3K1A30EQ">
				<int id="step">2</int>
				<int id="ts">1350490287</int>
			</object>
			<object id="PHF7NSKA3AD2PU5">
				<int id="step">3</int>
				<int id="ts">1350491970</int>
			</object>
			<object id="PHF2VPV503D26FE">
				<int id="step">1</int>
				<int id="ts">1350492103</int>
			</object>
			<object id="PCRE15VHINS1RJI">
				<int id="step">1</int>
				<int id="ts">1350495086</int>
			</object>
			<object id="PCRSVJC3CFV19J7">
				<int id="step">2</int>
				<int id="ts">1350496469</int>
			</object>
			<object id="PHFL7P0N83D2P1R">
				<int id="step">1</int>
				<int id="ts">1350498575</int>
			</object>
			<object id="PHFN8I5UBCD2C6Q">
				<int id="step">2</int>
				<int id="ts">1350498577</int>
			</object>
			<object id="PHF20O01HRC21FP">
				<int id="step">3</int>
				<int id="ts">1350498578</int>
			</object>
			<object id="PUVVLKS22873EOB">
				<int id="step">1</int>
				<int id="ts">1350498941</int>
			</object>
			<object id="PIFRR7G3JJ63RLD">
				<int id="step">2</int>
				<int id="ts">1350498943</int>
			</object>
			<object id="PUVH3TQBJS63O8M">
				<int id="step">3</int>
				<int id="ts">1350500470</int>
			</object>
			<object id="PUVA6OS08S832L9">
				<int id="step">1</int>
				<int id="ts">1350502359</int>
			</object>
			<object id="PHFVCCQDR3D2FIQ">
				<int id="step">1</int>
				<int id="ts">1350502538</int>
			</object>
			<object id="PUVPMQG5849388A">
				<int id="step">2</int>
				<int id="ts">1350503037</int>
			</object>
			<object id="PUV2O7J6I9D207V">
				<int id="step">1</int>
				<int id="ts">1350504640</int>
			</object>
			<object id="PUVFDC083PE2F30">
				<int id="step">1</int>
				<int id="ts">1350504911</int>
			</object>
			<object id="PUVNJCEML7P2ES0">
				<int id="step">1</int>
				<int id="ts">1350505654</int>
			</object>
			<object id="PA9VHKNCKQD2LUN">
				<int id="step">2</int>
				<int id="ts">1350505655</int>
			</object>
			<object id="PUV3JOQHDGB322T">
				<int id="step">3</int>
				<int id="ts">1350505656</int>
			</object>
			<object id="PCR170UMOQL11R0">
				<int id="step">1</int>
				<int id="ts">1350507107</int>
			</object>
			<object id="PIF7PCGSCQ53QR5">
				<int id="step">2</int>
				<int id="ts">1350507114</int>
			</object>
			<object id="PHFRN5FV25D26F7">
				<int id="step">3</int>
				<int id="ts">1350507118</int>
			</object>
			<object id="PHVLEE66STA2M50">
				<int id="step">1</int>
				<int id="ts">1350508026</int>
			</object>
			<object id="PUVQEB5OE6H22K9">
				<int id="step">2</int>
				<int id="ts">1350508110</int>
			</object>
			<object id="PUVOV284NNA3T07">
				<int id="step">1</int>
				<int id="ts">1350508975</int>
			</object>
			<object id="PUVEO0HVO0B3E00">
				<int id="step">2</int>
				<int id="ts">1350508978</int>
			</object>
			<object id="PUV1J3A7QIH2TFF">
				<int id="step">3</int>
				<int id="ts">1350510156</int>
			</object>
			<object id="PUVVE7C5HV93LDE">
				<int id="step">1</int>
				<int id="ts">1350510199</int>
			</object>
			<object id="PUVU9VTHCTE2J62">
				<int id="step">2</int>
				<int id="ts">1350510206</int>
			</object>
			<object id="PUVLFPT60BB3COT">
				<int id="step">3</int>
				<int id="ts">1350510207</int>
			</object>
			<object id="PHFBJB377AD29TL">
				<int id="step">1</int>
				<int id="ts">1350511553</int>
			</object>
			<object id="PHVGI4R40M32RKM">
				<int id="step">2</int>
				<int id="ts">1350511731</int>
			</object>
			<object id="PA9LJFAJSFD245A">
				<int id="step">3</int>
				<int id="ts">1350511761</int>
			</object>
			<object id="PIFSMKNBOG63N0R">
				<int id="step">1</int>
				<int id="ts">1350512210</int>
			</object>
			<object id="PCR14AIGQJO1V4O">
				<int id="step">2</int>
				<int id="ts">1350512213</int>
			</object>
			<object id="PUVS00IIIJ932CP">
				<int id="step">3</int>
				<int id="ts">1350512216</int>
			</object>
			<object id="PHFFVCJKF1D27NI">
				<int id="step">1</int>
				<int id="ts">1350512754</int>
			</object>
			<object id="PUVIS05FIIA3SBO">
				<int id="step">1</int>
				<int id="ts">1350512938</int>
			</object>
			<object id="PHFG6RUSF1D2GQU">
				<int id="step">2</int>
				<int id="ts">1350512938</int>
			</object>
			<object id="PHFTTVBJQ2D2PP8">
				<int id="step">3</int>
				<int id="ts">1350512944</int>
			</object>
			<object id="PIFHIBOVJ6632DF">
				<int id="step">1</int>
				<int id="ts">1350514046</int>
			</object>
			<object id="PUVG6IV8J5F28N1">
				<int id="step">1</int>
				<int id="ts">1350514358</int>
			</object>
			<object id="PDO6QS7KMDT2LJH">
				<int id="step">2</int>
				<int id="ts">1350514363</int>
			</object>
			<object id="PUVCAD6F9A734MT">
				<int id="step">3</int>
				<int id="ts">1350514364</int>
			</object>
			<object id="PHFFIBQRICD28H9">
				<int id="step">1</int>
				<int id="ts">1350516230</int>
			</object>
			<object id="PUV6L7AB0JH22K3">
				<int id="step">2</int>
				<int id="ts">1350516678</int>
			</object>
			<object id="PUVBO94BK8K2SNQ">
				<int id="step">1</int>
				<int id="ts">1350518082</int>
			</object>
			<object id="PUV5RFGF99D2CGE">
				<int id="step">2</int>
				<int id="ts">1350518084</int>
			</object>
			<object id="PUVCK0THA3J2RTL">
				<int id="step">1</int>
				<int id="ts">1350519534</int>
			</object>
			<object id="PHFJVIL04RC2ULD">
				<int id="step">2</int>
				<int id="ts">1350519703</int>
			</object>
			<object id="PHVK2FSFOT22C3I">
				<int id="step">1</int>
				<int id="ts">1350519754</int>
			</object>
			<object id="PHFFAI36B2D228O">
				<int id="step">1</int>
				<int id="ts">1350519861</int>
			</object>
			<object id="PIF2V9ICHO53PFN">
				<int id="step">2</int>
				<int id="ts">1350519865</int>
			</object>
			<object id="PHVRIB04OQA2NMA">
				<int id="step">3</int>
				<int id="ts">1350519868</int>
			</object>
			<object id="PUVPPEC3I683PE4">
				<int id="step">1</int>
				<int id="ts">1350520356</int>
			</object>
			<object id="PUVGI68DJ9G2P24">
				<int id="step">2</int>
				<int id="ts">1350520357</int>
			</object>
			<object id="PM11J0LUK902GQV">
				<int id="step">3</int>
				<int id="ts">1350520363</int>
			</object>
			<object id="PUV10ALD09H22LB">
				<int id="step">1</int>
				<int id="ts">1350520540</int>
			</object>
			<object id="PIF5BEQREL632KO">
				<int id="step">1</int>
				<int id="ts">1350520774</int>
			</object>
			<object id="PM1FUK88Q502Q0E">
				<int id="step">2</int>
				<int id="ts">1350520779</int>
			</object>
			<object id="PUVMU6HARBE2LP3">
				<int id="step">3</int>
				<int id="ts">1350520840</int>
			</object>
			<object id="PUVVEUBT0KE20IO">
				<int id="step">1</int>
				<int id="ts">1350521065</int>
			</object>
			<object id="PHFPRQPJJ2D2NKI">
				<int id="step">1</int>
				<int id="ts">1350521359</int>
			</object>
			<object id="PUV5ECT7ECG2D87">
				<int id="step">1</int>
				<int id="ts">1350521549</int>
			</object>
			<object id="PUVEU98NFTF2C1O">
				<int id="step">1</int>
				<int id="ts">1354915146</int>
			</object>
			<object id="PUVLEOJADLC3GC8">
				<int id="step">1</int>
				<int id="ts">1354916492</int>
			</object>
			<object id="PUVFDCV0HFC32U7">
				<int id="step">2</int>
				<int id="ts">1354916495</int>
			</object>
			<object id="PUVH597T7DC32E1">
				<int id="step">3</int>
				<int id="ts">1354916497</int>
			</object>
		</object>
		<object id="streaking_increments">
			<object id="25-07-08">
				<int id="PUVKB90ND4C32VQ">1352344619</int>
			</object>
			<object id="25-07-09">
				<int id="PHFBAN7Q4TC22VA">1352352550</int>
				<int id="PUV2LHC33FC3CI1">1352357089</int>
				<int id="PHFRJ945A3D2FMO">1352359083</int>
			</object>
			<object id="25-07-11">
				<int id="PUV2JT2UJQ83OQ6">1352389019</int>
			</object>
			<object id="25-07-12">
				<int id="PUV2PGPL55A3V25">1352396092</int>
				<int id="PUV2JT2UJQ83OQ6">1352397242</int>
				<int id="PUVOFTR09HD31HM">1352399654</int>
				<int id="PUVS76IBB0S2R71">1352400868</int>
			</object>
			<object id="26-03-04">
				<int id="PA9TIG5TT8I2V6C">1354390179</int>
			</object>
		</object>
		<object id="incantations_redux">
			<object id="PUVFPDA329C31CD">
				<int id="step">1</int>
				<int id="ts">1354917564</int>
			</object>
			<object id="PUVNQ08H15C3F2V">
				<int id="step">2</int>
				<int id="ts">1354917565</int>
			</object>
			<object id="PUVGDDTPQMC3NJL">
				<int id="step">3</int>
				<int id="ts">1354917568</int>
			</object>
			<object id="PUVIJ7TCMQA3P45">
				<int id="step">1</int>
				<int id="ts">1354919297</int>
			</object>
			<object id="PUVOV284NNA3T07">
				<int id="step">2</int>
				<int id="ts">1354919300</int>
			</object>
			<object id="PUV9IQOTQH931R1">
				<int id="step">3</int>
				<int id="ts">1354919302</int>
			</object>
			<object id="PCR6L4VMU3N1H72">
				<int id="step">1</int>
				<int id="ts">1354919307</int>
			</object>
			<object id="PM1A3P8FSA0242M">
				<int id="step">1</int>
				<int id="ts">1354919315</int>
			</object>
			<object id="PUVP6M2EH9G2Q22">
				<int id="step">1</int>
				<int id="ts">1354924794</int>
			</object>
			<object id="PUV5EVLD0KF2669">
				<int id="step">1</int>
				<int id="ts">1354926237</int>
			</object>
			<object id="PUV4J86UJPC3TEN">
				<int id="step">2</int>
				<int id="ts">1354926238</int>
			</object>
			<object id="PUVBHA1C58C33PQ">
				<int id="step">3</int>
				<int id="ts">1354926239</int>
			</object>
			<object id="PA97PHPM54E2M0U">
				<int id="step">1</int>
				<int id="ts">1354936440</int>
			</object>
			<object id="PA9VHKNCKQD2LUN">
				<int id="step">2</int>
				<int id="ts">1354936442</int>
			</object>
			<object id="PUVKMVKGUCG2PM3">
				<int id="step">3</int>
				<int id="ts">1354936443</int>
			</object>
			<object id="PUVVH9UE34837KI">
				<int id="step">1</int>
				<int id="ts">1354936541</int>
			</object>
			<object id="PUVERUQUIIJ2TCI">
				<int id="step">2</int>
				<int id="ts">1354936544</int>
			</object>
			<object id="PA95UHHMLID28OO">
				<int id="step">3</int>
				<int id="ts">1354936547</int>
			</object>
			<object id="PUVEHJDLLHC3H57">
				<int id="step">1</int>
				<int id="ts">1354938276</int>
			</object>
			<object id="PUVC73GATSC3E92">
				<int id="step">2</int>
				<int id="ts">1354938279</int>
			</object>
			<object id="PUVQEFLSU9C3SN2">
				<int id="step">1</int>
				<int id="ts">1354938634</int>
			</object>
			<object id="PUVE2TGQ79S2VUR">
				<int id="step">1</int>
				<int id="ts">1354966502</int>
			</object>
			<object id="PUVF5CIS8UE2209">
				<int id="step">2</int>
				<int id="ts">1354966503</int>
			</object>
			<object id="PHF624MH10D2RFE">
				<int id="step">3</int>
				<int id="ts">1354966503</int>
			</object>
			<object id="PUVKMJQUODB3L7T">
				<int id="step">1</int>
				<int id="ts">1354973632</int>
			</object>
			<object id="PHFVCCQDR3D2FIQ">
				<int id="step">2</int>
				<int id="ts">1354979362</int>
			</object>
			<object id="PUV42LEOBAF2MKD">
				<int id="step">1</int>
				<int id="ts">1354989512</int>
			</object>
			<object id="PUV3B32Q8JG2DB3">
				<int id="step">1</int>
				<int id="ts">1354995759</int>
			</object>
			<object id="PUVKLU36GOC35IF">
				<int id="step">2</int>
				<int id="ts">1354995762</int>
			</object>
			<object id="PUVLQBGCGSM26QB">
				<int id="step">3</int>
				<int id="ts">1354995762</int>
			</object>
			<object id="PUV8J2EOETF2UFR">
				<int id="step">1</int>
				<int id="ts">1354999719</int>
			</object>
			<object id="PIFG988P1S53EGC">
				<int id="step">2</int>
				<int id="ts">1355000059</int>
			</object>
		</object>
		<int id="incantations_redux_step">2</int>
	</object>
	<objrefs id="items">
		<objref tsid="IUVFD2BSJNT2U0E" label="Fox Ranger"/>
		<objref tsid="IUVA27HQARS2DOH" label="Fox Stop Marker"/>
		<objref tsid="IUV9R2SOARS26SD" label="spawner"/>
		<objref tsid="IUVA063QARS29CO" label="Fox Stop Marker"/>
		<objref tsid="IUVA0K6QARS2DP2" label="Fox Stop Marker"/>
		<objref tsid="IUVA159QARS25J9" label="Fox Stop Marker"/>
		<objref tsid="IUVA1OBQARS2SBV" label="Fox Stop Marker"/>
		<objref tsid="IUVBEDJ65RS2NCR" label="Qurazy marker"/>
	</objrefs>
	<objrefs id="players">
		<objref tsid="PM1L74GEM602JU8" label="Lianne"/>
		<objref tsid="PA9PL2SE11E2JT9" label="Stensöta"/>
	</objrefs>
</game_object>
